READY
RESULT 965
processname:redis groupname:redis pid:1785 channel:stdout
1785:C 05 Apr 2025 09:12:01.138 # oO0OoO0OoO0Oo Redis is starting oO0OoO0OoO0Oo
1785:C 05 Apr 2025 09:12:01.138 # Redis version=5.0.7, bits=64, commit=00000000, modified=0, pid=1785, just started
1785:C 05 Apr 2025 09:12:01.138 # Configuration loaded
1785:M 05 Apr 2025 09:12:01.143 * Running mode=standalone, port=6379.
1785:M 05 Apr 2025 09:12:01.143 # Server initialized
1785:M 05 Apr 2025 09:12:01.144 # WARNING you have Transparent Huge Pages (THP) support enabled in your kernel. This will create latency and memory usage issues with Redis. To fix this issue run the command 'echo never > /sys/kernel/mm/transparent_hugepage/enabled' as root, and add it to your /etc/rc.local in order to retain the setting after a reboot. Redis must be restarted after THP is disabled.
1785:M 05 Apr 2025 09:12:01.179 * DB loaded from disk: 0.035 seconds
1785:M 05 Apr 2025 09:12:01.179 * Ready to accept connections
READY
RESULT 110
processname:rts groupname:rts pid:1790 channel:stdout
2025-04-05T09:12:01.193Z Load environment configuration
READY
RESULT 217
processname:backend groupname:backend pid:1793 channel:stdout
2025-04-05T09:12:01.227Z Load environment configuration
2025-04-05T09:12:01.277Z Running with mongo.
2025-04-05T09:12:01.332Z Waiting for RTS to start ...
READY
RESULT 116
processname:editor groupname:editor pid:1797 channel:stdout
2025-04-05T09:12:01.260Z Load environment configuration
READY
RESULT 322
processname:mongodb groupname:mongodb pid:1786 channel:stdout
{"t":{"$date":"2025-04-05T09:12:01.350Z"},"s":"I",  "c":"CONTROL",  "id":20697,   "ctx":"-","msg":"Renamed existing log file","attr":{"oldLogPath":"/appsmith-stacks/logs/mongodb/db.log","newLogPath":"/appsmith-stacks/logs/mongodb/db.log.2025-04-05T09-12-01"}}
READY
RESULT 246
processname:postgres groupname:postgres pid:1815 channel:stderr
2025-04-05 09:12:01.611 UTC [1815] LOG:  starting PostgreSQL 14.15 (Ubuntu 14.15-1.pgdg20.04+1) on x86_64-pc-linux-gnu, compiled by gcc (Ubuntu 9.4.0-1ubuntu1~20.04.2) 9.4.0, 64-bit
READY
RESULT 154
processname:postgres groupname:postgres pid:1815 channel:stderr
2025-04-05 09:12:01.612 UTC [1815] LOG:  listening on IPv4 address "127.0.0.1", port 5432
READY
RESULT 166
processname:postgres groupname:postgres pid:1815 channel:stderr
2025-04-05 09:12:01.657 UTC [1815] LOG:  listening on Unix socket "/var/run/postgresql/.s.PGSQL.5432"
READY
RESULT 162
processname:postgres groupname:postgres pid:1815 channel:stderr
2025-04-05 09:12:01.829 UTC [1842] LOG:  database system was shut down at 2025-04-05 09:11:58 UTC
READY
RESULT 152
processname:postgres groupname:postgres pid:1815 channel:stderr
2025-04-05 09:12:01.924 UTC [1815] LOG:  database system is ready to accept connections
READY
RESULT 92
processname:editor groupname:editor pid:1797 channel:stdout
/tmp/appsmith/www /opt/appsmith
READY
RESULT 74
processname:editor groupname:editor pid:1797 channel:stdout
/opt/appsmith
READY
RESULT 116
processname:backend groupname:backend pid:1793 channel:stdout
2025-04-05T09:12:02.479Z Waiting for RTS to start ...
READY
RESULT 361
processname:editor groupname:editor pid:1797 channel:stderr
{"level":"info","ts":1743844322.8193066,"msg":"using config from file","file":"/tmp/appsmith/Caddyfile"}
{"level":"warn","ts":1743844322.8206458,"msg":"The nested 'metrics' option inside `servers` is deprecated and will be removed in the next major version. Use the global 'metrics' option instead."}
READY
RESULT 154
processname:editor groupname:editor pid:1797 channel:stderr
{"level":"info","ts":1743844322.8556714,"msg":"adapted config to JSON","adapter":"caddyfile"}
READY
RESULT 105
processname:rts groupname:rts pid:1790 channel:stdout
RTS version v1.66 running at http://localhost:8091
READY
RESULT 78
processname:backend groupname:backend pid:1793 channel:stdout
{"success":true}READY
RESULT 100
processname:backend groupname:backend pid:1793 channel:stdout
2025-04-05T09:12:03.577Z RTS started.
READY
RESULT 165
processname:editor groupname:editor pid:1797 channel:stderr
{"level":"info","ts":1743844324.7726343,"msg":"using config from file","file":"/tmp/appsmith/Caddyfile"}
READY
RESULT 256
processname:editor groupname:editor pid:1797 channel:stderr
{"level":"warn","ts":1743844324.7863257,"msg":"The nested 'metrics' option inside `servers` is deprecated and will be removed in the next major version. Use the global 'metrics' option instead."}
READY
RESULT 153
processname:editor groupname:editor pid:1797 channel:stderr
{"level":"info","ts":1743844324.845255,"msg":"adapted config to JSON","adapter":"caddyfile"}
READY
RESULT 226
processname:editor groupname:editor pid:1797 channel:stderr
{"level":"info","ts":1743844324.8629484,"logger":"admin","msg":"admin endpoint started","address":"0.0.0.0:2019","enforce_origin":false,"origins":["//0.0.0.0:2019"]}
READY
RESULT 207
processname:editor groupname:editor pid:1797 channel:stderr
{"level":"warn","ts":1743844324.863957,"logger":"admin","msg":"admin endpoint on open interface; host checking disabled","address":"0.0.0.0:2019"}
READY
RESULT 208
processname:editor groupname:editor pid:1797 channel:stderr
{"level":"info","ts":1743844324.8705478,"logger":"tls.cache.maintenance","msg":"started background certificate maintenance","cache":"0xc000509680"}
READY
RESULT 268
processname:editor groupname:editor pid:1797 channel:stderr
{"level":"warn","ts":1743844324.9083052,"logger":"http.auto_https","msg":"server is listening only on the HTTP port, so no automatic HTTPS will be applied to this server","server_name":"srv0","http_port":80}
READY
RESULT 3842
processname:editor groupname:editor pid:1797 channel:stderr
{"level":"debug","ts":1743844324.9086905,"logger":"http.auto_https","msg":"adjusted config","tls":{"automation":{"policies":[{}]}},"http":{"servers":{"srv0":{"listen":[":80"],"routes":[{"handle":[{"handler":"vars","root":"/opt/appsmith/editor"}]},{"handle":[{"handler":"vars","log_skip":true}]},{"handle":[{"handler":"vars","log_skip":true}]},{"handle":[{"handler":"headers","response":{"set":{"X-Request-Id":["{http.request.header.X-Request-Id}"]}}}]},{"handle":[{"handler":"headers","response":{"set":{"X-Request-Id":["invalid_request_id"]}}}]},{"handle":[{"handler":"headers","response":{"set":{"Cache-Control":["public, max-age=31536000, immutable"]}}}]},{"handle":[{"handler":"headers","response":{"deferred":true,"delete":["Server"],"set":{"Content-Security-Policy":["frame-ancestors 'self' *"],"X-Appsmith-Request-Id":["{http.request.uuid}"],"X-Content-Type-Options":["nosniff"]}}},{"handler":"request_body","max_size":150000000}]},{"handle":[{"handler":"static_response","headers":{"Location":["/supervisor/"]},"status_code":302}]},{"handle":[{"handler":"rate_limit","rate_limits":{"dynamic_zone":{"key":"{http.request.header.Forwarded}+{http.request.header.X-Forwarded-For}+{http.request.remote.host}","max_events":100,"window":1000000000}}}]},{"handle":[{"handler":"headers","request":{"set":{"X-Request-Id":["invalid_request_id"]}}}]},{"handle":[{"handler":"headers","request":{"delete":["X-Appsmith-Request-Id"]}}]},{"group":"group8","handle":[{"handler":"subroute","routes":[{"handle":[{"canonical_uris":false,"handler":"file_server","hide":["/tmp/appsmith/Caddyfile"],"precompressed":{"br":{},"gzip":{}},"precompressed_order":["br","gzip"]}]}]}]},{"group":"group8","handle":[{"handler":"subroute","routes":[{"handle":[{"handler":"error","status_code":404}]}]}]},{"group":"group8","handle":[{"handler":"subroute","routes":[{"handle":[{"handler":"vars","root":"/opt/appsmith"}]},{"group":"group3","handle":[{"handler":"rewrite","uri":"/info.json"}]},{"handle":[{"canonical_uris":false,"handler":"file_server","hide":["/tmp/appsmith/Caddyfile"],"precompressed":{"br":{},"gzip":{}},"precompressed_order":["br","gzip"]}]}]}]},{"group":"group8","handle":[{"handler":"subroute","routes":[{"handle":[{"handler":"reverse_proxy","headers":{"request":{"delete":["Forwarded"],"set":{"X-Appsmith-Request-Id":["{http.request.uuid}"]}}},"upstreams":[{"dial":"127.0.0.1:8080"}]}]}]}]},{"group":"group8","handle":[{"handler":"subroute","routes":[{"handle":[{"handler":"rewrite","strip_path_prefix":"/supervisor"}]},{"handle":[{"handler":"reverse_proxy","headers":{"request":{"delete":["Forwarded"],"set":{"X-Appsmith-Request-Id":["{http.request.uuid}"]}}},"upstreams":[{"dial":"127.0.0.1:9001"}]}]}]}]},{"group":"group8","handle":[{"handler":"subroute","routes":[{"handle":[{"handler":"reverse_proxy","headers":{"request":{"delete":["Forwarded"],"set":{"X-Appsmith-Request-Id":["{http.request.uuid}"]}}},"upstreams":[{"dial":"127.0.0.1:8091"}]}]}]}]},{"group":"group8","handle":[{"handler":"subroute","routes":[{"handle":[{"handler":"vars","root":"/tmp/appsmith/www"}]},{"handle":[{"handler":"rewrite","uri":"{http.matchers.file.relative}"}],"match":[{"file":{"try_files":["/loading.html","/index.html"]}}]},{"handle":[{"canonical_uris":false,"handler":"file_server","hide":["/tmp/appsmith/Caddyfile"],"precompressed":{"br":{},"gzip":{}},"precompressed_order":["br","gzip"]}]}]}]}],"errors":{"routes":[{"handle":[{"handler":"headers","response":{"deferred":true,"delete":["Server","Cache-Control"]}},{"body":"{http.error.status_code} {http.error.status_text}","handler":"static_response","status_code":"{http.error.status_code}"}]}]},"automatic_https":{"disable":true},"trusted_proxies":{"ranges":["0.0.0.0/0"],"source":"static"},"logs":{"default_logger_name":"log0"}}},"metrics":{}}}
READY
RESULT 664
processname:editor groupname:editor pid:1797 channel:stderr
{"level":"debug","ts":1743844324.9304502,"logger":"http","msg":"starting server loop","address":"[::]:80","tls":false,"http3":false}
{"level":"warn","ts":1743844324.930538,"logger":"http","msg":"HTTP/2 skipped because it requires TLS","network":"tcp","addr":":80"}
{"level":"warn","ts":1743844324.9305515,"logger":"http","msg":"HTTP/3 skipped because it requires TLS","network":"tcp","addr":":80"}
{"level":"info","ts":1743844324.9305575,"logger":"http.log","msg":"server running","name":"srv0","protocols":["h1","h2","h3"]}
{"level":"info","ts":1743844324.9305952,"msg":"serving initial configuration"}
READY
RESULT 342
processname:editor groupname:editor pid:1797 channel:stderr
{"level":"info","ts":1743844325.0616205,"logger":"tls","msg":"storage cleaning happened too recently; skipping for now","storage":"FileStorage:/appsmith-stacks/data/caddy","instance":"8ad3c58a-9f27-4a64-950d-6f48b7035dd5","try_again":1743930725.0616128,"try_again_in":86399.999999}
READY
RESULT 156
processname:editor groupname:editor pid:1797 channel:stderr
{"level":"info","ts":1743844325.0825272,"logger":"tls","msg":"finished cleaning storage units"}
READY
RESULT 118
processname:backend groupname:backend pid:1793 channel:stderr
SLF4J(W): Class path contains multiple SLF4J providers.
READY
RESULT 312
processname:backend groupname:backend pid:1793 channel:stderr
SLF4J(W): Found provider [ch.qos.logback.classic.spi.LogbackServiceProvider@7085bdee]
SLF4J(W): Found provider [org.slf4j.reload4j.Reload4jServiceProvider@1ce92674]
SLF4J(W): See https://www.slf4j.org/codes.html#multiple_bindings for an explanation.
READY
RESULT 160
processname:backend groupname:backend pid:1793 channel:stderr
SLF4J(I): Actual provider is of type [ch.qos.logback.classic.spi.LogbackServiceProvider@7085bdee]
READY
RESULT 288
processname:backend groupname:backend pid:1793 channel:stdout
[2025-04-05 09:12:15,112] [main] requestId= userEmail= traceId= spanId= - Starting ServerApplication vv1.66 using Java 17.0.9 with PID 1793 (/opt/appsmith/server/mongo/server.jar started by root in /opt/appsmith/server/mongo)
READY
RESULT 184
processname:backend groupname:backend pid:1793 channel:stdout
[2025-04-05 09:12:15,150] [main] requestId= userEmail= traceId= spanId= - Running with Spring Boot v3.3.3, Spring v6.1.12
READY
RESULT 184
processname:backend groupname:backend pid:1793 channel:stdout
[2025-04-05 09:12:15,181] [main] requestId= userEmail= traceId= spanId= - The following 1 profile is active: "production"
READY
RESULT 801
processname:editor groupname:editor pid:1797 channel:stderr
{"level":"debug","ts":1743844336.1512594,"logger":"http.handlers.rewrite","msg":"rewrote request","request":{"remote_ip":"::1","remote_port":"56460","client_ip":"::1","proto":"HTTP/1.1","method":"GET","host":"localhost","uri":"/loading.html","headers":{"User-Agent":["curl/7.68.0"],"Accept":["*/*"],"X-Request-Id":["invalid_request_id"]}},"method":"GET","uri":"/loading.html"}
{"level":"debug","ts":1743844336.1513858,"logger":"http.handlers.file_server","msg":"sanitized path join","site_root":"/tmp/appsmith/www","fs":"","request_path":"/loading.html","result":"/tmp/appsmith/www/loading.html"}
{"level":"debug","ts":1743844336.1514583,"logger":"http.handlers.file_server","msg":"opening file","filename":"/tmp/appsmith/www/loading.html"}
READY
RESULT 886
processname:editor groupname:editor pid:1797 channel:stdout
{"level":"info","ts":1743844336.1913245,"logger":"http.log.access.log0","msg":"handled request","request":{"remote_ip":"::1","remote_port":"56460","client_ip":"::1","proto":"HTTP/1.1","method":"GET","host":"localhost","uri":"/","headers":{"User-Agent":["curl/7.68.0"],"Accept":["*/*"]}},"bytes_read":0,"user_id":"","duration":0.034795355,"size":2026,"status":200,"resp_headers":{"Last-Modified":["Sat, 05 Apr 2025 09:11:00 GMT"],"Accept-Ranges":["bytes"],"Content-Length":["2026"],"Content-Type":["text/html; charset=utf-8"],"Etag":["\"d8yl75m94zfy1ka\""],"X-Content-Type-Options":["nosniff"],"Content-Security-Policy":["frame-ancestors 'self' *"],"X-Appsmith-Request-Id":["d012e819-bf1d-490d-b637-2bbf78d69e60"],"X-Request-Id":["invalid_request_id"],"Vary":["Accept-Encoding"]},"uuid":"d012e819-bf1d-490d-b637-2bbf78d69e60"}
READY
RESULT 218
processname:backend groupname:backend pid:1793 channel:stdout
[2025-04-05 09:12:28,847] [main] requestId= userEmail= traceId= spanId= - Multiple Spring Data modules found, entering strict repository configuration mode
READY
RESULT 209
processname:backend groupname:backend pid:1793 channel:stdout
[2025-04-05 09:12:28,855] [main] requestId= userEmail= traceId= spanId= - Bootstrapping Spring Data Reactive MongoDB repositories in DEFAULT mode.
READY
RESULT 238
processname:backend groupname:backend pid:1793 channel:stdout
[2025-04-05 09:12:32,216] [main] requestId= userEmail= traceId= spanId= - Finished Spring Data repository scanning in 3324 ms. Found 45 Reactive MongoDB repository interfaces.
READY
RESULT 886
processname:editor groupname:editor pid:1797 channel:stdout
{"level":"info","ts":1743844353.0328445,"logger":"http.log.access.log0","msg":"handled request","request":{"remote_ip":"::1","remote_port":"49620","client_ip":"::1","proto":"HTTP/1.1","method":"GET","host":"localhost","uri":"/","headers":{"User-Agent":["curl/7.68.0"],"Accept":["*/*"]}},"bytes_read":0,"user_id":"","duration":0.000822429,"size":2026,"status":200,"resp_headers":{"Content-Security-Policy":["frame-ancestors 'self' *"],"X-Content-Type-Options":["nosniff"],"X-Request-Id":["invalid_request_id"],"Accept-Ranges":["bytes"],"Content-Length":["2026"],"Content-Type":["text/html; charset=utf-8"],"Last-Modified":["Sat, 05 Apr 2025 09:11:00 GMT"],"X-Appsmith-Request-Id":["2f3fc2e0-502e-43b2-9b5c-aaab421623ed"],"Vary":["Accept-Encoding"],"Etag":["\"d8yl75m94zfy1ka\""]},"uuid":"2f3fc2e0-502e-43b2-9b5c-aaab421623ed"}
READY
RESULT 800
processname:editor groupname:editor pid:1797 channel:stderr
{"level":"debug","ts":1743844353.0323968,"logger":"http.handlers.rewrite","msg":"rewrote request","request":{"remote_ip":"::1","remote_port":"49620","client_ip":"::1","proto":"HTTP/1.1","method":"GET","host":"localhost","uri":"/loading.html","headers":{"User-Agent":["curl/7.68.0"],"Accept":["*/*"],"X-Request-Id":["invalid_request_id"]}},"method":"GET","uri":"/loading.html"}
{"level":"debug","ts":1743844353.032517,"logger":"http.handlers.file_server","msg":"sanitized path join","site_root":"/tmp/appsmith/www","fs":"","request_path":"/loading.html","result":"/tmp/appsmith/www/loading.html"}
{"level":"debug","ts":1743844353.0325642,"logger":"http.handlers.file_server","msg":"opening file","filename":"/tmp/appsmith/www/loading.html"}
READY
RESULT 222
processname:backend groupname:backend pid:1793 channel:stdout
[2025-04-05 09:12:47,454] [main] requestId= userEmail= traceId= spanId= - OAuth2PropertiesCustomizer: Processing OAuth2 properties early in application startup
READY
RESULT 293
processname:backend groupname:backend pid:1793 channel:stdout
[2025-04-05 09:12:47,455] [main] requestId= userEmail= traceId= spanId= - Found OAuth client ID properties: [spring.security.oauth2.client.registration.github.client-id, spring.security.oauth2.client.registration.google.client-id]
READY
RESULT 801
processname:editor groupname:editor pid:1797 channel:stderr
{"level":"debug","ts":1743844370.2829416,"logger":"http.handlers.rewrite","msg":"rewrote request","request":{"remote_ip":"::1","remote_port":"42260","client_ip":"::1","proto":"HTTP/1.1","method":"GET","host":"localhost","uri":"/loading.html","headers":{"User-Agent":["curl/7.68.0"],"Accept":["*/*"],"X-Request-Id":["invalid_request_id"]}},"method":"GET","uri":"/loading.html"}
{"level":"debug","ts":1743844370.2830348,"logger":"http.handlers.file_server","msg":"sanitized path join","site_root":"/tmp/appsmith/www","fs":"","request_path":"/loading.html","result":"/tmp/appsmith/www/loading.html"}
{"level":"debug","ts":1743844370.2830853,"logger":"http.handlers.file_server","msg":"opening file","filename":"/tmp/appsmith/www/loading.html"}
READY
RESULT 886
processname:editor groupname:editor pid:1797 channel:stdout
{"level":"info","ts":1743844370.2835608,"logger":"http.log.access.log0","msg":"handled request","request":{"remote_ip":"::1","remote_port":"42260","client_ip":"::1","proto":"HTTP/1.1","method":"GET","host":"localhost","uri":"/","headers":{"User-Agent":["curl/7.68.0"],"Accept":["*/*"]}},"bytes_read":0,"user_id":"","duration":0.001106298,"size":2026,"status":200,"resp_headers":{"X-Request-Id":["invalid_request_id"],"Vary":["Accept-Encoding"],"Etag":["\"d8yl75m94zfy1ka\""],"Content-Type":["text/html; charset=utf-8"],"Last-Modified":["Sat, 05 Apr 2025 09:11:00 GMT"],"Accept-Ranges":["bytes"],"Content-Length":["2026"],"X-Content-Type-Options":["nosniff"],"Content-Security-Policy":["frame-ancestors 'self' *"],"X-Appsmith-Request-Id":["3eab3006-59df-43ec-9e47-df2d83b4eb35"]},"uuid":"3eab3006-59df-43ec-9e47-df2d83b4eb35"}
READY
RESULT 237
processname:backend groupname:backend pid:1793 channel:stdout
[2025-04-05 09:12:57,478] [main] requestId= userEmail= traceId= spanId= - Application started with build version v1.66, and commitSha 535792f96afc978a75c053e037caeabc9a5d833b
READY
RESULT 170
processname:backend groupname:backend pid:1793 channel:stdout
[2025-04-05 09:12:58,115] [main] requestId= userEmail= traceId= spanId= - Found MongoDB uri configuring now
READY
RESULT 3014
processname:backend groupname:backend pid:1793 channel:stdout
[2025-04-05 09:13:01,798] [main] requestId= userEmail= traceId= spanId= - MongoClient with metadata {"driver": {"name": "mongo-java-driver|reactive-streams|spring-boot", "version": "5.0.1"}, "os": {"type": "Linux", "name": "Linux", "architecture": "amd64", "version": "5.15.167.4-microsoft-standard-WSL2"}, "platform": "Java/Eclipse Adoptium/17.0.9+9", "env": {"container": {"runtime": "docker"}}} created with settings MongoClientSettings{readPreference=primary, writeConcern=WriteConcern{w=null, wTimeout=null ms, journal=null}, retryWrites=true, retryReads=true, readConcern=ReadConcern{level=null}, credential=MongoCredential{mechanism=null, userName='appsmith', source='appsmith', password=<hidden>, mechanismProperties=<hidden>}, transportSettings=NettyTransportSettings{eventLoopGroup=io.netty.channel.nio.NioEventLoopGroup@26caf4b6, socketChannelClass=null, allocator=null, sslContext=null}, commandListeners=[io.micrometer.core.instrument.binder.mongodb.MongoMetricsCommandListener@1ecd09d5], codecRegistry=ProvidersCodecRegistry{codecProviders=[ValueCodecProvider{}, BsonValueCodecProvider{}, DBRefCodecProvider{}, DBObjectCodecProvider{}, DocumentCodecProvider{}, CollectionCodecProvider{}, IterableCodecProvider{}, MapCodecProvider{}, GeoJsonCodecProvider{}, GridFSFileCodecProvider{}, Jsr310CodecProvider{}, JsonObjectCodecProvider{}, BsonCodecProvider{}, EnumCodecProvider{}, com.mongodb.client.model.mql.ExpressionCodecProvider@4411a0fe, com.mongodb.Jep395RecordCodecProvider@2c750b69, com.mongodb.KotlinCodecProvider@159a0f0e]}, loggerSettings=LoggerSettings{maxDocumentLength=1000}, clusterSettings={hosts=[localhost:27017], srvServiceName=mongodb, mode=SINGLE, requiredClusterType=UNKNOWN, requiredReplicaSetName='null', serverSelector='null', clusterListeners='[]', serverSelectionTimeout='30000 ms', localThreshold='15 ms'}, socketSettings=SocketSettings{connectTimeoutMS=10000, readTimeoutMS=0, receiveBufferSize=0, proxySettings=ProxySettings{host=null, port=null, username=null, password=null}}, heartbeatSocketSettings=SocketSettings{connectTimeoutMS=10000, readTimeoutMS=10000, receiveBufferSize=0, proxySettings=ProxySettings{host=null, port=null, username=null, password=null}}, connectionPoolSettings=ConnectionPoolSettings{maxSize=100, minSize=0, maxWaitTimeMS=120000, maxConnectionLifeTimeMS=0, maxConnectionIdleTimeMS=0, maintenanceInitialDelayMS=0, maintenanceFrequencyMS=60000, connectionPoolListeners=[io.micrometer.core.instrument.binder.mongodb.MongoMetricsConnectionPoolListener@49ea4b65], maxConnecting=2}, serverSettings=ServerSettings{heartbeatFrequencyMS=10000, minHeartbeatFrequencyMS=500, serverListeners='[]', serverMonitorListeners='[]'}, sslSettings=SslSettings{enabled=false, invalidHostNameAllowed=false, context=null}, applicationName='null', compressorList=[], uuidRepresentation=JAVA_LEGACY, serverApi=null, autoEncryptionSettings=null, dnsClient=null, inetAddressResolver=null, contextProvider=null}
READY
RESULT 3604
processname:backend groupname:backend pid:1793 channel:stdout
[2025-04-05 09:13:02,225] [cluster-ClusterId{value='67f0f41c22a0eb48948a61c3', description='null'}-localhost:27017] requestId= userEmail= traceId= spanId= - Exception in monitor thread while connecting to server localhost:27017
com.mongodb.MongoSocketOpenException: Exception opening socket
	at com.mongodb.internal.connection.netty.NettyStream$OpenChannelFutureListener.lambda$operationComplete$1(NettyStream.java:527)
	at com.mongodb.internal.Locks.lambda$withLock$0(Locks.java:33)
	at com.mongodb.internal.Locks.checkedWithLock(Locks.java:45)
	at com.mongodb.internal.Locks.withLock(Locks.java:39)
	at com.mongodb.internal.Locks.withLock(Locks.java:32)
	at com.mongodb.internal.connection.netty.NettyStream$OpenChannelFutureListener.operationComplete(NettyStream.java:514)
	at com.mongodb.internal.connection.netty.NettyStream$OpenChannelFutureListener.operationComplete(NettyStream.java:500)
	at io.netty.util.concurrent.DefaultPromise.notifyListener0(DefaultPromise.java:590)
	at io.netty.util.concurrent.DefaultPromise.notifyListeners0(DefaultPromise.java:583)
	at io.netty.util.concurrent.DefaultPromise.notifyListenersNow(DefaultPromise.java:559)
	at io.netty.util.concurrent.DefaultPromise.notifyListeners(DefaultPromise.java:492)
	at io.netty.util.concurrent.DefaultPromise.setValue0(DefaultPromise.java:636)
	at io.netty.util.concurrent.DefaultPromise.setFailure0(DefaultPromise.java:629)
	at io.netty.util.concurrent.DefaultPromise.tryFailure(DefaultPromise.java:118)
	at io.netty.channel.nio.AbstractNioChannel$AbstractNioUnsafe.fulfillConnectPromise(AbstractNioChannel.java:326)
	at io.netty.channel.nio.AbstractNioChannel$AbstractNioUnsafe.finishConnect(AbstractNioChannel.java:342)
	at io.netty.channel.nio.NioEventLoop.processSelectedKey(NioEventLoop.java:776)
	at io.netty.channel.nio.NioEventLoop.processSelectedKeysOptimized(NioEventLoop.java:724)
	at io.netty.channel.nio.NioEventLoop.processSelectedKeys(NioEventLoop.java:650)
	at io.netty.channel.nio.NioEventLoop.run(NioEventLoop.java:562)
	at io.netty.util.concurrent.SingleThreadEventExecutor$4.run(SingleThreadEventExecutor.java:994)
	at io.netty.util.internal.ThreadExecutorMap$2.run(ThreadExecutorMap.java:74)
	at io.netty.util.concurrent.FastThreadLocalRunnable.run(FastThreadLocalRunnable.java:30)
	at java.base/java.lang.Thread.run(Thread.java:840)
Caused by: io.netty.channel.AbstractChannel$AnnotatedConnectException: Connection refused: localhost/[0:0:0:0:0:0:0:1]:27017
Caused by: java.net.ConnectException: Connection refused
	at java.base/sun.nio.ch.Net.pollConnect(Native Method)
	at java.base/sun.nio.ch.Net.pollConnectNow(Net.java:672)
	at java.base/sun.nio.ch.SocketChannelImpl.finishConnect(SocketChannelImpl.java:946)
	at io.netty.channel.socket.nio.NioSocketChannel.doFinishConnect(NioSocketChannel.java:336)
	at io.netty.channel.nio.AbstractNioChannel$AbstractNioUnsafe.finishConnect(AbstractNioChannel.java:339)
	at io.netty.channel.nio.NioEventLoop.processSelectedKey(NioEventLoop.java:776)
	at io.netty.channel.nio.NioEventLoop.processSelectedKeysOptimized(NioEventLoop.java:724)
	at io.netty.channel.nio.NioEventLoop.processSelectedKeys(NioEventLoop.java:650)
	at io.netty.channel.nio.NioEventLoop.run(NioEventLoop.java:562)
	at io.netty.util.concurrent.SingleThreadEventExecutor$4.run(SingleThreadEventExecutor.java:994)
	at io.netty.util.internal.ThreadExecutorMap$2.run(ThreadExecutorMap.java:74)
	at io.netty.util.concurrent.FastThreadLocalRunnable.run(FastThreadLocalRunnable.java:30)
	at java.base/java.lang.Thread.run(Thread.java:840)
READY
RESULT 656
processname:editor groupname:editor pid:1797 channel:stderr
{"level":"debug","ts":1743844387.2273548,"logger":"http.handlers.rewrite","msg":"rewrote request","request":{"remote_ip":"::1","remote_port":"49562","client_ip":"::1","proto":"HTTP/1.1","method":"GET","host":"localhost","uri":"/loading.html","headers":{"User-Agent":["curl/7.68.0"],"Accept":["*/*"],"X-Request-Id":["invalid_request_id"]}},"method":"GET","uri":"/loading.html"}
{"level":"debug","ts":1743844387.227421,"logger":"http.handlers.file_server","msg":"sanitized path join","site_root":"/tmp/appsmith/www","fs":"","request_path":"/loading.html","result":"/tmp/appsmith/www/loading.html"}
READY
RESULT 886
processname:editor groupname:editor pid:1797 channel:stdout
{"level":"info","ts":1743844387.2281075,"logger":"http.log.access.log0","msg":"handled request","request":{"remote_ip":"::1","remote_port":"49562","client_ip":"::1","proto":"HTTP/1.1","method":"GET","host":"localhost","uri":"/","headers":{"User-Agent":["curl/7.68.0"],"Accept":["*/*"]}},"bytes_read":0,"user_id":"","duration":0.001324807,"size":2026,"status":200,"resp_headers":{"Last-Modified":["Sat, 05 Apr 2025 09:11:00 GMT"],"Accept-Ranges":["bytes"],"X-Content-Type-Options":["nosniff"],"X-Appsmith-Request-Id":["c157ea18-d411-44b6-9d59-ece04b1f8287"],"X-Request-Id":["invalid_request_id"],"Etag":["\"d8yl75m94zfy1ka\""],"Content-Security-Policy":["frame-ancestors 'self' *"],"Vary":["Accept-Encoding"],"Content-Type":["text/html; charset=utf-8"],"Content-Length":["2026"]},"uuid":"c157ea18-d411-44b6-9d59-ece04b1f8287"}
READY
RESULT 204
processname:editor groupname:editor pid:1797 channel:stderr
{"level":"debug","ts":1743844387.2277272,"logger":"http.handlers.file_server","msg":"opening file","filename":"/tmp/appsmith/www/loading.html"}
READY
RESULT 885
processname:editor groupname:editor pid:1797 channel:stdout
{"level":"info","ts":1743844403.372791,"logger":"http.log.access.log0","msg":"handled request","request":{"remote_ip":"::1","remote_port":"40866","client_ip":"::1","proto":"HTTP/1.1","method":"GET","host":"localhost","uri":"/","headers":{"User-Agent":["curl/7.68.0"],"Accept":["*/*"]}},"bytes_read":0,"user_id":"","duration":0.001320407,"size":2026,"status":200,"resp_headers":{"X-Request-Id":["invalid_request_id"],"Etag":["\"d8yl75m94zfy1ka\""],"X-Appsmith-Request-Id":["3fcc8bb5-ac0e-47da-bb2f-69e958db2c5b"],"X-Content-Type-Options":["nosniff"],"Content-Security-Policy":["frame-ancestors 'self' *"],"Vary":["Accept-Encoding"],"Content-Type":["text/html; charset=utf-8"],"Last-Modified":["Sat, 05 Apr 2025 09:11:00 GMT"],"Accept-Ranges":["bytes"],"Content-Length":["2026"]},"uuid":"3fcc8bb5-ac0e-47da-bb2f-69e958db2c5b"}
READY
RESULT 801
processname:editor groupname:editor pid:1797 channel:stderr
{"level":"debug","ts":1743844403.3722088,"logger":"http.handlers.rewrite","msg":"rewrote request","request":{"remote_ip":"::1","remote_port":"40866","client_ip":"::1","proto":"HTTP/1.1","method":"GET","host":"localhost","uri":"/loading.html","headers":{"User-Agent":["curl/7.68.0"],"Accept":["*/*"],"X-Request-Id":["invalid_request_id"]}},"method":"GET","uri":"/loading.html"}
{"level":"debug","ts":1743844403.3722746,"logger":"http.handlers.file_server","msg":"sanitized path join","site_root":"/tmp/appsmith/www","fs":"","request_path":"/loading.html","result":"/tmp/appsmith/www/loading.html"}
{"level":"debug","ts":1743844403.3723192,"logger":"http.handlers.file_server","msg":"opening file","filename":"/tmp/appsmith/www/loading.html"}
READY
RESULT 6544
processname:backend groupname:backend pid:1793 channel:stdout
[2025-04-05 09:13:30,824] [main] requestId= userEmail= traceId= spanId= - MongoClient with metadata {"driver": {"name": "mongo-java-driver|sync|spring-boot", "version": "5.0.1"}, "os": {"type": "Linux", "name": "Linux", "architecture": "amd64", "version": "5.15.167.4-microsoft-standard-WSL2"}, "platform": "Java/Eclipse Adoptium/17.0.9+9", "env": {"container": {"runtime": "docker"}}} created with settings MongoClientSettings{readPreference=primary, writeConcern=WriteConcern{w=null, wTimeout=null ms, journal=null}, retryWrites=true, retryReads=true, readConcern=ReadConcern{level=null}, credential=MongoCredential{mechanism=null, userName='appsmith', source='appsmith', password=<hidden>, mechanismProperties=<hidden>}, transportSettings=NettyTransportSettings{eventLoopGroup=io.netty.channel.nio.NioEventLoopGroup@572c50b6, socketChannelClass=null, allocator=null, sslContext=null}, commandListeners=[io.micrometer.core.instrument.binder.mongodb.MongoMetricsCommandListener@1ecd09d5], codecRegistry=ProvidersCodecRegistry{codecProviders=[ValueCodecProvider{}, BsonValueCodecProvider{}, DBRefCodecProvider{}, DBObjectCodecProvider{}, DocumentCodecProvider{}, CollectionCodecProvider{}, IterableCodecProvider{}, MapCodecProvider{}, GeoJsonCodecProvider{}, GridFSFileCodecProvider{}, Jsr310CodecProvider{}, JsonObjectCodecProvider{}, BsonCodecProvider{}, EnumCodecProvider{}, com.mongodb.client.model.mql.ExpressionCodecProvider@4411a0fe, com.mongodb.Jep395RecordCodecProvider@2c750b69, com.mongodb.KotlinCodecProvider@159a0f0e]}, loggerSettings=LoggerSettings{maxDocumentLength=1000}, clusterSettings={hosts=[localhost:27017], srvServiceName=mongodb, mode=SINGLE, requiredClusterType=UNKNOWN, requiredReplicaSetName='null', serverSelector='null', clusterListeners='[]', serverSelectionTimeout='30000 ms', localThreshold='15 ms'}, socketSettings=SocketSettings{connectTimeoutMS=10000, readTimeoutMS=0, receiveBufferSize=0, proxySettings=ProxySettings{host=null, port=null, username=null, password=null}}, heartbeatSocketSettings=SocketSettings{connectTimeoutMS=10000, readTimeoutMS=10000, receiveBufferSize=0, proxySettings=ProxySettings{host=null, port=null, username=null, password=null}}, connectionPoolSettings=ConnectionPoolSettings{maxSize=100, minSize=0, maxWaitTimeMS=120000, maxConnectionLifeTimeMS=0, maxConnectionIdleTimeMS=0, maintenanceInitialDelayMS=0, maintenanceFrequencyMS=60000, connectionPoolListeners=[io.micrometer.core.instrument.binder.mongodb.MongoMetricsConnectionPoolListener@49ea4b65], maxConnecting=2}, serverSettings=ServerSettings{heartbeatFrequencyMS=10000, minHeartbeatFrequencyMS=500, serverListeners='[]', serverMonitorListeners='[]'}, sslSettings=SslSettings{enabled=false, invalidHostNameAllowed=false, context=null}, applicationName='null', compressorList=[], uuidRepresentation=JAVA_LEGACY, serverApi=null, autoEncryptionSettings=null, dnsClient=null, inetAddressResolver=null, contextProvider=null}
[2025-04-05 09:13:30,810] [cluster-ClusterId{value='67f0f43a22a0eb48948a61c4', description='null'}-localhost:27017] requestId= userEmail= traceId= spanId= - Exception in monitor thread while connecting to server localhost:27017
com.mongodb.MongoSocketOpenException: Exception opening socket
	at com.mongodb.internal.connection.netty.NettyStream$OpenChannelFutureListener.lambda$operationComplete$1(NettyStream.java:527)
	at com.mongodb.internal.Locks.lambda$withLock$0(Locks.java:33)
	at com.mongodb.internal.Locks.checkedWithLock(Locks.java:45)
	at com.mongodb.internal.Locks.withLock(Locks.java:39)
	at com.mongodb.internal.Locks.withLock(Locks.java:32)
	at com.mongodb.internal.connection.netty.NettyStream$OpenChannelFutureListener.operationComplete(NettyStream.java:514)
	at com.mongodb.internal.connection.netty.NettyStream$OpenChannelFutureListener.operationComplete(NettyStream.java:500)
	at io.netty.util.concurrent.DefaultPromise.notifyListener0(DefaultPromise.java:590)
	at io.netty.util.concurrent.DefaultPromise.notifyListeners0(DefaultPromise.java:583)
	at io.netty.util.concurrent.DefaultPromise.notifyListenersNow(DefaultPromise.java:559)
	at io.netty.util.concurrent.DefaultPromise.notifyListeners(DefaultPromise.java:492)
	at io.netty.util.concurrent.DefaultPromise.setValue0(DefaultPromise.java:636)
	at io.netty.util.concurrent.DefaultPromise.setFailure0(DefaultPromise.java:629)
	at io.netty.util.concurrent.DefaultPromise.tryFailure(DefaultPromise.java:118)
	at io.netty.channel.nio.AbstractNioChannel$AbstractNioUnsafe.fulfillConnectPromise(AbstractNioChannel.java:326)
	at io.netty.channel.nio.AbstractNioChannel$AbstractNioUnsafe.finishConnect(AbstractNioChannel.java:342)
	at io.netty.channel.nio.NioEventLoop.processSelectedKey(NioEventLoop.java:776)
	at io.netty.channel.nio.NioEventLoop.processSelectedKeysOptimized(NioEventLoop.java:724)
	at io.netty.channel.nio.NioEventLoop.processSelectedKeys(NioEventLoop.java:650)
	at io.netty.channel.nio.NioEventLoop.run(NioEventLoop.java:562)
	at io.netty.util.concurrent.SingleThreadEventExecutor$4.run(SingleThreadEventExecutor.java:994)
	at io.netty.util.internal.ThreadExecutorMap$2.run(ThreadExecutorMap.java:74)
	at io.netty.util.concurrent.FastThreadLocalRunnable.run(FastThreadLocalRunnable.java:30)
	at java.base/java.lang.Thread.run(Thread.java:840)
Caused by: io.netty.channel.AbstractChannel$AnnotatedConnectException: Connection refused: localhost/[0:0:0:0:0:0:0:1]:27017
Caused by: java.net.ConnectException: Connection refused
	at java.base/sun.nio.ch.Net.pollConnect(Native Method)
	at java.base/sun.nio.ch.Net.pollConnectNow(Net.java:672)
	at java.base/sun.nio.ch.SocketChannelImpl.finishConnect(SocketChannelImpl.java:946)
	at io.netty.channel.socket.nio.NioSocketChannel.doFinishConnect(NioSocketChannel.java:336)
	at io.netty.channel.nio.AbstractNioChannel$AbstractNioUnsafe.finishConnect(AbstractNioChannel.java:339)
	at io.netty.channel.nio.NioEventLoop.processSelectedKey(NioEventLoop.java:776)
	at io.netty.channel.nio.NioEventLoop.processSelectedKeysOptimized(NioEventLoop.java:724)
	at io.netty.channel.nio.NioEventLoop.processSelectedKeys(NioEventLoop.java:650)
	at io.netty.channel.nio.NioEventLoop.run(NioEventLoop.java:562)
	at io.netty.util.concurrent.SingleThreadEventExecutor$4.run(SingleThreadEventExecutor.java:994)
	at io.netty.util.internal.ThreadExecutorMap$2.run(ThreadExecutorMap.java:74)
	at io.netty.util.concurrent.FastThreadLocalRunnable.run(FastThreadLocalRunnable.java:30)
	at java.base/java.lang.Thread.run(Thread.java:840)
READY
RESULT 886
processname:editor groupname:editor pid:1797 channel:stdout
{"level":"info","ts":1743844420.3461463,"logger":"http.log.access.log0","msg":"handled request","request":{"remote_ip":"::1","remote_port":"35022","client_ip":"::1","proto":"HTTP/1.1","method":"GET","host":"localhost","uri":"/","headers":{"Accept":["*/*"],"User-Agent":["curl/7.68.0"]}},"bytes_read":0,"user_id":"","duration":0.005484375,"size":2026,"status":200,"resp_headers":{"X-Request-Id":["invalid_request_id"],"Vary":["Accept-Encoding"],"Etag":["\"d8yl75m94zfy1ka\""],"Accept-Ranges":["bytes"],"Content-Length":["2026"],"X-Appsmith-Request-Id":["9e577013-1fac-4878-9b3e-0ce763855409"],"X-Content-Type-Options":["nosniff"],"Content-Type":["text/html; charset=utf-8"],"Last-Modified":["Sat, 05 Apr 2025 09:11:00 GMT"],"Content-Security-Policy":["frame-ancestors 'self' *"]},"uuid":"9e577013-1fac-4878-9b3e-0ce763855409"}
READY
RESULT 800
processname:editor groupname:editor pid:1797 channel:stderr
{"level":"debug","ts":1743844420.341034,"logger":"http.handlers.rewrite","msg":"rewrote request","request":{"remote_ip":"::1","remote_port":"35022","client_ip":"::1","proto":"HTTP/1.1","method":"GET","host":"localhost","uri":"/loading.html","headers":{"User-Agent":["curl/7.68.0"],"Accept":["*/*"],"X-Request-Id":["invalid_request_id"]}},"method":"GET","uri":"/loading.html"}
{"level":"debug","ts":1743844420.3411286,"logger":"http.handlers.file_server","msg":"sanitized path join","site_root":"/tmp/appsmith/www","fs":"","request_path":"/loading.html","result":"/tmp/appsmith/www/loading.html"}
{"level":"debug","ts":1743844420.3411725,"logger":"http.handlers.file_server","msg":"opening file","filename":"/tmp/appsmith/www/loading.html"}
READY
RESULT 862
processname:backend groupname:backend pid:1793 channel:stdout
[2025-04-05 09:13:42,818] [cluster-ClusterId{value='67f0f41c22a0eb48948a61c3', description='null'}-localhost:27017] requestId= userEmail= traceId= spanId= - Monitor thread successfully connected to server with description ServerDescription{address=localhost:27017, type=REPLICA_SET_PRIMARY, state=CONNECTED, ok=true, minWireVersion=0, maxWireVersion=13, maxDocumentSize=16777216, logicalSessionTimeoutMinutes=30, roundTripTimeNanos=422328585, setName='mr1', canonicalAddress=localhost:27017, hosts=[localhost:27017], passives=[], arbiters=[], primary='localhost:27017', tagSet=TagSet{[]}, electionId=7fffffff0000000000000023, setVersion=1, topologyVersion=TopologyVersion{processId=67f0f3e10162fe326e79eedb, counter=6}, lastWriteDate=Sat Apr 05 09:13:42 UTC 2025, lastUpdateTimeNanos=35758379096628}
READY
RESULT 156
processname:backend groupname:backend pid:1793 channel:stdout
[2025-04-05 09:13:45,601] [main] requestId= userEmail= traceId= spanId= - Enabled plugins: []
READY
RESULT 157
processname:backend groupname:backend pid:1793 channel:stdout
[2025-04-05 09:13:45,612] [main] requestId= userEmail= traceId= spanId= - Disabled plugins: []
READY
RESULT 177
processname:backend groupname:backend pid:1793 channel:stdout
[2025-04-05 09:13:45,666] [main] requestId= userEmail= traceId= spanId= - PF4J version 3.10.0 in 'deployment' mode
READY
RESULT 861
processname:backend groupname:backend pid:1793 channel:stdout
[2025-04-05 09:13:50,943] [cluster-ClusterId{value='67f0f43a22a0eb48948a61c4', description='null'}-localhost:27017] requestId= userEmail= traceId= spanId= - Monitor thread successfully connected to server with description ServerDescription{address=localhost:27017, type=REPLICA_SET_PRIMARY, state=CONNECTED, ok=true, minWireVersion=0, maxWireVersion=13, maxDocumentSize=16777216, logicalSessionTimeoutMinutes=30, roundTripTimeNanos=45109618, setName='mr1', canonicalAddress=localhost:27017, hosts=[localhost:27017], passives=[], arbiters=[], primary='localhost:27017', tagSet=TagSet{[]}, electionId=7fffffff0000000000000023, setVersion=1, topologyVersion=TopologyVersion{processId=67f0f3e10162fe326e79eedb, counter=6}, lastWriteDate=Sat Apr 05 09:13:42 UTC 2025, lastUpdateTimeNanos=35766573645893}
READY
RESULT 185
processname:backend groupname:backend pid:1793 channel:stdout
[2025-04-05 09:13:52,140] [main] requestId= userEmail= traceId= spanId= - Plugin 'appsmithai-plugin@1.0-SNAPSHOT' resolved
READY
RESULT 3069
processname:backend groupname:backend pid:1793 channel:stdout
[2025-04-05 09:13:52,140] [main] requestId= userEmail= traceId= spanId= - Plugin 'saas-plugin@1.0-SNAPSHOT' resolved
[2025-04-05 09:13:52,140] [main] requestId= userEmail= traceId= spanId= - Plugin 'google-sheets-plugin@1.0-SNAPSHOT' resolved
[2025-04-05 09:13:52,141] [main] requestId= userEmail= traceId= spanId= - Plugin 'js-plugin@1.0-SNAPSHOT' resolved
[2025-04-05 09:13:52,141] [main] requestId= userEmail= traceId= spanId= - Plugin 'oracle-plugin@1.0-SNAPSHOT' resolved
[2025-04-05 09:13:52,141] [main] requestId= userEmail= traceId= spanId= - Plugin 'smtp-plugin@1.0-SNAPSHOT' resolved
[2025-04-05 09:13:52,141] [main] requestId= userEmail= traceId= spanId= - Plugin 'amazons3-plugin@1.0-SNAPSHOT' resolved
[2025-04-05 09:13:52,141] [main] requestId= userEmail= traceId= spanId= - Plugin 'mysql-plugin@1.0-SNAPSHOT' resolved
[2025-04-05 09:13:52,141] [main] requestId= userEmail= traceId= spanId= - Plugin 'restapi-plugin@1.0-SNAPSHOT' resolved
[2025-04-05 09:13:52,141] [main] requestId= userEmail= traceId= spanId= - Plugin 'postgres-plugin@1.0-SNAPSHOT' resolved
[2025-04-05 09:13:52,141] [main] requestId= userEmail= traceId= spanId= - Plugin 'googleai-plugin@1.0-SNAPSHOT' resolved
[2025-04-05 09:13:52,142] [main] requestId= userEmail= traceId= spanId= - Plugin 'snowflake-plugin@1.0-SNAPSHOT' resolved
[2025-04-05 09:13:52,142] [main] requestId= userEmail= traceId= spanId= - Plugin 'anthropic-plugin@1.0-SNAPSHOT' resolved
[2025-04-05 09:13:52,142] [main] requestId= userEmail= traceId= spanId= - Plugin 'elasticsearch-plugin@1.0-SNAPSHOT' resolved
[2025-04-05 09:13:52,142] [main] requestId= userEmail= traceId= spanId= - Plugin 'mssql-plugin@1.0-SNAPSHOT' resolved
[2025-04-05 09:13:52,142] [main] requestId= userEmail= traceId= spanId= - Plugin 'redshift-plugin@1.0-SNAPSHOT' resolved
[2025-04-05 09:13:52,142] [main] requestId= userEmail= traceId= spanId= - Plugin 'mongo-plugin@1.0-SNAPSHOT' resolved
[2025-04-05 09:13:52,142] [main] requestId= userEmail= traceId= spanId= - Plugin 'databricks-plugin@1.0-SNAPSHOT' resolved
[2025-04-05 09:13:52,142] [main] requestId= userEmail= traceId= spanId= - Plugin 'graphql-plugin@1.0-SNAPSHOT' resolved
[2025-04-05 09:13:52,142] [main] requestId= userEmail= traceId= spanId= - Plugin 'aws-lambda-plugin@1.0-SNAPSHOT' resolved
[2025-04-05 09:13:52,142] [main] requestId= userEmail= traceId= spanId= - Plugin 'openai-plugin@1.0-SNAPSHOT' resolved
[2025-04-05 09:13:52,142] [main] requestId= userEmail= traceId= spanId= - Plugin 'dynamo-plugin@1.0-SNAPSHOT' resolved
[2025-04-05 09:13:52,142] [main] requestId= userEmail= traceId= spanId= - Plugin 'arangodb-plugin@1.0-SNAPSHOT' resolved
[2025-04-05 09:13:52,143] [main] requestId= userEmail= traceId= spanId= - Plugin 'redis-plugin@1.0-SNAPSHOT' resolved
[2025-04-05 09:13:52,143] [main] requestId= userEmail= traceId= spanId= - Plugin 'firestore-plugin@1.0-SNAPSHOT' resolved
[2025-04-05 09:13:52,143] [main] requestId= userEmail= traceId= spanId= - Start plugin 'appsmithai-plugin@1.0-SNAPSHOT'
READY
RESULT 176
processname:backend groupname:backend pid:1793 channel:stdout
[2025-04-05 09:13:52,189] [main] requestId= userEmail= traceId= spanId= - Start plugin 'saas-plugin@1.0-SNAPSHOT'
READY
RESULT 185
processname:backend groupname:backend pid:1793 channel:stdout
[2025-04-05 09:13:52,204] [main] requestId= userEmail= traceId= spanId= - Start plugin 'google-sheets-plugin@1.0-SNAPSHOT'
READY
RESULT 174
processname:backend groupname:backend pid:1793 channel:stdout
[2025-04-05 09:13:52,228] [main] requestId= userEmail= traceId= spanId= - Start plugin 'js-plugin@1.0-SNAPSHOT'
READY
RESULT 410
processname:backend groupname:backend pid:1793 channel:stdout
[2025-04-05 09:13:52,241] [main] requestId= userEmail= traceId= spanId= - Start plugin 'oracle-plugin@1.0-SNAPSHOT'
[2025-04-05 09:13:52,262] [main] requestId= userEmail= traceId= spanId= - Start plugin 'smtp-plugin@1.0-SNAPSHOT'
[2025-04-05 09:13:52,265] [main] requestId= userEmail= traceId= spanId= - Start plugin 'amazons3-plugin@1.0-SNAPSHOT'
READY
RESULT 177
processname:backend groupname:backend pid:1793 channel:stdout
[2025-04-05 09:13:52,282] [main] requestId= userEmail= traceId= spanId= - Start plugin 'mysql-plugin@1.0-SNAPSHOT'
READY
RESULT 179
processname:backend groupname:backend pid:1793 channel:stdout
[2025-04-05 09:13:52,309] [main] requestId= userEmail= traceId= spanId= - Start plugin 'restapi-plugin@1.0-SNAPSHOT'
READY
RESULT 180
processname:backend groupname:backend pid:1793 channel:stdout
[2025-04-05 09:13:52,312] [main] requestId= userEmail= traceId= spanId= - Start plugin 'postgres-plugin@1.0-SNAPSHOT'
READY
RESULT 180
processname:backend groupname:backend pid:1793 channel:stdout
[2025-04-05 09:13:52,341] [main] requestId= userEmail= traceId= spanId= - Start plugin 'googleai-plugin@1.0-SNAPSHOT'
READY
RESULT 181
processname:backend groupname:backend pid:1793 channel:stdout
[2025-04-05 09:13:52,343] [main] requestId= userEmail= traceId= spanId= - Start plugin 'snowflake-plugin@1.0-SNAPSHOT'
READY
RESULT 181
processname:backend groupname:backend pid:1793 channel:stdout
[2025-04-05 09:13:52,455] [main] requestId= userEmail= traceId= spanId= - Start plugin 'anthropic-plugin@1.0-SNAPSHOT'
READY
RESULT 185
processname:backend groupname:backend pid:1793 channel:stdout
[2025-04-05 09:13:52,457] [main] requestId= userEmail= traceId= spanId= - Start plugin 'elasticsearch-plugin@1.0-SNAPSHOT'
READY
RESULT 177
processname:backend groupname:backend pid:1793 channel:stdout
[2025-04-05 09:13:52,470] [main] requestId= userEmail= traceId= spanId= - Start plugin 'mssql-plugin@1.0-SNAPSHOT'
READY
RESULT 180
processname:backend groupname:backend pid:1793 channel:stdout
[2025-04-05 09:13:52,487] [main] requestId= userEmail= traceId= spanId= - Start plugin 'redshift-plugin@1.0-SNAPSHOT'
READY
RESULT 177
processname:backend groupname:backend pid:1793 channel:stdout
[2025-04-05 09:13:52,503] [main] requestId= userEmail= traceId= spanId= - Start plugin 'mongo-plugin@1.0-SNAPSHOT'
READY
RESULT 182
processname:backend groupname:backend pid:1793 channel:stdout
[2025-04-05 09:13:52,522] [main] requestId= userEmail= traceId= spanId= - Start plugin 'databricks-plugin@1.0-SNAPSHOT'
READY
RESULT 179
processname:backend groupname:backend pid:1793 channel:stdout
[2025-04-05 09:13:52,565] [main] requestId= userEmail= traceId= spanId= - Start plugin 'graphql-plugin@1.0-SNAPSHOT'
READY
RESULT 182
processname:backend groupname:backend pid:1793 channel:stdout
[2025-04-05 09:13:52,567] [main] requestId= userEmail= traceId= spanId= - Start plugin 'aws-lambda-plugin@1.0-SNAPSHOT'
READY
RESULT 178
processname:backend groupname:backend pid:1793 channel:stdout
[2025-04-05 09:13:52,808] [main] requestId= userEmail= traceId= spanId= - Start plugin 'openai-plugin@1.0-SNAPSHOT'
READY
RESULT 178
processname:backend groupname:backend pid:1793 channel:stdout
[2025-04-05 09:13:52,822] [main] requestId= userEmail= traceId= spanId= - Start plugin 'dynamo-plugin@1.0-SNAPSHOT'
READY
RESULT 414
processname:backend groupname:backend pid:1793 channel:stdout
[2025-04-05 09:13:52,840] [main] requestId= userEmail= traceId= spanId= - Start plugin 'arangodb-plugin@1.0-SNAPSHOT'
[2025-04-05 09:13:52,843] [main] requestId= userEmail= traceId= spanId= - Start plugin 'redis-plugin@1.0-SNAPSHOT'
[2025-04-05 09:13:52,856] [main] requestId= userEmail= traceId= spanId= - Start plugin 'firestore-plugin@1.0-SNAPSHOT'
READY
RESULT 882
processname:editor groupname:editor pid:1797 channel:stdout
{"level":"info","ts":1743844436.9049087,"logger":"http.log.access.log0","msg":"handled request","request":{"remote_ip":"::1","remote_port":"48390","client_ip":"::1","proto":"HTTP/1.1","method":"GET","host":"localhost","uri":"/","headers":{"User-Agent":["curl/7.68.0"],"Accept":["*/*"]}},"bytes_read":0,"user_id":"","duration":0.00088,"size":2026,"status":200,"resp_headers":{"Last-Modified":["Sat, 05 Apr 2025 09:11:00 GMT"],"Content-Length":["2026"],"X-Content-Type-Options":["nosniff"],"Vary":["Accept-Encoding"],"Content-Type":["text/html; charset=utf-8"],"Etag":["\"d8yl75m94zfy1ka\""],"Accept-Ranges":["bytes"],"X-Appsmith-Request-Id":["2e0c5595-1b85-448e-a0e9-02e26c52f29d"],"Content-Security-Policy":["frame-ancestors 'self' *"],"X-Request-Id":["invalid_request_id"]},"uuid":"2e0c5595-1b85-448e-a0e9-02e26c52f29d"}
READY
RESULT 799
processname:editor groupname:editor pid:1797 channel:stderr
{"level":"debug","ts":1743844436.904441,"logger":"http.handlers.rewrite","msg":"rewrote request","request":{"remote_ip":"::1","remote_port":"48390","client_ip":"::1","proto":"HTTP/1.1","method":"GET","host":"localhost","uri":"/loading.html","headers":{"User-Agent":["curl/7.68.0"],"Accept":["*/*"],"X-Request-Id":["invalid_request_id"]}},"method":"GET","uri":"/loading.html"}
{"level":"debug","ts":1743844436.904538,"logger":"http.handlers.file_server","msg":"sanitized path join","site_root":"/tmp/appsmith/www","fs":"","request_path":"/loading.html","result":"/tmp/appsmith/www/loading.html"}
{"level":"debug","ts":1743844436.9045842,"logger":"http.handlers.file_server","msg":"opening file","filename":"/tmp/appsmith/www/loading.html"}
READY
RESULT 575
processname:backend groupname:backend pid:1793 channel:stdout
[2025-04-05 09:14:11,700] [main] requestId= userEmail= traceId= spanId= - A MeterFilter is being configured after a Meter has been registered to this registry. All MeterFilters should be configured before any Meters are registered. If that is not possible or you have a use case where it should be allowed, let the Micrometer maintainers know at https://github.com/micrometer-metrics/micrometer/issues/4920. Enable DEBUG level logging on this logger to see a stack trace of the call configuring this MeterFilter.
READY
RESULT 801
processname:editor groupname:editor pid:1797 channel:stderr
{"level":"debug","ts":1743844453.5423193,"logger":"http.handlers.rewrite","msg":"rewrote request","request":{"remote_ip":"::1","remote_port":"51548","client_ip":"::1","proto":"HTTP/1.1","method":"GET","host":"localhost","uri":"/loading.html","headers":{"Accept":["*/*"],"X-Request-Id":["invalid_request_id"],"User-Agent":["curl/7.68.0"]}},"method":"GET","uri":"/loading.html"}
{"level":"debug","ts":1743844453.5424159,"logger":"http.handlers.file_server","msg":"sanitized path join","site_root":"/tmp/appsmith/www","fs":"","request_path":"/loading.html","result":"/tmp/appsmith/www/loading.html"}
{"level":"debug","ts":1743844453.5424643,"logger":"http.handlers.file_server","msg":"opening file","filename":"/tmp/appsmith/www/loading.html"}
READY
RESULT 886
processname:editor groupname:editor pid:1797 channel:stdout
{"level":"info","ts":1743844453.5428233,"logger":"http.log.access.log0","msg":"handled request","request":{"remote_ip":"::1","remote_port":"51548","client_ip":"::1","proto":"HTTP/1.1","method":"GET","host":"localhost","uri":"/","headers":{"User-Agent":["curl/7.68.0"],"Accept":["*/*"]}},"bytes_read":0,"user_id":"","duration":0.000981355,"size":2026,"status":200,"resp_headers":{"Content-Type":["text/html; charset=utf-8"],"Last-Modified":["Sat, 05 Apr 2025 09:11:00 GMT"],"Accept-Ranges":["bytes"],"Content-Length":["2026"],"Content-Security-Policy":["frame-ancestors 'self' *"],"X-Appsmith-Request-Id":["3efc30f2-305c-4318-8d00-9359605400a4"],"X-Content-Type-Options":["nosniff"],"Etag":["\"d8yl75m94zfy1ka\""],"X-Request-Id":["invalid_request_id"],"Vary":["Accept-Encoding"]},"uuid":"3efc30f2-305c-4318-8d00-9359605400a4"}
READY
RESULT 176
processname:backend groupname:backend pid:1793 channel:stdout
[2025-04-05 09:14:17,724] [main] requestId= userEmail= traceId= spanId= - Mongock runner COMMUNITY version[5.1.6]
READY
RESULT 597
processname:backend groupname:backend pid:1793 channel:stdout
[2025-04-05 09:14:17,725] [main] requestId= userEmail= traceId= spanId= - Running Mongock with NO metadata
[2025-04-05 09:14:17,725] [main] requestId= userEmail= traceId= spanId= - Property transaction-enabled not provided. It will become true as default in next versions. Set explicit value to false in case transaction are not desired.
[2025-04-05 09:14:17,725] [main] requestId= userEmail= traceId= spanId= - Property transaction-enabled not provided, but driver is transactionable. BY DEFAULT MONGOCK WILL RUN IN TRANSACTION MODE.
READY
RESULT 207
processname:backend groupname:backend pid:1793 channel:stdout
[2025-04-05 09:14:18,631] [main] requestId= userEmail= traceId= spanId= - Reflections took 731 ms to scan 1 urls, producing 6 keys and 88 values
READY
RESULT 207
processname:backend groupname:backend pid:1793 channel:stdout
[2025-04-05 09:14:18,861] [main] requestId= userEmail= traceId= spanId= - Reflections took 129 ms to scan 1 urls, producing 6 keys and 88 values
READY
RESULT 171
processname:backend groupname:backend pid:1793 channel:stdout
[2025-04-05 09:14:22,416] [main] requestId= userEmail= traceId= spanId= - Mongock trying to acquire the lock
READY
RESULT 198
processname:backend groupname:backend pid:1793 channel:stdout
[2025-04-05 09:14:22,858] [main] requestId= userEmail= traceId= spanId= - Mongock acquired the lock until: Sat Apr 05 09:15:22 UTC 2025
READY
RESULT 172
processname:backend groupname:backend pid:1793 channel:stdout
[2025-04-05 09:14:22,859] [Thread-3] requestId= userEmail= traceId= spanId= - Starting mongock lock daemon...
READY
RESULT 222
processname:backend groupname:backend pid:1793 channel:stdout
[2025-04-05 09:14:23,077] [main] requestId= userEmail= traceId= spanId= - Mongock starting the data migration sequence id[2025-04-05T09:14:17.208968974-710]...
READY
RESULT 284
processname:backend groupname:backend pid:1793 channel:stdout
[2025-04-05 09:14:23,095] [main] requestId= userEmail= traceId= spanId= - PASSED OVER - {"id"="initialize-schema-version", "type"="execution", "author"="", "class"="DatabaseChangelog0", "method"="initializeSchemaVersion"}
READY
RESULT 265
processname:backend groupname:backend pid:1793 channel:stdout
[2025-04-05 09:14:23,107] [main] requestId= userEmail= traceId= spanId= - PASSED OVER - {"id"="initial-plugins", "type"="execution", "author"="", "class"="DatabaseChangelog1", "method"="initialPlugins"}
READY
RESULT 9683
processname:backend groupname:backend pid:1793 channel:stdout
[2025-04-05 09:14:23,108] [main] requestId= userEmail= traceId= spanId= - PASSED OVER - {"id"="initial-indexes", "type"="execution", "author"="", "class"="DatabaseChangelog1", "method"="addInitialIndexes"}
[2025-04-05 09:14:23,108] [main] requestId= userEmail= traceId= spanId= - PASSED OVER - {"id"="set-initial-sequence-for-datasource", "type"="execution", "author"="", "class"="DatabaseChangelog1", "method"="setInitialSequenceForDatasource"}
[2025-04-05 09:14:23,108] [main] requestId= userEmail= traceId= spanId= - PASSED OVER - {"id"="set-plugin-image-and-docs-link", "type"="execution", "author"="", "class"="DatabaseChangelog1", "method"="setPluginImageAndDocsLink"}
[2025-04-05 09:14:23,108] [main] requestId= userEmail= traceId= spanId= - PASSED OVER - {"id"="install-mysql-plugins", "type"="execution", "author"="", "class"="DatabaseChangelog1", "method"="mysqlPlugin"}
[2025-04-05 09:14:23,108] [main] requestId= userEmail= traceId= spanId= - PASSED OVER - {"id"="update-database-documentation-links", "type"="execution", "author"="", "class"="DatabaseChangelog1", "method"="updateDatabaseDocumentationLinks"}
[2025-04-05 09:14:23,108] [main] requestId= userEmail= traceId= spanId= - PASSED OVER - {"id"="generate-unique-id-for-instance", "type"="execution", "author"="", "class"="DatabaseChangelog1", "method"="generateUniqueIdForInstance"}
[2025-04-05 09:14:23,108] [main] requestId= userEmail= traceId= spanId= - PASSED OVER - {"id"="fix-password-reset-token-expiration", "type"="execution", "author"="", "class"="DatabaseChangelog1", "method"="fixTokenExpiration"}
[2025-04-05 09:14:23,108] [main] requestId= userEmail= traceId= spanId= - PASSED OVER - {"id"="add-elastic-search-plugin", "type"="execution", "author"="", "class"="DatabaseChangelog1", "method"="addElasticSearchPlugin"}
[2025-04-05 09:14:23,108] [main] requestId= userEmail= traceId= spanId= - PASSED OVER - {"id"="add-dynamo-plugin", "type"="execution", "author"="", "class"="DatabaseChangelog1", "method"="addDynamoPlugin"}
[2025-04-05 09:14:23,108] [main] requestId= userEmail= traceId= spanId= - PASSED OVER - {"id"="use-png-logos", "type"="execution", "author"="", "class"="DatabaseChangelog1", "method"="usePngLogos"}
[2025-04-05 09:14:23,108] [main] requestId= userEmail= traceId= spanId= - PASSED OVER - {"id"="add-redis-plugin", "type"="execution", "author"="", "class"="DatabaseChangelog1", "method"="addRedisPlugin"}
[2025-04-05 09:14:23,109] [main] requestId= userEmail= traceId= spanId= - PASSED OVER - {"id"="add-msSql-plugin", "type"="execution", "author"="", "class"="DatabaseChangelog1", "method"="addMsSqlPlugin"}
[2025-04-05 09:14:23,109] [main] requestId= userEmail= traceId= spanId= - PASSED OVER - {"id"="createNewPageIndexAfterDroppingNewPage", "type"="execution", "author"="", "class"="DatabaseChangelog1", "method"="addNewPageIndexAfterDroppingNewPage"}
[2025-04-05 09:14:23,109] [main] requestId= userEmail= traceId= spanId= - PASSED OVER - {"id"="createNewActionIndexAfterDroppingNewAction", "type"="execution", "author"="", "class"="DatabaseChangelog1", "method"="addNewActionIndexAfterDroppingNewAction"}
[2025-04-05 09:14:23,109] [main] requestId= userEmail= traceId= spanId= - PASSED OVER - {"id"="new-page-new-action-add-indexes", "type"="execution", "author"="", "class"="DatabaseChangelog1", "method"="addNewPageAndNewActionNewIndexes"}
[2025-04-05 09:14:23,109] [main] requestId= userEmail= traceId= spanId= - PASSED OVER - {"id"="update-action-index-to-single-multiple-indices", "type"="execution", "author"="", "class"="DatabaseChangelog1", "method"="updateActionIndexToSingleMultipleIndices"}
[2025-04-05 09:14:23,109] [main] requestId= userEmail= traceId= spanId= - PASSED OVER - {"id"="add-firestore-plugin", "type"="execution", "author"="", "class"="DatabaseChangelog1", "method"="addFirestorePlugin"}
[2025-04-05 09:14:23,109] [main] requestId= userEmail= traceId= spanId= - PASSED OVER - {"id"="add-redshift-plugin", "type"="execution", "author"="", "class"="DatabaseChangelog1", "method"="addRedshiftPlugin"}
[2025-04-05 09:14:23,109] [main] requestId= userEmail= traceId= spanId= - PASSED OVER - {"id"="clear-userdata-collection", "type"="execution", "author"="", "class"="DatabaseChangelog1", "method"="clearUserDataCollection"}
[2025-04-05 09:14:23,109] [main] requestId= userEmail= traceId= spanId= - PASSED OVER - {"id"="update-database-documentation-links-v1-2-1", "type"="execution", "author"="", "class"="DatabaseChangelog1", "method"="updateDatabaseDocumentationLinks_v1_2_1"}
[2025-04-05 09:14:23,109] [main] requestId= userEmail= traceId= spanId= - PASSED OVER - {"id"="add-amazons3-plugin", "type"="execution", "author"="", "class"="DatabaseChangelog1", "method"="addAmazonS3Plugin"}
[2025-04-05 09:14:23,109] [main] requestId= userEmail= traceId= spanId= - PASSED OVER - {"id"="update-plugin-datasource-form-components", "type"="execution", "author"="", "class"="DatabaseChangelog1", "method"="updatePluginDatasourceFormComponents"}
[2025-04-05 09:14:23,109] [main] requestId= userEmail= traceId= spanId= - PASSED OVER - {"id"="update-s3-datasource-configuration-and-label", "type"="execution", "author"="", "class"="DatabaseChangelog1", "method"="updateS3DatasourceConfigurationAndLabel"}
[2025-04-05 09:14:23,109] [main] requestId= userEmail= traceId= spanId= - PASSED OVER - {"id"="add-google-sheets-plugin", "type"="execution", "author"="", "class"="DatabaseChangelog1", "method"="addGoogleSheetsPlugin"}
[2025-04-05 09:14:23,109] [main] requestId= userEmail= traceId= spanId= - PASSED OVER - {"id"="mark-instance-unregistered", "type"="execution", "author"="", "class"="DatabaseChangelog1", "method"="markInstanceAsUnregistered"}
[2025-04-05 09:14:23,110] [main] requestId= userEmail= traceId= spanId= - PASSED OVER - {"id"="add-snowflake-plugin", "type"="execution", "author"="", "class"="DatabaseChangelog1", "method"="addSnowflakePlugin"}
[2025-04-05 09:14:23,110] [main] requestId= userEmail= traceId= spanId= - PASSED OVER - {"id"="add-arangodb-plugin", "type"="execution", "author"="", "class"="DatabaseChangelog1", "method"="addArangoDBPlugin"}
[2025-04-05 09:14:23,110] [main] requestId= userEmail= traceId= spanId= - PASSED OVER - {"id"="set-svg-logo-to-plugins", "type"="execution", "author"="", "class"="DatabaseChangelog1", "method"="setSvgLogoToPluginIcons"}
[2025-04-05 09:14:23,110] [main] requestId= userEmail= traceId= spanId= - PASSED OVER - {"id"="create-plugin-reference-for-genarate-CRUD-page", "type"="execution", "author"="", "class"="DatabaseChangelog1", "method"="createPluginReferenceForGenerateCRUDPage"}
[2025-04-05 09:14:23,110] [main] requestId= userEmail= traceId= spanId= - PASSED OVER - {"id"="create-plugin-reference-for-S3-GSheet-genarate-CRUD-page", "type"="execution", "author"="", "class"="DatabaseChangelog1", "method"="createPluginReferenceForS3AndGSheetGenerateCRUDPage"}
[2025-04-05 09:14:23,110] [main] requestId= userEmail= traceId= spanId= - PASSED OVER - {"id"="add-js-plugin", "type"="execution", "author"="", "class"="DatabaseChangelog1", "method"="addJSPlugin"}
[2025-04-05 09:14:23,110] [main] requestId= userEmail= traceId= spanId= - PASSED OVER - {"id"="update-plugin-package-name-index", "type"="execution", "author"="", "class"="DatabaseChangelog1", "method"="updatePluginPackageNameIndexToPluginNamePackageNameAndVersion"}
[2025-04-05 09:14:23,110] [main] requestId= userEmail= traceId= spanId= - PASSED OVER - {"id"="migrate-s3-to-uqi", "type"="execution", "author"="", "class"="DatabaseChangelog1", "method"="migrateS3PluginToUqi"}
[2025-04-05 09:14:23,110] [main] requestId= userEmail= traceId= spanId= - PASSED OVER - {"id"="add-smtp-plugin", "type"="execution", "author"="", "class"="DatabaseChangelog1", "method"="addSmtpPluginPlugin"}
[2025-04-05 09:14:23,110] [main] requestId= userEmail= traceId= spanId= - PASSED OVER - {"id"="add-google-sheets-plugin-name", "type"="execution", "author"="", "class"="DatabaseChangelog1", "method"="addPluginNameForGoogleSheets"}
[2025-04-05 09:14:23,110] [main] requestId= userEmail= traceId= spanId= - PASSED OVER - {"id"="migrate-firestore-to-uqi", "type"="execution", "author"="", "class"="DatabaseChangelog1", "method"="migrateFirestorePluginToUqi"}
[2025-04-05 09:14:23,110] [main] requestId= userEmail= traceId= spanId= - PASSED OVER - {"id"="migrate-firestore-to-uqi-3", "type"="execution", "author"="", "class"="DatabaseChangelog1", "method"="migrateFirestorePluginToUqi3"}
[2025-04-05 09:14:23,110] [main] requestId= userEmail= traceId= spanId= - PASSED OVER - {"id"="update-index-for-git", "type"="execution", "author"="", "class"="DatabaseChangelog1", "method"="updateGitIndexes"}
[2025-04-05 09:14:23,110] [main] requestId= userEmail= traceId= spanId= - PASSED OVER - {"id"="use-assets-cdn-for-plugin-icons", "type"="execution", "author"="", "class"="DatabaseChangelog1", "method"="useAssetsCDNForPluginIcons"}
[2025-04-05 09:14:23,111] [main] requestId= userEmail= traceId= spanId= - PASSED OVER - {"id"="update-index-for-newAction-actionCollection-userData", "type"="execution", "author"="", "class"="DatabaseChangelog1", "method"="updateNewActionActionCollectionAndUserDataIndexes"}
[2025-04-05 09:14:23,111] [main] requestId= userEmail= traceId= spanId= - PASSED OVER - {"id"="mark-mssql-crud-unavailable", "type"="execution", "author"="", "class"="DatabaseChangelog1", "method"="markMSSQLCrudUnavailable"}
[2025-04-05 09:14:23,111] [main] requestId= userEmail= traceId= spanId= - PASSED OVER - {"id"="update-index-for-newAction-actionCollection", "type"="execution", "author"="", "class"="DatabaseChangelog1", "method"="updateNewActionActionCollectionIndexes"}
READY
RESULT 2275
processname:backend groupname:backend pid:1793 channel:stdout
[2025-04-05 09:14:23,124] [main] requestId= userEmail= traceId= spanId= - PASSED OVER - {"id"="fix-plugin-title-casing", "type"="execution", "author"="", "class"="DatabaseChangelog2", "method"="fixPluginTitleCasing"}
[2025-04-05 09:14:23,124] [main] requestId= userEmail= traceId= spanId= - PASSED OVER - {"id"="update-git-indexes", "type"="execution", "author"="", "class"="DatabaseChangelog2", "method"="addIndexesForGit"}
[2025-04-05 09:14:23,125] [main] requestId= userEmail= traceId= spanId= - PASSED OVER - {"id"="add-workspace-indexes", "type"="execution", "author"="", "class"="DatabaseChangelog2", "method"="addWorkspaceIndexes"}
[2025-04-05 09:14:23,125] [main] requestId= userEmail= traceId= spanId= - PASSED OVER - {"id"="add-default-tenant", "type"="execution", "author"="", "class"="DatabaseChangelog2", "method"="addDefaultTenant"}
[2025-04-05 09:14:23,125] [main] requestId= userEmail= traceId= spanId= - PASSED OVER - {"id"="organization-to-workspace-indexes-recreate", "type"="execution", "author"="", "class"="DatabaseChangelog2", "method"="organizationToWorkspaceIndexesRecreate"}
[2025-04-05 09:14:23,125] [main] requestId= userEmail= traceId= spanId= - PASSED OVER - {"id"="flush-spring-redis-keys-2a", "type"="execution", "author"="", "class"="DatabaseChangelog2", "method"="clearRedisCache2"}
[2025-04-05 09:14:23,125] [main] requestId= userEmail= traceId= spanId= - PASSED OVER - {"id"="add-anonymousUser", "type"="execution", "author"="", "class"="DatabaseChangelog2", "method"="addAnonymousUser"}
[2025-04-05 09:14:23,126] [main] requestId= userEmail= traceId= spanId= - PASSED OVER - {"id"="add-instance-config-object", "type"="execution", "author"="", "class"="DatabaseChangelog2", "method"="addInstanceConfigurationPlaceHolder"}
[2025-04-05 09:14:23,126] [main] requestId= userEmail= traceId= spanId= - PASSED OVER - {"id"="add-anonymous-user-permission-group", "type"="execution", "author"="", "class"="DatabaseChangelog2", "method"="addAnonymousUserPermissionGroup"}
[2025-04-05 09:14:23,126] [main] requestId= userEmail= traceId= spanId= - PASSED OVER - {"id"="create-themes-indices", "type"="execution", "author"="", "class"="DatabaseChangelog2", "method"="createThemesIndices"}
READY
RESULT 234
processname:backend groupname:backend pid:1793 channel:stdout
[2025-04-05 09:14:23,705] [main] requestId= userEmail= traceId= spanId= - method[createSystemThemes3] with arguments: [org.springframework.data.mongodb.core.MongoTemplate]
READY
RESULT 277
processname:backend groupname:backend pid:1793 channel:stdout
[2025-04-05 09:14:26,624] [main] requestId= userEmail= traceId= spanId= - RE-APPLIED - {"id"="create-system-themes-v3", "type"="execution", "author"="", "class"="DatabaseChangelog2", "method"="createSystemThemes3"}
READY
RESULT 2928
processname:backend groupname:backend pid:1793 channel:stdout
[2025-04-05 09:14:26,624] [main] requestId= userEmail= traceId= spanId= - PASSED OVER - {"id"="create-indices-on-permissions-for-performance", "type"="execution", "author"="", "class"="DatabaseChangelog2", "method"="addPermissionGroupIndex"}
[2025-04-05 09:14:26,625] [main] requestId= userEmail= traceId= spanId= - PASSED OVER - {"id"="update-bad-theme-state", "type"="execution", "author"="", "class"="DatabaseChangelog2", "method"="updateBadThemeState"}
[2025-04-05 09:14:26,625] [main] requestId= userEmail= traceId= spanId= - PASSED OVER - {"id"="add-tenant-admin-permissions-instance-admin", "type"="execution", "author"="", "class"="DatabaseChangelog2", "method"="addTenantAdminPermissionsToInstanceAdmin"}
[2025-04-05 09:14:26,625] [main] requestId= userEmail= traceId= spanId= - PASSED OVER - {"id"="add-graphql-plugin", "type"="execution", "author"="", "class"="DatabaseChangelog2", "method"="addGraphQLPlugin"}
[2025-04-05 09:14:26,625] [main] requestId= userEmail= traceId= spanId= - PASSED OVER - {"id"="indices-recommended-by-mongodb-cloud", "type"="execution", "author"="", "class"="DatabaseChangelog2", "method"="addIndicesRecommendedByMongoCloud"}
[2025-04-05 09:14:26,625] [main] requestId= userEmail= traceId= spanId= - PASSED OVER - {"id"="add-unique-index-for-uidstring", "type"="execution", "author"="", "class"="DatabaseChangelog2", "method"="addUniqueIndexOnUidString"}
[2025-04-05 09:14:26,625] [main] requestId= userEmail= traceId= spanId= - PASSED OVER - {"id"="change-readPermissionGroup-to-readPermissionGroupMembers", "type"="execution", "author"="", "class"="DatabaseChangelog2", "method"="modifyReadPermissionGroupToReadPermissionGroupMembers"}
[2025-04-05 09:14:26,626] [main] requestId= userEmail= traceId= spanId= - PASSED OVER - {"id"="delete-permissions-in-permissionGroups", "type"="execution", "author"="", "class"="DatabaseChangelog2", "method"="deletePermissionsInPermissionGroups"}
[2025-04-05 09:14:26,626] [main] requestId= userEmail= traceId= spanId= - PASSED OVER - {"id"="remove-usage-pulses-for-appsmith-cloud", "type"="execution", "author"="", "class"="DatabaseChangelog2", "method"="removeUsagePulsesForAppsmithCloud"}
[2025-04-05 09:14:26,626] [main] requestId= userEmail= traceId= spanId= - PASSED OVER - {"id"="add-ssl-mode-settings-for-existing-mssql-datasources", "type"="execution", "author"="", "class"="DatabaseChangelog2", "method"="addSslModeSettingsForExistingMssqlDatasource"}
[2025-04-05 09:14:26,626] [main] requestId= userEmail= traceId= spanId= - PASSED OVER - {"id"="add-oracle-plugin", "type"="execution", "author"="", "class"="DatabaseChangelog2", "method"="addOraclePlugin"}
[2025-04-05 09:14:26,626] [main] requestId= userEmail= traceId= spanId= - PASSED OVER - {"id"="update-oracle-plugin-name", "type"="execution", "author"="", "class"="DatabaseChangelog2", "method"="updateOraclePluginName"}
READY
RESULT 300
processname:backend groupname:backend pid:1793 channel:stdout
[2025-04-05 09:14:26,643] [main] requestId= userEmail= traceId= spanId= - method[com.appsmith.server.migrations.db.ce.Migration003AddInstanceNameToTenantConfiguration] with arguments: [org.springframework.data.mongodb.core.MongoTemplate]
READY
RESULT 373
processname:backend groupname:backend pid:1793 channel:stdout
[2025-04-05 09:14:26,644] [main] requestId= userEmail= traceId= spanId= - PASSED OVER - {"id"="add-instance-name-env-variable-tenant-configuration", "type"="execution", "author"="default_author", "class"="Migration003AddInstanceNameToTenantConfiguration", "method"="addInstanceNameEnvVarToTenantConfiguration"}
READY
RESULT 306
processname:backend groupname:backend pid:1793 channel:stdout
[2025-04-05 09:14:26,662] [main] requestId= userEmail= traceId= spanId= - method[com.appsmith.server.migrations.db.ce.Migration004PermissionGroupDefaultWorkspaceIdMigration] with arguments: [org.springframework.data.mongodb.core.MongoTemplate]
READY
RESULT 362
processname:backend groupname:backend pid:1793 channel:stdout
[2025-04-05 09:14:26,662] [main] requestId= userEmail= traceId= spanId= - PASSED OVER - {"id"="migrate-default-workspace-id-to-default-domain-id", "type"="execution", "author"="default_author", "class"="Migration004PermissionGroupDefaultWorkspaceIdMigration", "method"="defaultWorkspaceIdMigration"}
READY
RESULT 306
processname:backend groupname:backend pid:1793 channel:stdout
[2025-04-05 09:14:26,678] [main] requestId= userEmail= traceId= spanId= - method[com.appsmith.server.migrations.db.ce.Migration005CreateIndexForApplicationSnapshotMigration] with arguments: [org.springframework.data.mongodb.core.MongoTemplate]
READY
RESULT 863
processname:backend groupname:backend pid:1793 channel:stdout
[2025-04-05 09:14:26,679] [main] requestId= userEmail= traceId= spanId= - PASSED OVER - {"id"="create-index-for-application-snapshot-collection", "type"="execution", "author"="default_author", "class"="Migration005CreateIndexForApplicationSnapshotMigration", "method"="addIndexOnApplicationIdAndChunkOrder"}
[2025-04-05 09:14:26,683] [main] requestId= userEmail= traceId= spanId= - method[com.appsmith.server.migrations.db.ce.Migration006ResetOnPageLoadEdgesInLayouts] with arguments: [org.springframework.data.mongodb.core.MongoTemplate]
[2025-04-05 09:14:26,683] [main] requestId= userEmail= traceId= spanId= - PASSED OVER - {"id"="reset-on-page-load-edges-in-layouts", "type"="execution", "author"="default_author", "class"="Migration006ResetOnPageLoadEdgesInLayouts", "method"="executeMigration"}
READY
RESULT 1118
processname:backend groupname:backend pid:1793 channel:stdout
[2025-04-05 09:14:26,698] [main] requestId= userEmail= traceId= spanId= - method[com.appsmith.server.migrations.db.ce.Migration007OptOutUnsupportedPluginsForAirGap] with arguments: [org.springframework.data.mongodb.core.MongoTemplate]
[2025-04-05 09:14:26,699] [main] requestId= userEmail= traceId= spanId= - PASSED OVER - {"id"="opt-out-unsupported-plugins-airgap-instance", "type"="execution", "author"="default_author", "class"="Migration007OptOutUnsupportedPluginsForAirGap", "method"="optOutUnsupportedPluginsForAirGapInstance"}
[2025-04-05 09:14:26,703] [main] requestId= userEmail= traceId= spanId= - method[com.appsmith.server.migrations.db.ce.Migration008SupportNonHostedPluginsForAirgap] with arguments: [org.springframework.data.mongodb.core.MongoTemplate]
[2025-04-05 09:14:26,704] [main] requestId= userEmail= traceId= spanId= - PASSED OVER - {"id"="support-non-self-hosted-plugins-for-airgap", "type"="execution", "author"="default_author", "class"="Migration008SupportNonHostedPluginsForAirgap", "method"="supportNonHostedPluginsForAirgap"}
READY
RESULT 2238
processname:backend groupname:backend pid:1793 channel:stdout
[2025-04-05 09:14:26,718] [main] requestId= userEmail= traceId= spanId= - method[com.appsmith.server.migrations.db.ce.Migration009UpdateOracleLogoToSVG] with arguments: [org.springframework.data.mongodb.core.MongoTemplate]
[2025-04-05 09:14:26,719] [main] requestId= userEmail= traceId= spanId= - PASSED OVER - {"id"="update-oracle-logo-to-svg", "type"="execution", "author"="default_author", "class"="Migration009UpdateOracleLogoToSVG", "method"="updateOracleLogoToSVG"}
[2025-04-05 09:14:26,734] [main] requestId= userEmail= traceId= spanId= - method[com.appsmith.server.migrations.db.ce.Migration010UpdatePluginDocsLink] with arguments: [org.springframework.data.mongodb.core.MongoTemplate]
[2025-04-05 09:14:26,735] [main] requestId= userEmail= traceId= spanId= - PASSED OVER - {"id"="update-plugins-docs-link", "type"="execution", "author"="default_author", "class"="Migration010UpdatePluginDocsLink", "method"="updatePluginDocumentationLinks"}
[2025-04-05 09:14:26,738] [main] requestId= userEmail= traceId= spanId= - method[com.appsmith.server.migrations.db.ce.Migration011CreateIndexDefaultDomainIdDefaultDomainTypeDropIndexDefaultWorkspaceId] with arguments: [org.springframework.data.mongodb.core.MongoTemplate]
[2025-04-05 09:14:26,750] [main] requestId= userEmail= traceId= spanId= - PASSED OVER - {"id"="create-index-default-domain-id-default-domain-type", "type"="execution", "author"="default_author", "class"="Migration011CreateIndexDefaultDomainIdDefaultDomainTypeDropIndexDefaultWorkspaceId", "method"="createNewIndexDefaultDomainIdDefaultDomainTypeAndDropOldIndexDefaultWorkspaceId"}
[2025-04-05 09:14:26,803] [main] requestId= userEmail= traceId= spanId= - method[com.appsmith.server.migrations.db.ce.Migration012RemoveStructureFromWithinDatasource] with arguments: [org.springframework.data.mongodb.core.MongoOperations, org.springframework.data.mongodb.core.MongoTemplate]
[2025-04-05 09:14:26,804] [main] requestId= userEmail= traceId= spanId= - PASSED OVER - {"id"="remove-structure-from-within-datasource-modified", "type"="execution", "author"="default_author", "class"="Migration012RemoveStructureFromWithinDatasource", "method"="executeMigration"}
READY
RESULT 11635
processname:backend groupname:backend pid:1793 channel:stdout
[2025-04-05 09:14:26,817] [main] requestId= userEmail= traceId= spanId= - method[com.appsmith.server.migrations.db.ce.Migration013AddEmailBodyTypeToSMTPPlugin] with arguments: [org.springframework.data.mongodb.core.MongoTemplate]
[2025-04-05 09:14:26,818] [main] requestId= userEmail= traceId= spanId= - PASSED OVER - {"id"="add-smtp-email-body-type", "type"="execution", "author"="default_author", "class"="Migration013AddEmailBodyTypeToSMTPPlugin", "method"="addSmtpEmailBodyType"}
[2025-04-05 09:14:26,831] [main] requestId= userEmail= traceId= spanId= - method[com.appsmith.server.migrations.db.ce.Migration014AddIndexToDatasourceStorage] with arguments: [org.springframework.data.mongodb.core.MongoTemplate]
[2025-04-05 09:14:26,832] [main] requestId= userEmail= traceId= spanId= - PASSED OVER - {"id"="index-for-datasource-storage", "type"="execution", "author"="default_author", "class"="Migration014AddIndexToDatasourceStorage", "method"="addingIndexToDatasourceStorage"}
[2025-04-05 09:14:26,834] [main] requestId= userEmail= traceId= spanId= - method[com.appsmith.server.migrations.db.ce.Migration015AddPluginTypeIndexToNewActionCollection] with arguments: [org.springframework.data.mongodb.core.MongoTemplate]
[2025-04-05 09:14:26,835] [main] requestId= userEmail= traceId= spanId= - PASSED OVER - {"id"="app-id-plugin-type-index-for-new-action", "type"="execution", "author"="default_author", "class"="Migration015AddPluginTypeIndexToNewActionCollection", "method"="addingIndexToNewAction"}
[2025-04-05 09:14:26,849] [main] requestId= userEmail= traceId= spanId= - method[com.appsmith.server.migrations.db.ce.Migration016RenameIndexesWithLongNames] with arguments: [org.springframework.data.mongodb.core.MongoTemplate]
[2025-04-05 09:14:26,849] [main] requestId= userEmail= traceId= spanId= - PASSED OVER - {"id"="rename-indexes-with-long-names", "type"="execution", "author"="default_author", "class"="Migration016RenameIndexesWithLongNames", "method"="executeMigration"}
[2025-04-05 09:14:26,863] [main] requestId= userEmail= traceId= spanId= - method[com.appsmith.server.migrations.db.ce.Migration017UnsetEncryptionVersion2Fields] with arguments: [org.springframework.data.mongodb.core.MongoTemplate]
[2025-04-05 09:14:26,864] [main] requestId= userEmail= traceId= spanId= - PASSED OVER - {"id"="unset-not-encrypted-encryption-version-2-fields", "type"="execution", "author"="default_author", "class"="Migration017UnsetEncryptionVersion2Fields", "method"="executeMigration"}
[2025-04-05 09:14:26,867] [main] requestId= userEmail= traceId= spanId= - method[com.appsmith.server.migrations.db.ce.Migration018UpdateOraclePluginDocumentationLink] with arguments: [org.springframework.data.mongodb.core.MongoTemplate]
[2025-04-05 09:14:26,867] [main] requestId= userEmail= traceId= spanId= - PASSED OVER - {"id"="update-oracle-doc-link", "type"="execution", "author"="default_author", "class"="Migration018UpdateOraclePluginDocumentationLink", "method"="updateOracleDocumentationLink"}
[2025-04-05 09:14:26,880] [main] requestId= userEmail= traceId= spanId= - method[com.appsmith.server.migrations.db.ce.Migration019RemoveNullEnvIdDatasourceStructureDocuments] with arguments: [org.springframework.data.mongodb.core.MongoTemplate]
[2025-04-05 09:14:26,881] [main] requestId= userEmail= traceId= spanId= - PASSED OVER - {"id"="delete-null-envId-key-document", "type"="execution", "author"="default_author", "class"="Migration019RemoveNullEnvIdDatasourceStructureDocuments", "method"="executeMigration"}
[2025-04-05 09:14:26,911] [main] requestId= userEmail= traceId= spanId= - method[com.appsmith.server.migrations.db.ce.Migration021MoveGoogleMapsKeyToTenantConfiguration] with arguments: [org.springframework.data.mongodb.core.MongoTemplate, com.appsmith.server.configurations.CommonConfig]
[2025-04-05 09:14:26,911] [main] requestId= userEmail= traceId= spanId= - PASSED OVER - {"id"="move-google-maps-key-to-tenant-configuration", "type"="execution", "author"="default_author", "class"="Migration021MoveGoogleMapsKeyToTenantConfiguration", "method"="executeMigration"}
[2025-04-05 09:14:26,914] [main] requestId= userEmail= traceId= spanId= - method[com.appsmith.server.migrations.db.ce.Migration022AddConnectionMethodDefaultValueToAllMySQLDatasources] with arguments: [org.springframework.data.mongodb.core.MongoTemplate]
[2025-04-05 09:14:26,915] [main] requestId= userEmail= traceId= spanId= - PASSED OVER - {"id"="add-connection-method-default-value-for-mysql", "type"="execution", "author"="default_author", "class"="Migration022AddConnectionMethodDefaultValueToAllMySQLDatasources", "method"="updateConnectionMethodDefaultValueForMySQL"}
[2025-04-05 09:14:26,928] [main] requestId= userEmail= traceId= spanId= - method[com.appsmith.server.migrations.db.ce.Migration023UpdateJSPluginIcon] with arguments: [org.springframework.data.mongodb.core.MongoTemplate]
[2025-04-05 09:14:26,929] [main] requestId= userEmail= traceId= spanId= - PASSED OVER - {"id"="update-js-plugin-icon", "type"="execution", "author"="default_author", "class"="Migration023UpdateJSPluginIcon", "method"="executeMigration"}
[2025-04-05 09:14:26,932] [main] requestId= userEmail= traceId= spanId= - method[com.appsmith.server.migrations.db.ce.Migration024EnableGenerateCRUDPageToggleForMssqlPlugin] with arguments: [org.springframework.data.mongodb.core.MongoTemplate]
[2025-04-05 09:14:26,943] [main] requestId= userEmail= traceId= spanId= - PASSED OVER - {"id"="enable-generate-crud-page-for-mssql", "type"="execution", "author"="default_author", "class"="Migration024EnableGenerateCRUDPageToggleForMssqlPlugin", "method"="enableGenerateCRUDPageToggle"}
[2025-04-05 09:14:26,947] [main] requestId= userEmail= traceId= spanId= - method[com.appsmith.server.migrations.db.ce.Migration025AddIndexDeletedInApplication] with arguments: [org.springframework.data.mongodb.core.MongoTemplate]
[2025-04-05 09:14:26,947] [main] requestId= userEmail= traceId= spanId= - PASSED OVER - {"id"="add-index-application-deleted", "type"="execution", "author"="default_author", "class"="Migration025AddIndexDeletedInApplication", "method"="createIndexInApplicationCollection"}
[2025-04-05 09:14:26,961] [main] requestId= userEmail= traceId= spanId= - method[com.appsmith.server.migrations.db.ce.Migration025RemoveUnassignPermissionFromUnnecessaryRoles] with arguments: [org.springframework.data.mongodb.core.MongoTemplate]
[2025-04-05 09:14:26,962] [main] requestId= userEmail= traceId= spanId= - PASSED OVER - {"id"="remove-unassign-permission-from-workspace-dev-viewer-roles", "type"="execution", "author"="default_author", "class"="Migration025RemoveUnassignPermissionFromUnnecessaryRoles", "method"="executeMigration"}
[2025-04-05 09:14:26,965] [main] requestId= userEmail= traceId= spanId= - method[com.appsmith.server.migrations.db.ce.Migration026AddIndexTenantAndDeletedInWorkspace] with arguments: [org.springframework.data.mongodb.core.MongoTemplate]
[2025-04-05 09:14:26,975] [main] requestId= userEmail= traceId= spanId= - PASSED OVER - {"id"="add-index-workspace-tenant-deleted", "type"="execution", "author"="default_author", "class"="Migration026AddIndexTenantAndDeletedInWorkspace", "method"="addIndexInWorkspaceCollection"}
[2025-04-05 09:14:26,978] [main] requestId= userEmail= traceId= spanId= - method[com.appsmith.server.migrations.db.ce.Migration027AddIndexDatasourceIdAndDeletedInAction] with arguments: [org.springframework.data.mongodb.core.MongoTemplate]
[2025-04-05 09:14:26,979] [main] requestId= userEmail= traceId= spanId= - PASSED OVER - {"id"="new-action-compound-index-datasource-id", "type"="execution", "author"="default_author", "class"="Migration027AddIndexDatasourceIdAndDeletedInAction", "method"="addIndexInNewActionCollection"}
[2025-04-05 09:14:26,992] [main] requestId= userEmail= traceId= spanId= - method[com.appsmith.server.migrations.db.ce.Migration028TagUserManagementRolesWithoutDefaultDomainTypeAndId] with arguments: [org.springframework.data.mongodb.core.MongoTemplate]
[2025-04-05 09:14:26,993] [main] requestId= userEmail= traceId= spanId= - PASSED OVER - {"id"="tag-user-management-roles-without-default-domain-type-and-id", "type"="execution", "author"="default_author", "class"="Migration028TagUserManagementRolesWithoutDefaultDomainTypeAndId", "method"="tagUserManagementRolesWithoutDefaultDomainTypeAndId"}
[2025-04-05 09:14:26,996] [main] requestId= userEmail= traceId= spanId= - method[com.appsmith.server.migrations.db.ce.Migration029PopulateDefaultDomainIdInUserManagementRoles] with arguments: [org.springframework.data.mongodb.core.MongoTemplate]
[2025-04-05 09:14:26,996] [main] requestId= userEmail= traceId= spanId= - PASSED OVER - {"id"="populate-default-domain-id-in-user-management-roles", "type"="execution", "author"="default_author", "class"="Migration029PopulateDefaultDomainIdInUserManagementRoles", "method"="populateDefaultDomainIdInUserManagementRoles"}
[2025-04-05 09:14:26,999] [main] requestId= userEmail= traceId= spanId= - method[com.appsmith.server.migrations.db.ce.Migration030TagUsersWithNoUserManagementRoles] with arguments: [org.springframework.data.mongodb.core.MongoTemplate]
[2025-04-05 09:14:27,014] [main] requestId= userEmail= traceId= spanId= - PASSED OVER - {"id"="tag-users-with-no-user-management-roles", "type"="execution", "author"="default_author", "class"="Migration030TagUsersWithNoUserManagementRoles", "method"="tagUsersWithNoUserManagementRoles"}
[2025-04-05 09:14:27,032] [main] requestId= userEmail= traceId= spanId= - method[com.appsmith.server.migrations.db.ce.Migration031CreateUserManagementRolesForUsersTaggedIn030] with arguments: [org.springframework.data.mongodb.core.MongoTemplate, com.appsmith.server.solutions.PolicySolution]
[2025-04-05 09:14:27,032] [main] requestId= userEmail= traceId= spanId= - PASSED OVER - {"id"="create-user-management-roles-for-users-tagged-in-migration-030", "type"="execution", "author"="default_author", "class"="Migration031CreateUserManagementRolesForUsersTaggedIn030", "method"="createUserManagementRolesForUsersTaggedInMigration030"}
[2025-04-05 09:14:27,046] [main] requestId= userEmail= traceId= spanId= - method[com.appsmith.server.migrations.db.ce.Migration032AddingXmlParserToApplicationLibraries] with arguments: [org.springframework.data.mongodb.core.MongoTemplate]
[2025-04-05 09:14:27,047] [main] requestId= userEmail= traceId= spanId= - PASSED OVER - {"id"="add-xml-parser-to-application-jslibs", "type"="execution", "author"="default_author", "class"="Migration032AddingXmlParserToApplicationLibraries", "method"="addXmlParserEntryToEachApplication"}
[2025-04-05 09:14:27,059] [main] requestId= userEmail= traceId= spanId= - method[com.appsmith.server.migrations.db.ce.Migration033AddOpenAIPlugin] with arguments: [org.springframework.data.mongodb.core.MongoTemplate]
[2025-04-05 09:14:27,060] [main] requestId= userEmail= traceId= spanId= - PASSED OVER - {"id"="add-open-ai-plugin", "type"="execution", "author"="default_author", "class"="Migration033AddOpenAIPlugin", "method"="addPluginToDbAndWorkspace"}
[2025-04-05 09:14:27,063] [main] requestId= userEmail= traceId= spanId= - method[com.appsmith.server.migrations.db.ce.Migration034ChangeOpenAIIntegrationDocumentationLink] with arguments: [org.springframework.data.mongodb.core.MongoTemplate]
[2025-04-05 09:14:27,064] [main] requestId= userEmail= traceId= spanId= - PASSED OVER - {"id"="change-open-ai-integration-documentation-link", "type"="execution", "author"="default_author", "class"="Migration034ChangeOpenAIIntegrationDocumentationLink", "method"="changeDocumentationLink"}
READY
RESULT 2245
processname:backend groupname:backend pid:1793 channel:stdout
[2025-04-05 09:14:27,079] [main] requestId= userEmail= traceId= spanId= - method[com.appsmith.server.migrations.db.ce.Migration035AddAnthropicPlugin] with arguments: [org.springframework.data.mongodb.core.MongoTemplate]
[2025-04-05 09:14:27,080] [main] requestId= userEmail= traceId= spanId= - PASSED OVER - {"id"="add-anthropic-plugin", "type"="execution", "author"="default_author", "class"="Migration035AddAnthropicPlugin", "method"="addPluginToDbAndWorkspace"}
[2025-04-05 09:14:27,125] [main] requestId= userEmail= traceId= spanId= - method[com.appsmith.server.migrations.db.ce.Migration035RemoveMockDbEndPointInDatasourceInSelfHostedInstance] with arguments: [org.springframework.data.mongodb.core.MongoTemplate, com.appsmith.server.configurations.CommonConfig, com.appsmith.server.solutions.EnvManager]
[2025-04-05 09:14:27,126] [main] requestId= userEmail= traceId= spanId= - PASSED OVER - {"id"="remove-mockdb-endpoint-in-datasource-self-hosted-instance", "type"="execution", "author"="default_author", "class"="Migration035RemoveMockDbEndPointInDatasourceInSelfHostedInstance", "method"="removeMockDbEndpointInDatasource"}
[2025-04-05 09:14:27,139] [main] requestId= userEmail= traceId= spanId= - method[com.appsmith.server.migrations.db.ce.Migration036AddRecentlyUsedEntitiesForUserData] with arguments: [org.springframework.data.mongodb.core.MongoTemplate]
[2025-04-05 09:14:27,140] [main] requestId= userEmail= traceId= spanId= - PASSED OVER - {"id"="add-recently-used-entities-for-user", "type"="execution", "author"="default_author", "class"="Migration036AddRecentlyUsedEntitiesForUserData", "method"="addRecentlyUsedEntitiesForUserData"}
[2025-04-05 09:14:27,143] [main] requestId= userEmail= traceId= spanId= - method[com.appsmith.server.migrations.db.ce.Migration037AddCompoundIndexForNameAndDeletedAt] with arguments: [org.springframework.data.mongodb.core.MongoTemplate]
[2025-04-05 09:14:27,144] [main] requestId= userEmail= traceId= spanId= - PASSED OVER - {"id"="add-compound-index-name-deleted", "type"="execution", "author"="default_author", "class"="Migration037AddCompoundIndexForNameAndDeletedAt", "method"="addIndexInWorkspaceAndApplicationsCollection"}
READY
RESULT 2299
processname:backend groupname:backend pid:1793 channel:stdout
[2025-04-05 09:14:27,158] [main] requestId= userEmail= traceId= spanId= - method[com.appsmith.server.migrations.db.ce.Migration037MarkAnonymousUserAsSystemGenerated] with arguments: [org.springframework.data.mongodb.core.MongoTemplate]
[2025-04-05 09:14:27,159] [main] requestId= userEmail= traceId= spanId= - PASSED OVER - {"id"="mark-anonymous-user-as-system-generated", "type"="execution", "author"="default_author", "class"="Migration037MarkAnonymousUserAsSystemGenerated", "method"="executeMigration"}
[2025-04-05 09:14:27,172] [main] requestId= userEmail= traceId= spanId= - method[com.appsmith.server.migrations.db.ce.Migration038AddCompoundIndexForActionCollection] with arguments: [org.springframework.data.mongodb.core.MongoTemplate]
[2025-04-05 09:14:27,173] [main] requestId= userEmail= traceId= spanId= - PASSED OVER - {"id"="add-compound-index-action-collection", "type"="execution", "author"="default_author", "class"="Migration038AddCompoundIndexForActionCollection", "method"="addIndexInActionCollection"}
[2025-04-05 09:14:27,188] [main] requestId= userEmail= traceId= spanId= - method[com.appsmith.server.migrations.db.ce.Migration038AddGoogleAIPlugin] with arguments: [org.springframework.data.mongodb.core.MongoTemplate]
[2025-04-05 09:14:27,188] [main] requestId= userEmail= traceId= spanId= - PASSED OVER - {"id"="add-google-ai-plugin", "type"="execution", "author"="default_author", "class"="Migration038AddGoogleAIPlugin", "method"="addPluginToDbAndWorkspace"}
[2025-04-05 09:14:27,191] [main] requestId= userEmail= traceId= spanId= - method[com.appsmith.server.migrations.db.ce.Migration039AddCompoundIndexForDatasourceStorage] with arguments: [org.springframework.data.mongodb.core.MongoTemplate]
[2025-04-05 09:14:27,192] [main] requestId= userEmail= traceId= spanId= - PASSED OVER - {"id"="add-compound-index-datasource-storage", "type"="execution", "author"="default_author", "class"="Migration039AddCompoundIndexForDatasourceStorage", "method"="addIndexInDatasourceStorageCollection"}
[2025-04-05 09:14:27,195] [main] requestId= userEmail= traceId= spanId= - method[com.appsmith.server.migrations.db.ce.Migration039AddDatabricksPlugin] with arguments: [org.springframework.data.mongodb.core.MongoTemplate]
READY
RESULT 2326
processname:backend groupname:backend pid:1793 channel:stdout
[2025-04-05 09:14:27,196] [main] requestId= userEmail= traceId= spanId= - PASSED OVER - {"id"="add-databricks-plugin", "type"="execution", "author"="default_author", "class"="Migration039AddDatabricksPlugin", "method"="addPluginToDbAndWorkspace"}
[2025-04-05 09:14:27,209] [main] requestId= userEmail= traceId= spanId= - method[com.appsmith.server.migrations.db.ce.Migration039OpenAIMessagesJsToggle] with arguments: [org.springframework.data.mongodb.core.MongoTemplate]
[2025-04-05 09:14:27,209] [main] requestId= userEmail= traceId= spanId= - PASSED OVER - {"id"="move-messages-to-data-key-in-openai", "type"="execution", "author"="default_author", "class"="Migration039OpenAIMessagesJsToggle", "method"="moveMessagesToDataKeyForSupportingJsToggle"}
[2025-04-05 09:14:27,244] [main] requestId= userEmail= traceId= spanId= - method[com.appsmith.server.migrations.db.ce.Migration040AddAWSLambdaPlugin] with arguments: [org.springframework.data.mongodb.core.MongoTemplate]
[2025-04-05 09:14:27,245] [main] requestId= userEmail= traceId= spanId= - PASSED OVER - {"id"="add-aws-lambda-plugin", "type"="execution", "author"="default_author", "class"="Migration040AddAWSLambdaPlugin", "method"="addPluginToDbAndWorkspace"}
[2025-04-05 09:14:27,258] [main] requestId= userEmail= traceId= spanId= - method[com.appsmith.server.migrations.db.ce.Migration040AddAppsmithAiPlugin] with arguments: [org.springframework.data.mongodb.core.MongoTemplate]
[2025-04-05 09:14:27,258] [main] requestId= userEmail= traceId= spanId= - PASSED OVER - {"id"="add-appsmith-ai-plugin", "type"="execution", "author"="default_author", "class"="Migration040AddAppsmithAiPlugin", "method"="addPluginToDbAndWorkspace"}
[2025-04-05 09:14:27,272] [main] requestId= userEmail= traceId= spanId= - method[com.appsmith.server.migrations.db.ce.Migration041TagWorkspacesForGitOperationsPermissionMigration] with arguments: [org.springframework.data.mongodb.core.MongoTemplate]
[2025-04-05 09:14:27,273] [main] requestId= userEmail= traceId= spanId= - PASSED OVER - {"id"="tag-workspaces-to-migrate-adding-git-permissions", "type"="execution", "author"="default_author", "class"="Migration041TagWorkspacesForGitOperationsPermissionMigration", "method"="addPermissionForGitOperationsToExistingWorkspaces"}
READY
RESULT 1610
processname:backend groupname:backend pid:1793 channel:stdout
[2025-04-05 09:14:27,277] [main] requestId= userEmail= traceId= spanId= - method[com.appsmith.server.migrations.db.ce.Migration042AddPermissionsForGitOperations] with arguments: [org.springframework.data.mongodb.core.MongoTemplate]
[2025-04-05 09:14:27,278] [main] requestId= userEmail= traceId= spanId= - PASSED OVER - {"id"="add-permissions-for-git-operations", "type"="execution", "author"="default_author", "class"="Migration042AddPermissionsForGitOperations", "method"="addPermissionForGitOperationsToExistingApplications"}
[2025-04-05 09:14:27,292] [main] requestId= userEmail= traceId= spanId= - method[com.appsmith.server.migrations.db.ce.Migration043AddIndexActionCollectionPageID] with arguments: [org.springframework.data.mongodb.core.MongoTemplate]
[2025-04-05 09:14:27,293] [main] requestId= userEmail= traceId= spanId= - PASSED OVER - {"id"="add-index-to-action-collection-default-resources-pageid", "type"="execution", "author"="default_author", "class"="Migration043AddIndexActionCollectionPageID", "method"="addIndexToActionCollectionCollection"}
[2025-04-05 09:14:27,308] [main] requestId= userEmail= traceId= spanId= - method[com.appsmith.server.migrations.db.ce.Migration044AddIndexesToDomainObjects] with arguments: [org.springframework.data.mongodb.core.MongoTemplate]
[2025-04-05 09:14:27,308] [main] requestId= userEmail= traceId= spanId= - PASSED OVER - {"id"="add-index-to-domain-objects", "type"="execution", "author"="default_author", "class"="Migration044AddIndexesToDomainObjects", "method"="addIndexToDomainObjects"}
READY
RESULT 838
processname:backend groupname:backend pid:1793 channel:stdout
[2025-04-05 09:14:27,322] [main] requestId= userEmail= traceId= spanId= - method[com.appsmith.server.migrations.db.ce.Migration045AddDefaultAppsmithAiDatasourceForOrphanActions] with arguments: [org.springframework.data.mongodb.core.MongoTemplate]
[2025-04-05 09:14:27,323] [main] requestId= userEmail= traceId= spanId= - PASSED OVER - {"id"="add-default-appsmith-datasource", "type"="execution", "author"="default_author", "class"="Migration045AddDefaultAppsmithAiDatasourceForOrphanActions", "method"="addDefaultAppsmithAiDatasourceForOrphanActions"}
[2025-04-05 09:14:27,327] [main] requestId= userEmail= traceId= spanId= - method[com.appsmith.server.migrations.db.ce.Migration046DeleteArchivedPlugins] with arguments: [org.springframework.data.mongodb.core.MongoTemplate]
READY
RESULT 1108
processname:backend groupname:backend pid:1793 channel:stdout
[2025-04-05 09:14:27,338] [main] requestId= userEmail= traceId= spanId= - PASSED OVER - {"id"="delete-archived-pluginsd", "type"="execution", "author"="default_author", "class"="Migration046DeleteArchivedPlugins", "method"="deleteArchivedPlugins"}
[2025-04-05 09:14:27,340] [main] requestId= userEmail= traceId= spanId= - method[com.appsmith.server.migrations.db.ce.Migration047AddMissingFieldsInDefaultAppsmithAiDatasource] with arguments: [org.springframework.data.mongodb.core.MongoTemplate]
[2025-04-05 09:14:27,341] [main] requestId= userEmail= traceId= spanId= - PASSED OVER - {"id"="add-missing-fields-in-default-appsmith-datasource", "type"="execution", "author"="default_author", "class"="Migration047AddMissingFieldsInDefaultAppsmithAiDatasource", "method"="addMissingFieldsInDefaultAppsmithAiDatasource"}
[2025-04-05 09:14:27,356] [main] requestId= userEmail= traceId= spanId= - method[com.appsmith.server.migrations.db.ce.Migration048AddCompoundIndexToUserEntity] with arguments: [org.springframework.data.mongodb.core.MongoTemplate]
READY
RESULT 800
processname:backend groupname:backend pid:1793 channel:stdout
[2025-04-05 09:14:27,357] [main] requestId= userEmail= traceId= spanId= - PASSED OVER - {"id"="add-compound-index-in-user-collection", "type"="execution", "author"="default_author", "class"="Migration048AddCompoundIndexToUserEntity", "method"="addMissingIndexInUserCollection"}
[2025-04-05 09:14:27,372] [main] requestId= userEmail= traceId= spanId= - method[com.appsmith.server.migrations.db.ce.Migration049RemoveLayoutBaseFields] with arguments: [org.springframework.data.mongodb.core.MongoTemplate]
[2025-04-05 09:14:27,373] [main] requestId= userEmail= traceId= spanId= - PASSED OVER - {"id"="remove-layout-base-fields", "type"="execution", "author"="default_author", "class"="Migration049RemoveLayoutBaseFields", "method"="execute"}
READY
RESULT 576
processname:backend groupname:backend pid:1793 channel:stdout
[2025-04-05 09:14:27,388] [main] requestId= userEmail= traceId= spanId= - method[com.appsmith.server.migrations.db.ce.Migration050MoveAnthropicLegacyModelsInQueries] with arguments: [org.springframework.data.mongodb.core.MongoTemplate]
[2025-04-05 09:14:27,389] [main] requestId= userEmail= traceId= spanId= - PASSED OVER - {"id"="move-anthropic-legacy-models", "type"="execution", "author"="default_author", "class"="Migration050MoveAnthropicLegacyModelsInQueries", "method"="moveAnthropicLegacyModelsInQueries"}
READY
RESULT 1057
processname:backend groupname:backend pid:1793 channel:stdout
[2025-04-05 09:14:27,416] [main] requestId= userEmail= traceId= spanId= - method[com.appsmith.server.migrations.db.ce.Migration051AddNewActionCollectionIdIndex] with arguments: [org.springframework.data.mongodb.core.MongoTemplate]
[2025-04-05 09:14:27,417] [main] requestId= userEmail= traceId= spanId= - PASSED OVER - {"id"="add-idx-new-action-coll-id", "type"="execution", "author"="default_author", "class"="Migration051AddNewActionCollectionIdIndex", "method"="addMissingIndexInNewActionCollection"}
[2025-04-05 09:14:27,427] [main] requestId= userEmail= traceId= spanId= - method[com.appsmith.server.migrations.db.ce.Migration052RemoveInvalidPluginsInWorkspaces] with arguments: [org.springframework.data.mongodb.core.MongoTemplate]
[2025-04-05 09:14:27,428] [main] requestId= userEmail= traceId= spanId= - PASSED OVER - {"id"="remove-invalid-plugins-in-workspaces", "type"="execution", "author"="default_author", "class"="Migration052RemoveInvalidPluginsInWorkspaces", "method"="execute"}
READY
RESULT 636
processname:backend groupname:backend pid:1793 channel:stdout
[2025-04-05 09:14:27,443] [main] requestId= userEmail= traceId= spanId= - method[com.appsmith.server.migrations.db.ce.Migration053AddApplicationDeletePagePermissionToApplications] with arguments: [org.springframework.data.mongodb.core.MongoTemplate]
[2025-04-05 09:14:27,443] [main] requestId= userEmail= traceId= spanId= - PASSED OVER - {"id"="add-app-delete-pages-permission-to-application", "type"="execution", "author"="default_author", "class"="Migration053AddApplicationDeletePagePermissionToApplications", "method"="addApplicationDeletePagesPermissionToApplication"}
READY
RESULT 1166
processname:backend groupname:backend pid:1793 channel:stdout
[2025-04-05 09:14:27,446] [main] requestId= userEmail= traceId= spanId= - method[com.appsmith.server.migrations.db.ce.Migration055AddIsAtomicPushAllowedEnvVarToTenantConfiguration] with arguments: [org.springframework.data.mongodb.core.MongoTemplate]
[2025-04-05 09:14:27,447] [main] requestId= userEmail= traceId= spanId= - PASSED OVER - {"id"="add-is-atomic-push-allowed-env-variable-tenant-configuration", "type"="execution", "author"="default_author", "class"="Migration055AddIsAtomicPushAllowedEnvVarToTenantConfiguration", "method"="executeMigration"}
[2025-04-05 09:14:27,459] [main] requestId= userEmail= traceId= spanId= - method[com.appsmith.server.migrations.db.ce.Migration056AddBranchNameAndDefaultArtifactIndexToApplication] with arguments: [org.springframework.data.mongodb.core.MongoTemplate]
[2025-04-05 09:14:27,459] [main] requestId= userEmail= traceId= spanId= - PASSED OVER - {"id"="add-idx-branch-name-default-artifact-id", "type"="execution", "author"="default_author", "class"="Migration056AddBranchNameAndDefaultArtifactIndexToApplication", "method"="createIndexForApplication"}
READY
RESULT 991
processname:backend groupname:backend pid:1793 channel:stdout
[2025-04-05 09:14:27,473] [main] requestId= userEmail= traceId= spanId= - method[com.appsmith.server.migrations.db.ce.Migration057MoveDRToBaseIds] with arguments: [org.springframework.data.mongodb.core.MongoTemplate]
[2025-04-05 09:14:27,474] [main] requestId= userEmail= traceId= spanId= - PASSED OVER - {"id"="move-dr-to-base-ids", "type"="execution", "author"="default_author", "class"="Migration057MoveDRToBaseIds", "method"="executeMigration"}
[2025-04-05 09:14:27,489] [main] requestId= userEmail= traceId= spanId= - method[com.appsmith.server.migrations.db.ce.Migration058AddIndexesToBranchAwareDomains] with arguments: [org.springframework.data.mongodb.core.MongoTemplate]
[2025-04-05 09:14:27,490] [main] requestId= userEmail= traceId= spanId= - PASSED OVER - {"id"="add-idx-branch-aware", "type"="execution", "author"="default_author", "class"="Migration058AddIndexesToBranchAwareDomains", "method"="executeMigration"}
READY
RESULT 352
processname:backend groupname:backend pid:1793 channel:stdout
[2025-04-05 09:14:27,672] [main] requestId= userEmail= traceId= spanId= - method[com.appsmith.server.migrations.db.ce.Migration059PolicySetToPolicyMap] with arguments: [org.springframework.data.mongodb.core.ReactiveMongoTemplate, com.appsmith.server.repositories.CacheableRepositoryHelper]
READY
RESULT 2699
processname:backend groupname:backend pid:1793 channel:stdout
[2025-04-05 09:14:27,673] [main] requestId= userEmail= traceId= spanId= - PASSED OVER - {"id"="policy-set-to-policy-map", "type"="execution", "author"="default_author", "class"="Migration059PolicySetToPolicyMap", "method"="execute"}
[2025-04-05 09:14:27,675] [main] requestId= userEmail= traceId= spanId= - method[com.appsmith.server.migrations.db.ce.Migration060AddIndexesForPolicyMap] with arguments: [org.springframework.data.mongodb.core.MongoTemplate]
[2025-04-05 09:14:27,676] [main] requestId= userEmail= traceId= spanId= - PASSED OVER - {"id"="add-idx-policy-map", "type"="execution", "author"="default_author", "class"="Migration060AddIndexesForPolicyMap", "method"="executeMigration"}
[2025-04-05 09:14:27,691] [main] requestId= userEmail= traceId= spanId= - method[com.appsmith.server.migrations.db.ce.Migration061TenantPolicySetToPolicyMap] with arguments: [org.springframework.data.mongodb.core.MongoTemplate, com.appsmith.server.repositories.CacheableRepositoryHelper]
[2025-04-05 09:14:27,692] [main] requestId= userEmail= traceId= spanId= - PASSED OVER - {"id"="migrate-policy-set-to-map-tenant", "type"="execution", "author"="default_author", "class"="Migration061TenantPolicySetToPolicyMap", "method"="executeMigration"}
[2025-04-05 09:14:27,695] [main] requestId= userEmail= traceId= spanId= - method[com.appsmith.server.migrations.db.ce.Migration062AddEmptyPolicyMapForNullValues] with arguments: [org.springframework.data.mongodb.core.ReactiveMongoTemplate]
[2025-04-05 09:14:27,696] [main] requestId= userEmail= traceId= spanId= - PASSED OVER - {"id"="add_empty_policyMap_for_null_entries", "type"="execution", "author"="default_author", "class"="Migration062AddEmptyPolicyMapForNullValues", "method"="execute"}
[2025-04-05 09:14:27,696] [main] requestId= userEmail= traceId= spanId= - method[com.appsmith.server.migrations.db.ce.Migration063CacheBustSpringBoot3_3] with arguments: []
[2025-04-05 09:14:27,697] [main] requestId= userEmail= traceId= spanId= - PASSED OVER - {"id"="reset_session_oauth2_spring_3_3", "type"="execution", "author"="default_author", "class"="Migration063CacheBustSpringBoot3_3", "method"="execute"}
[2025-04-05 09:14:27,706] [main] requestId= userEmail= traceId= spanId= - method[com.appsmith.server.migrations.db.ce.Migration064AddPluginDocUrlToRestApiPlugin] with arguments: [org.springframework.data.mongodb.core.MongoTemplate]
[2025-04-05 09:14:27,707] [main] requestId= userEmail= traceId= spanId= - PASSED OVER - {"id"="add_plugin_doc_url_to_rest_api_plugin", "type"="execution", "author"="default_author", "class"="Migration064AddPluginDocUrlToRestApiPlugin", "method"="execute"}
READY
RESULT 399
processname:backend groupname:backend pid:1793 channel:stdout
[2025-04-05 09:14:27,909] [main] requestId= userEmail= traceId= spanId= - method[com.appsmith.server.migrations.db.ce.Migration065_CopyTenantIdToOrganizationId] with arguments: [org.springframework.data.redis.core.ReactiveRedisOperations, com.fasterxml.jackson.databind.ObjectMapper, org.springframework.data.mongodb.core.MongoTemplate]
READY
RESULT 3267
processname:backend groupname:backend pid:1793 channel:stdout
[2025-04-05 09:14:27,909] [main] requestId= userEmail= traceId= spanId= - PASSED OVER - {"id"="copy-tenant-id-to-organization-id", "type"="execution", "author"="default_author", "class"="Migration065_CopyTenantIdToOrganizationId", "method"="execute"}
[2025-04-05 09:14:27,910] [main] requestId= userEmail= traceId= spanId= - method[com.appsmith.server.migrations.db.ce.Migration066_CacheBustTenantOrgMigration] with arguments: []
[2025-04-05 09:14:27,910] [main] requestId= userEmail= traceId= spanId= - PASSED OVER - {"id"="cache-bust-tenant-org-migration", "type"="execution", "author"="default_author", "class"="Migration066_CacheBustTenantOrgMigration", "method"="execute"}
[2025-04-05 09:14:27,924] [main] requestId= userEmail= traceId= spanId= - method[com.appsmith.server.migrations.db.ce.Migration066_RenameInstanceAdminRoleToOrgAdmin] with arguments: [org.springframework.data.mongodb.core.MongoTemplate]
[2025-04-05 09:14:27,924] [main] requestId= userEmail= traceId= spanId= - PASSED OVER - {"id"="rename-instance-admin-role-to-org-admin-role", "type"="execution", "author"="default_author", "class"="Migration066_RenameInstanceAdminRoleToOrgAdmin", "method"="execute"}
[2025-04-05 09:14:27,925] [main] requestId= userEmail= traceId= spanId= - method[com.appsmith.server.migrations.db.ce.Migration067_UpdateUserEmailIndex] with arguments: []
[2025-04-05 09:14:27,925] [main] requestId= userEmail= traceId= spanId= - PASSED OVER - {"id"="update-user-email-index", "type"="execution", "author"="default_author", "class"="Migration067_UpdateUserEmailIndex", "method"="execute"}
[2025-04-05 09:14:27,928] [main] requestId= userEmail= traceId= spanId= - method[com.appsmith.server.migrations.db.ce.Migration068_AddOrganizationIdToPasswordResetToken] with arguments: [org.springframework.data.mongodb.core.MongoTemplate]
[2025-04-05 09:14:27,929] [main] requestId= userEmail= traceId= spanId= - PASSED OVER - {"id"="add-organization-id-to-password-reset-token", "type"="execution", "author"="default_author", "class"="Migration068_AddOrganizationIdToPasswordResetToken", "method"="execute"}
[2025-04-05 09:14:27,942] [main] requestId= userEmail= traceId= spanId= - method[com.appsmith.server.migrations.db.ce.Migration069MigrateOrganizationConfigToInstanceConfig] with arguments: [org.springframework.data.mongodb.core.MongoTemplate]
[2025-04-05 09:14:27,943] [main] requestId= userEmail= traceId= spanId= - PASSED OVER - {"id"="migrate-organization-config-to-instance-config", "type"="execution", "author"="default_author", "class"="Migration069MigrateOrganizationConfigToInstanceConfig", "method"="migrateOrganizationConfigToInstanceConfig"}
[2025-04-05 09:14:27,946] [main] requestId= userEmail= traceId= spanId= - method[com.appsmith.server.migrations.db.ce.Migration070_AddOrganizationIdToEmailVerificationToken] with arguments: [org.springframework.data.mongodb.core.MongoTemplate]
[2025-04-05 09:14:27,946] [main] requestId= userEmail= traceId= spanId= - PASSED OVER - {"id"="add-organization-id-to-email-verification-token", "type"="execution", "author"="default_author", "class"="Migration070_AddOrganizationIdToEmailVerificationToken", "method"="addOrganizationIdToEmailVerificationToken"}
READY
RESULT 1735
processname:backend groupname:backend pid:1793 channel:stdout
[2025-04-05 09:14:27,962] [main] requestId= userEmail= traceId= spanId= - method[com.appsmith.server.migrations.db.ce.Migration071MoveFormLoginDisabledToOrganizationConfiguration] with arguments: [org.springframework.data.mongodb.core.MongoTemplate, com.appsmith.server.configurations.CommonConfig]
[2025-04-05 09:14:27,963] [main] requestId= userEmail= traceId= spanId= - PASSED OVER - {"id"="move-form-login-disabled-to-organization-configuration", "type"="execution", "author"="default_author", "class"="Migration071MoveFormLoginDisabledToOrganizationConfiguration", "method"="executeMigration"}
[2025-04-05 09:14:27,978] [main] requestId= userEmail= traceId= spanId= - method[com.appsmith.server.migrations.db.ce.Migration072MoveSignupDisabledToOrganizationConfiguration] with arguments: [org.springframework.data.mongodb.core.MongoTemplate, com.appsmith.server.configurations.CommonConfig]
[2025-04-05 09:14:27,978] [main] requestId= userEmail= traceId= spanId= - PASSED OVER - {"id"="move-signup-disabled-to-organization-configuration", "type"="execution", "author"="default_author", "class"="Migration072MoveSignupDisabledToOrganizationConfiguration", "method"="executeMigration"}
[2025-04-05 09:14:28,010] [main] requestId= userEmail= traceId= spanId= - method[com.appsmith.server.migrations.db.ce.Migration10000_UpdateSuperUser] with arguments: [org.springframework.data.mongodb.core.MongoTemplate, com.appsmith.server.repositories.CacheableRepositoryHelper, com.appsmith.server.solutions.PolicySolution, com.appsmith.server.acl.PolicyGenerator]
[2025-04-05 09:14:28,010] [main] requestId= userEmail= traceId= spanId= - method[executeMigration] with arguments: []
READY
RESULT 295
processname:backend groupname:backend pid:1793 channel:stdout
[2025-04-05 09:14:28,911] [main] requestId= userEmail= traceId= spanId= - RE-APPLIED - {"id"="update-super-users", "type"="execution", "author"="default_author", "class"="Migration10000_UpdateSuperUser", "method"="executeMigration"}
READY
RESULT 759
processname:backend groupname:backend pid:1793 channel:stdout
[2025-04-05 09:14:28,926] [main] requestId= userEmail= traceId= spanId= - method[com.appsmith.server.migrations.db.ce.Migration020TransferToDatasourceStorage] with arguments: [org.springframework.data.mongodb.core.MongoTemplate]
[2025-04-05 09:14:28,927] [main] requestId= userEmail= traceId= spanId= - PASSED OVER - {"id"="migrate-configurations-to-data-storage-v2", "type"="execution", "author"="default_author", "class"="Migration020TransferToDatasourceStorage", "method"="executeMigration"}
[2025-04-05 09:14:28,927] [main] requestId= userEmail= traceId= spanId= - Mongock releasing the lock
[2025-04-05 09:14:28,928] [main] requestId= userEmail= traceId= spanId= - Mongock releasing the lock
READY
RESULT 257
processname:backend groupname:backend pid:1793 channel:stdout
[2025-04-05 09:14:29,034] [main] requestId= userEmail= traceId= spanId= - Mongock released the lock
[2025-04-05 09:14:29,034] [main] requestId= userEmail= traceId= spanId= - Mongock has finished
READY
RESULT 801
processname:editor groupname:editor pid:1797 channel:stderr
{"level":"debug","ts":1743844469.9953432,"logger":"http.handlers.rewrite","msg":"rewrote request","request":{"remote_ip":"::1","remote_port":"46108","client_ip":"::1","proto":"HTTP/1.1","method":"GET","host":"localhost","uri":"/loading.html","headers":{"User-Agent":["curl/7.68.0"],"Accept":["*/*"],"X-Request-Id":["invalid_request_id"]}},"method":"GET","uri":"/loading.html"}
{"level":"debug","ts":1743844469.9953873,"logger":"http.handlers.file_server","msg":"sanitized path join","site_root":"/tmp/appsmith/www","fs":"","request_path":"/loading.html","result":"/tmp/appsmith/www/loading.html"}
{"level":"debug","ts":1743844469.9954195,"logger":"http.handlers.file_server","msg":"opening file","filename":"/tmp/appsmith/www/loading.html"}
READY
RESULT 885
processname:editor groupname:editor pid:1797 channel:stdout
{"level":"info","ts":1743844469.9956965,"logger":"http.log.access.log0","msg":"handled request","request":{"remote_ip":"::1","remote_port":"46108","client_ip":"::1","proto":"HTTP/1.1","method":"GET","host":"localhost","uri":"/","headers":{"User-Agent":["curl/7.68.0"],"Accept":["*/*"]}},"bytes_read":0,"user_id":"","duration":0.00068858,"size":2026,"status":200,"resp_headers":{"Content-Security-Policy":["frame-ancestors 'self' *"],"X-Appsmith-Request-Id":["2ed9fbb9-db17-49ef-a376-f3711781159b"],"Vary":["Accept-Encoding"],"Etag":["\"d8yl75m94zfy1ka\""],"Content-Type":["text/html; charset=utf-8"],"Last-Modified":["Sat, 05 Apr 2025 09:11:00 GMT"],"X-Content-Type-Options":["nosniff"],"X-Request-Id":["invalid_request_id"],"Accept-Ranges":["bytes"],"Content-Length":["2026"]},"uuid":"2ed9fbb9-db17-49ef-a376-f3711781159b"}
READY
RESULT 186
processname:backend groupname:backend pid:1793 channel:stdout
[2025-04-05 09:14:40,596] [main] requestId= userEmail= traceId= spanId= - Exposing 1 endpoint beneath base path '/actuator'
READY
RESULT 170
processname:backend groupname:backend pid:1793 channel:stdout
[2025-04-05 09:14:43,652] [Thread-3] requestId= userEmail= traceId= spanId= - Cancelled mongock lock daemon
READY
RESULT 170
processname:backend groupname:backend pid:1793 channel:stdout
[2025-04-05 09:14:45,718] [main] requestId= userEmail= traceId= spanId= - Netty started on port 8080 (http)
READY
RESULT 211
processname:backend groupname:backend pid:1793 channel:stdout
[2025-04-05 09:14:45,920] [main] requestId= userEmail= traceId= spanId= - Started ServerApplication in 157.459 seconds (process running for 162.296)
READY
RESULT 209
processname:backend groupname:backend pid:1793 channel:stdout
[2025-04-05 09:14:45,927] [main] requestId= userEmail= traceId= spanId= - Cleaning up and updating default organization policies on server startup
READY
RESULT 232
processname:backend groupname:backend pid:1793 channel:stdout
[2025-04-05 09:14:46,653] [main] requestId= userEmail= traceId=14fb018873e89eda0323e0fdfe3475fa spanId=2929b693e810aed2 - Performing RTS health check of this instance...
READY
RESULT 790
processname:editor groupname:editor pid:1797 channel:stderr
{"level":"debug","ts":1743844486.7063074,"logger":"http.handlers.rewrite","msg":"rewrote request","request":{"remote_ip":"::1","remote_port":"46278","client_ip":"::1","proto":"HTTP/1.1","method":"GET","host":"localhost","uri":"/index.html","headers":{"User-Agent":["curl/7.68.0"],"Accept":["*/*"],"X-Request-Id":["invalid_request_id"]}},"method":"GET","uri":"/index.html"}
{"level":"debug","ts":1743844486.7064097,"logger":"http.handlers.file_server","msg":"sanitized path join","site_root":"/tmp/appsmith/www","fs":"","request_path":"/index.html","result":"/tmp/appsmith/www/index.html"}
{"level":"debug","ts":1743844486.706461,"logger":"http.handlers.file_server","msg":"opening file","filename":"/tmp/appsmith/www/index.html"}
READY
RESULT 296
processname:backend groupname:backend pid:1793 channel:stdout
[2025-04-05 09:14:46,801] [main] requestId= userEmail= traceId=14fb018873e89eda0323e0fdfe3475fa spanId=2929b693e810aed2 - In memory cache miss for anonymous user permission groups. Fetching from DB and adding it to in memory storage.
READY
RESULT 886
processname:editor groupname:editor pid:1797 channel:stdout
{"level":"info","ts":1743844486.7068188,"logger":"http.log.access.log0","msg":"handled request","request":{"remote_ip":"::1","remote_port":"46278","client_ip":"::1","proto":"HTTP/1.1","method":"GET","host":"localhost","uri":"/","headers":{"User-Agent":["curl/7.68.0"],"Accept":["*/*"]}},"bytes_read":0,"user_id":"","duration":0.000969071,"size":5571,"status":200,"resp_headers":{"Content-Length":["5571"],"Content-Security-Policy":["frame-ancestors 'self' *"],"X-Request-Id":["invalid_request_id"],"Vary":["Accept-Encoding"],"Etag":["\"d8yl7xv3ydzk4ar\""],"Content-Type":["text/html; charset=utf-8"],"Last-Modified":["Sat, 05 Apr 2025 09:12:01 GMT"],"Accept-Ranges":["bytes"],"X-Appsmith-Request-Id":["6086435f-3863-4c86-abcc-a290fa044a93"],"X-Content-Type-Options":["nosniff"]},"uuid":"6086435f-3863-4c86-abcc-a290fa044a93"}
READY
RESULT 208
processname:backend groupname:backend pid:1793 channel:stdout
[2025-04-05 09:14:46,877] [nioEventLoopGroup-3-4] requestId= userEmail= traceId= spanId= - Fetched and set conenncted mongo db version as: 5.0.30
READY
RESULT 179
processname:backend groupname:backend pid:1793 channel:stdout
[2025-04-05 09:14:48,295] [reactor-http-epoll-1] requestId= userEmail= traceId= spanId= - RTS health check succeeded
READY
RESULT 230
processname:backend groupname:backend pid:1793 channel:stdout
[2025-04-05 09:14:50,713] [parallel-1] requestId= userEmail=anonymousUser traceId=71f0dcb254a1c3dbbf9dc83b1f5acb0f spanId=cff52b7165fd9c27 - Checking server health ...
READY
RESULT 190
processname:backend groupname:backend pid:1793 channel:stdout
[2025-04-05 09:14:56,037] [scheduling-1] requestId= userEmail= traceId= spanId= - Lock already acquired for: lock:fetchFeatures
READY
RESULT 886
processname:editor groupname:editor pid:1797 channel:stdout
{"level":"info","ts":1743844502.6087832,"logger":"http.log.access.log0","msg":"handled request","request":{"remote_ip":"::1","remote_port":"44594","client_ip":"::1","proto":"HTTP/1.1","method":"GET","host":"localhost","uri":"/","headers":{"Accept":["*/*"],"User-Agent":["curl/7.68.0"]}},"bytes_read":0,"user_id":"","duration":0.000855263,"size":5571,"status":200,"resp_headers":{"Content-Type":["text/html; charset=utf-8"],"Last-Modified":["Sat, 05 Apr 2025 09:12:01 GMT"],"X-Content-Type-Options":["nosniff"],"X-Request-Id":["invalid_request_id"],"Vary":["Accept-Encoding"],"Accept-Ranges":["bytes"],"Content-Length":["5571"],"Content-Security-Policy":["frame-ancestors 'self' *"],"X-Appsmith-Request-Id":["367da488-e097-4c2b-a4c8-265d8b43d8f5"],"Etag":["\"d8yl7xv3ydzk4ar\""]},"uuid":"367da488-e097-4c2b-a4c8-265d8b43d8f5"}
READY
RESULT 789
processname:editor groupname:editor pid:1797 channel:stderr
{"level":"debug","ts":1743844502.6083817,"logger":"http.handlers.rewrite","msg":"rewrote request","request":{"remote_ip":"::1","remote_port":"44594","client_ip":"::1","proto":"HTTP/1.1","method":"GET","host":"localhost","uri":"/index.html","headers":{"User-Agent":["curl/7.68.0"],"Accept":["*/*"],"X-Request-Id":["invalid_request_id"]}},"method":"GET","uri":"/index.html"}
{"level":"debug","ts":1743844502.6084385,"logger":"http.handlers.file_server","msg":"sanitized path join","site_root":"/tmp/appsmith/www","fs":"","request_path":"/index.html","result":"/tmp/appsmith/www/index.html"}
{"level":"debug","ts":1743844502.60848,"logger":"http.handlers.file_server","msg":"opening file","filename":"/tmp/appsmith/www/index.html"}
READY
RESULT 790
processname:editor groupname:editor pid:1797 channel:stderr
{"level":"debug","ts":1743844518.8584893,"logger":"http.handlers.rewrite","msg":"rewrote request","request":{"remote_ip":"::1","remote_port":"35864","client_ip":"::1","proto":"HTTP/1.1","method":"GET","host":"localhost","uri":"/index.html","headers":{"User-Agent":["curl/7.68.0"],"Accept":["*/*"],"X-Request-Id":["invalid_request_id"]}},"method":"GET","uri":"/index.html"}
{"level":"debug","ts":1743844518.8585331,"logger":"http.handlers.file_server","msg":"sanitized path join","site_root":"/tmp/appsmith/www","fs":"","request_path":"/index.html","result":"/tmp/appsmith/www/index.html"}
{"level":"debug","ts":1743844518.858565,"logger":"http.handlers.file_server","msg":"opening file","filename":"/tmp/appsmith/www/index.html"}
READY
RESULT 885
processname:editor groupname:editor pid:1797 channel:stdout
{"level":"info","ts":1743844518.858846,"logger":"http.log.access.log0","msg":"handled request","request":{"remote_ip":"::1","remote_port":"35864","client_ip":"::1","proto":"HTTP/1.1","method":"GET","host":"localhost","uri":"/","headers":{"Accept":["*/*"],"User-Agent":["curl/7.68.0"]}},"bytes_read":0,"user_id":"","duration":0.000710056,"size":5571,"status":200,"resp_headers":{"X-Request-Id":["invalid_request_id"],"Vary":["Accept-Encoding"],"Etag":["\"d8yl7xv3ydzk4ar\""],"Content-Length":["5571"],"Content-Security-Policy":["frame-ancestors 'self' *"],"X-Appsmith-Request-Id":["0dcac414-6eee-4ddc-b620-4e5ec36592f8"],"Content-Type":["text/html; charset=utf-8"],"Last-Modified":["Sat, 05 Apr 2025 09:12:01 GMT"],"Accept-Ranges":["bytes"],"X-Content-Type-Options":["nosniff"]},"uuid":"0dcac414-6eee-4ddc-b620-4e5ec36592f8"}
READY
RESULT 790
processname:editor groupname:editor pid:1797 channel:stderr
{"level":"debug","ts":1743844534.9292212,"logger":"http.handlers.rewrite","msg":"rewrote request","request":{"remote_ip":"::1","remote_port":"51812","client_ip":"::1","proto":"HTTP/1.1","method":"GET","host":"localhost","uri":"/index.html","headers":{"User-Agent":["curl/7.68.0"],"Accept":["*/*"],"X-Request-Id":["invalid_request_id"]}},"method":"GET","uri":"/index.html"}
{"level":"debug","ts":1743844534.929296,"logger":"http.handlers.file_server","msg":"sanitized path join","site_root":"/tmp/appsmith/www","fs":"","request_path":"/index.html","result":"/tmp/appsmith/www/index.html"}
{"level":"debug","ts":1743844534.9293337,"logger":"http.handlers.file_server","msg":"opening file","filename":"/tmp/appsmith/www/index.html"}
READY
RESULT 885
processname:editor groupname:editor pid:1797 channel:stdout
{"level":"info","ts":1743844534.9296737,"logger":"http.log.access.log0","msg":"handled request","request":{"remote_ip":"::1","remote_port":"51812","client_ip":"::1","proto":"HTTP/1.1","method":"GET","host":"localhost","uri":"/","headers":{"User-Agent":["curl/7.68.0"],"Accept":["*/*"]}},"bytes_read":0,"user_id":"","duration":0.00078192,"size":5571,"status":200,"resp_headers":{"X-Appsmith-Request-Id":["76c65c0f-ee52-4756-ad65-dbdf3e39fd5a"],"X-Content-Type-Options":["nosniff"],"Content-Type":["text/html; charset=utf-8"],"Last-Modified":["Sat, 05 Apr 2025 09:12:01 GMT"],"Vary":["Accept-Encoding"],"Etag":["\"d8yl7xv3ydzk4ar\""],"Accept-Ranges":["bytes"],"Content-Length":["5571"],"Content-Security-Policy":["frame-ancestors 'self' *"],"X-Request-Id":["invalid_request_id"]},"uuid":"76c65c0f-ee52-4756-ad65-dbdf3e39fd5a"}
READY
RESULT 790
processname:editor groupname:editor pid:1797 channel:stderr
{"level":"debug","ts":1743844550.542602,"logger":"http.handlers.rewrite","msg":"rewrote request","request":{"remote_ip":"::1","remote_port":"60100","client_ip":"::1","proto":"HTTP/1.1","method":"GET","host":"localhost","uri":"/index.html","headers":{"User-Agent":["curl/7.68.0"],"Accept":["*/*"],"X-Request-Id":["invalid_request_id"]}},"method":"GET","uri":"/index.html"}
{"level":"debug","ts":1743844550.5426784,"logger":"http.handlers.file_server","msg":"sanitized path join","site_root":"/tmp/appsmith/www","fs":"","request_path":"/index.html","result":"/tmp/appsmith/www/index.html"}
{"level":"debug","ts":1743844550.5427196,"logger":"http.handlers.file_server","msg":"opening file","filename":"/tmp/appsmith/www/index.html"}
READY
RESULT 886
processname:editor groupname:editor pid:1797 channel:stdout
{"level":"info","ts":1743844550.5429783,"logger":"http.log.access.log0","msg":"handled request","request":{"remote_ip":"::1","remote_port":"60100","client_ip":"::1","proto":"HTTP/1.1","method":"GET","host":"localhost","uri":"/","headers":{"Accept":["*/*"],"User-Agent":["curl/7.68.0"]}},"bytes_read":0,"user_id":"","duration":0.000814378,"size":5571,"status":200,"resp_headers":{"X-Content-Type-Options":["nosniff"],"Content-Security-Policy":["frame-ancestors 'self' *"],"X-Request-Id":["invalid_request_id"],"Etag":["\"d8yl7xv3ydzk4ar\""],"Last-Modified":["Sat, 05 Apr 2025 09:12:01 GMT"],"Content-Length":["5571"],"X-Appsmith-Request-Id":["56c0b9cb-9075-478c-90d7-f7dce3f25e10"],"Vary":["Accept-Encoding"],"Content-Type":["text/html; charset=utf-8"],"Accept-Ranges":["bytes"]},"uuid":"56c0b9cb-9075-478c-90d7-f7dce3f25e10"}
READY
RESULT 432
processname:editor groupname:editor pid:1797 channel:stderr
{"level":"debug","ts":1743844566.708066,"logger":"http.handlers.rewrite","msg":"rewrote request","request":{"remote_ip":"::1","remote_port":"34650","client_ip":"::1","proto":"HTTP/1.1","method":"GET","host":"localhost","uri":"/index.html","headers":{"Accept":["*/*"],"X-Request-Id":["invalid_request_id"],"User-Agent":["curl/7.68.0"]}},"method":"GET","uri":"/index.html"}
READY
RESULT 885
processname:editor groupname:editor pid:1797 channel:stdout
{"level":"info","ts":1743844566.708779,"logger":"http.log.access.log0","msg":"handled request","request":{"remote_ip":"::1","remote_port":"34650","client_ip":"::1","proto":"HTTP/1.1","method":"GET","host":"localhost","uri":"/","headers":{"Accept":["*/*"],"User-Agent":["curl/7.68.0"]}},"bytes_read":0,"user_id":"","duration":0.001125378,"size":5571,"status":200,"resp_headers":{"Last-Modified":["Sat, 05 Apr 2025 09:12:01 GMT"],"Content-Length":["5571"],"Content-Security-Policy":["frame-ancestors 'self' *"],"X-Content-Type-Options":["nosniff"],"Vary":["Accept-Encoding"],"Etag":["\"d8yl7xv3ydzk4ar\""],"Content-Type":["text/html; charset=utf-8"],"Accept-Ranges":["bytes"],"X-Appsmith-Request-Id":["a42aa9e7-b8a1-46a8-b61b-8ff70a6567fb"],"X-Request-Id":["invalid_request_id"]},"uuid":"a42aa9e7-b8a1-46a8-b61b-8ff70a6567fb"}
READY
RESULT 417
processname:editor groupname:editor pid:1797 channel:stderr
{"level":"debug","ts":1743844566.708148,"logger":"http.handlers.file_server","msg":"sanitized path join","site_root":"/tmp/appsmith/www","fs":"","request_path":"/index.html","result":"/tmp/appsmith/www/index.html"}
{"level":"debug","ts":1743844566.7084394,"logger":"http.handlers.file_server","msg":"opening file","filename":"/tmp/appsmith/www/index.html"}
READY
RESULT 791
processname:editor groupname:editor pid:1797 channel:stderr
{"level":"debug","ts":1743844582.8437521,"logger":"http.handlers.rewrite","msg":"rewrote request","request":{"remote_ip":"::1","remote_port":"34578","client_ip":"::1","proto":"HTTP/1.1","method":"GET","host":"localhost","uri":"/index.html","headers":{"User-Agent":["curl/7.68.0"],"Accept":["*/*"],"X-Request-Id":["invalid_request_id"]}},"method":"GET","uri":"/index.html"}
{"level":"debug","ts":1743844582.8438544,"logger":"http.handlers.file_server","msg":"sanitized path join","site_root":"/tmp/appsmith/www","fs":"","request_path":"/index.html","result":"/tmp/appsmith/www/index.html"}
{"level":"debug","ts":1743844582.8439147,"logger":"http.handlers.file_server","msg":"opening file","filename":"/tmp/appsmith/www/index.html"}
READY
RESULT 885
processname:editor groupname:editor pid:1797 channel:stdout
{"level":"info","ts":1743844582.8443098,"logger":"http.log.access.log0","msg":"handled request","request":{"remote_ip":"::1","remote_port":"34578","client_ip":"::1","proto":"HTTP/1.1","method":"GET","host":"localhost","uri":"/","headers":{"User-Agent":["curl/7.68.0"],"Accept":["*/*"]}},"bytes_read":0,"user_id":"","duration":0.00112329,"size":5571,"status":200,"resp_headers":{"X-Request-Id":["invalid_request_id"],"Content-Length":["5571"],"Content-Security-Policy":["frame-ancestors 'self' *"],"Vary":["Accept-Encoding"],"Etag":["\"d8yl7xv3ydzk4ar\""],"Content-Type":["text/html; charset=utf-8"],"Last-Modified":["Sat, 05 Apr 2025 09:12:01 GMT"],"Accept-Ranges":["bytes"],"X-Appsmith-Request-Id":["e54c8f31-4647-47d1-9abd-ee6f689925ed"],"X-Content-Type-Options":["nosniff"]},"uuid":"e54c8f31-4647-47d1-9abd-ee6f689925ed"}
READY
RESULT 886
processname:editor groupname:editor pid:1797 channel:stdout
{"level":"info","ts":1743844598.5737407,"logger":"http.log.access.log0","msg":"handled request","request":{"remote_ip":"::1","remote_port":"37356","client_ip":"::1","proto":"HTTP/1.1","method":"GET","host":"localhost","uri":"/","headers":{"Accept":["*/*"],"User-Agent":["curl/7.68.0"]}},"bytes_read":0,"user_id":"","duration":0.000758753,"size":5571,"status":200,"resp_headers":{"Etag":["\"d8yl7xv3ydzk4ar\""],"Last-Modified":["Sat, 05 Apr 2025 09:12:01 GMT"],"Accept-Ranges":["bytes"],"Content-Length":["5571"],"X-Content-Type-Options":["nosniff"],"Vary":["Accept-Encoding"],"X-Request-Id":["invalid_request_id"],"Content-Type":["text/html; charset=utf-8"],"Content-Security-Policy":["frame-ancestors 'self' *"],"X-Appsmith-Request-Id":["f9b6ca3f-1607-490c-8027-00d10e814dd9"]},"uuid":"f9b6ca3f-1607-490c-8027-00d10e814dd9"}
READY
RESULT 790
processname:editor groupname:editor pid:1797 channel:stderr
{"level":"debug","ts":1743844598.573386,"logger":"http.handlers.rewrite","msg":"rewrote request","request":{"remote_ip":"::1","remote_port":"37356","client_ip":"::1","proto":"HTTP/1.1","method":"GET","host":"localhost","uri":"/index.html","headers":{"Accept":["*/*"],"X-Request-Id":["invalid_request_id"],"User-Agent":["curl/7.68.0"]}},"method":"GET","uri":"/index.html"}
{"level":"debug","ts":1743844598.5734549,"logger":"http.handlers.file_server","msg":"sanitized path join","site_root":"/tmp/appsmith/www","fs":"","request_path":"/index.html","result":"/tmp/appsmith/www/index.html"}
{"level":"debug","ts":1743844598.5734904,"logger":"http.handlers.file_server","msg":"opening file","filename":"/tmp/appsmith/www/index.html"}
READY
RESULT 189
processname:backend groupname:backend pid:1793 channel:stdout
[2025-04-05 09:16:45,910] [scheduling-1] requestId= userEmail= traceId= spanId= - Lock already acquired for: lock:pingSchedule
READY
RESULT 186
processname:backend groupname:backend pid:1793 channel:stdout
[2025-04-05 09:16:45,923] [scheduling-1] requestId= userEmail= traceId= spanId= - Lock already acquired for: lock:pingStats
READY
RESULT 790
processname:editor groupname:editor pid:1797 channel:stderr
{"level":"debug","ts":1743844614.0649867,"logger":"http.handlers.rewrite","msg":"rewrote request","request":{"remote_ip":"::1","remote_port":"60102","client_ip":"::1","proto":"HTTP/1.1","method":"GET","host":"localhost","uri":"/index.html","headers":{"User-Agent":["curl/7.68.0"],"Accept":["*/*"],"X-Request-Id":["invalid_request_id"]}},"method":"GET","uri":"/index.html"}
{"level":"debug","ts":1743844614.065061,"logger":"http.handlers.file_server","msg":"sanitized path join","site_root":"/tmp/appsmith/www","fs":"","request_path":"/index.html","result":"/tmp/appsmith/www/index.html"}
{"level":"debug","ts":1743844614.0651073,"logger":"http.handlers.file_server","msg":"opening file","filename":"/tmp/appsmith/www/index.html"}
READY
RESULT 886
processname:editor groupname:editor pid:1797 channel:stdout
{"level":"info","ts":1743844614.0654013,"logger":"http.log.access.log0","msg":"handled request","request":{"remote_ip":"::1","remote_port":"60102","client_ip":"::1","proto":"HTTP/1.1","method":"GET","host":"localhost","uri":"/","headers":{"Accept":["*/*"],"User-Agent":["curl/7.68.0"]}},"bytes_read":0,"user_id":"","duration":0.000767752,"size":5571,"status":200,"resp_headers":{"X-Appsmith-Request-Id":["fd93deb0-78bd-40e9-91a4-9a59a901304b"],"X-Request-Id":["invalid_request_id"],"Vary":["Accept-Encoding"],"Content-Type":["text/html; charset=utf-8"],"Content-Security-Policy":["frame-ancestors 'self' *"],"Etag":["\"d8yl7xv3ydzk4ar\""],"Last-Modified":["Sat, 05 Apr 2025 09:12:01 GMT"],"Accept-Ranges":["bytes"],"Content-Length":["5571"],"X-Content-Type-Options":["nosniff"]},"uuid":"fd93deb0-78bd-40e9-91a4-9a59a901304b"}
READY
RESULT 790
processname:editor groupname:editor pid:1797 channel:stderr
{"level":"debug","ts":1743844629.5767758,"logger":"http.handlers.rewrite","msg":"rewrote request","request":{"remote_ip":"::1","remote_port":"33814","client_ip":"::1","proto":"HTTP/1.1","method":"GET","host":"localhost","uri":"/index.html","headers":{"User-Agent":["curl/7.68.0"],"Accept":["*/*"],"X-Request-Id":["invalid_request_id"]}},"method":"GET","uri":"/index.html"}
{"level":"debug","ts":1743844629.5768547,"logger":"http.handlers.file_server","msg":"sanitized path join","site_root":"/tmp/appsmith/www","fs":"","request_path":"/index.html","result":"/tmp/appsmith/www/index.html"}
{"level":"debug","ts":1743844629.576898,"logger":"http.handlers.file_server","msg":"opening file","filename":"/tmp/appsmith/www/index.html"}
READY
RESULT 885
processname:editor groupname:editor pid:1797 channel:stdout
{"level":"info","ts":1743844629.577208,"logger":"http.log.access.log0","msg":"handled request","request":{"remote_ip":"::1","remote_port":"33814","client_ip":"::1","proto":"HTTP/1.1","method":"GET","host":"localhost","uri":"/","headers":{"User-Agent":["curl/7.68.0"],"Accept":["*/*"]}},"bytes_read":0,"user_id":"","duration":0.000896737,"size":5571,"status":200,"resp_headers":{"Content-Security-Policy":["frame-ancestors 'self' *"],"X-Appsmith-Request-Id":["d0f30af5-e39d-43ee-9c9a-173b47efc35e"],"X-Content-Type-Options":["nosniff"],"Vary":["Accept-Encoding"],"Content-Type":["text/html; charset=utf-8"],"Accept-Ranges":["bytes"],"Content-Length":["5571"],"X-Request-Id":["invalid_request_id"],"Etag":["\"d8yl7xv3ydzk4ar\""],"Last-Modified":["Sat, 05 Apr 2025 09:12:01 GMT"]},"uuid":"d0f30af5-e39d-43ee-9c9a-173b47efc35e"}
READY
RESULT 791
processname:editor groupname:editor pid:1797 channel:stderr
{"level":"debug","ts":1743844645.6661868,"logger":"http.handlers.rewrite","msg":"rewrote request","request":{"remote_ip":"::1","remote_port":"45948","client_ip":"::1","proto":"HTTP/1.1","method":"GET","host":"localhost","uri":"/index.html","headers":{"User-Agent":["curl/7.68.0"],"Accept":["*/*"],"X-Request-Id":["invalid_request_id"]}},"method":"GET","uri":"/index.html"}
{"level":"debug","ts":1743844645.6662617,"logger":"http.handlers.file_server","msg":"sanitized path join","site_root":"/tmp/appsmith/www","fs":"","request_path":"/index.html","result":"/tmp/appsmith/www/index.html"}
{"level":"debug","ts":1743844645.6663008,"logger":"http.handlers.file_server","msg":"opening file","filename":"/tmp/appsmith/www/index.html"}
READY
RESULT 886
processname:editor groupname:editor pid:1797 channel:stdout
{"level":"info","ts":1743844645.6666358,"logger":"http.log.access.log0","msg":"handled request","request":{"remote_ip":"::1","remote_port":"45948","client_ip":"::1","proto":"HTTP/1.1","method":"GET","host":"localhost","uri":"/","headers":{"Accept":["*/*"],"User-Agent":["curl/7.68.0"]}},"bytes_read":0,"user_id":"","duration":0.000796829,"size":5571,"status":200,"resp_headers":{"Content-Type":["text/html; charset=utf-8"],"Last-Modified":["Sat, 05 Apr 2025 09:12:01 GMT"],"Accept-Ranges":["bytes"],"X-Content-Type-Options":["nosniff"],"X-Request-Id":["invalid_request_id"],"Vary":["Accept-Encoding"],"Etag":["\"d8yl7xv3ydzk4ar\""],"Content-Length":["5571"],"Content-Security-Policy":["frame-ancestors 'self' *"],"X-Appsmith-Request-Id":["3b3b6978-8bc4-4cec-89af-bfe8a2f23d51"]},"uuid":"3b3b6978-8bc4-4cec-89af-bfe8a2f23d51"}
READY
RESULT 886
processname:editor groupname:editor pid:1797 channel:stdout
{"level":"info","ts":1743844661.7189867,"logger":"http.log.access.log0","msg":"handled request","request":{"remote_ip":"::1","remote_port":"52800","client_ip":"::1","proto":"HTTP/1.1","method":"GET","host":"localhost","uri":"/","headers":{"User-Agent":["curl/7.68.0"],"Accept":["*/*"]}},"bytes_read":0,"user_id":"","duration":0.000833375,"size":5571,"status":200,"resp_headers":{"Content-Type":["text/html; charset=utf-8"],"Accept-Ranges":["bytes"],"Content-Length":["5571"],"X-Content-Type-Options":["nosniff"],"Content-Security-Policy":["frame-ancestors 'self' *"],"X-Request-Id":["invalid_request_id"],"Vary":["Accept-Encoding"],"Etag":["\"d8yl7xv3ydzk4ar\""],"Last-Modified":["Sat, 05 Apr 2025 09:12:01 GMT"],"X-Appsmith-Request-Id":["2006883a-ba6b-40ca-acb8-bd7e106a9fda"]},"uuid":"2006883a-ba6b-40ca-acb8-bd7e106a9fda"}
READY
RESULT 791
processname:editor groupname:editor pid:1797 channel:stderr
{"level":"debug","ts":1743844661.7185655,"logger":"http.handlers.rewrite","msg":"rewrote request","request":{"remote_ip":"::1","remote_port":"52800","client_ip":"::1","proto":"HTTP/1.1","method":"GET","host":"localhost","uri":"/index.html","headers":{"User-Agent":["curl/7.68.0"],"Accept":["*/*"],"X-Request-Id":["invalid_request_id"]}},"method":"GET","uri":"/index.html"}
{"level":"debug","ts":1743844661.7186365,"logger":"http.handlers.file_server","msg":"sanitized path join","site_root":"/tmp/appsmith/www","fs":"","request_path":"/index.html","result":"/tmp/appsmith/www/index.html"}
{"level":"debug","ts":1743844661.7186766,"logger":"http.handlers.file_server","msg":"opening file","filename":"/tmp/appsmith/www/index.html"}
READY
RESULT 791
processname:editor groupname:editor pid:1797 channel:stderr
{"level":"debug","ts":1743844677.2954195,"logger":"http.handlers.rewrite","msg":"rewrote request","request":{"remote_ip":"::1","remote_port":"52132","client_ip":"::1","proto":"HTTP/1.1","method":"GET","host":"localhost","uri":"/index.html","headers":{"User-Agent":["curl/7.68.0"],"Accept":["*/*"],"X-Request-Id":["invalid_request_id"]}},"method":"GET","uri":"/index.html"}
{"level":"debug","ts":1743844677.2955139,"logger":"http.handlers.file_server","msg":"sanitized path join","site_root":"/tmp/appsmith/www","fs":"","request_path":"/index.html","result":"/tmp/appsmith/www/index.html"}
{"level":"debug","ts":1743844677.2955637,"logger":"http.handlers.file_server","msg":"opening file","filename":"/tmp/appsmith/www/index.html"}
READY
RESULT 885
processname:editor groupname:editor pid:1797 channel:stdout
{"level":"info","ts":1743844677.295991,"logger":"http.log.access.log0","msg":"handled request","request":{"remote_ip":"::1","remote_port":"52132","client_ip":"::1","proto":"HTTP/1.1","method":"GET","host":"localhost","uri":"/","headers":{"User-Agent":["curl/7.68.0"],"Accept":["*/*"]}},"bytes_read":0,"user_id":"","duration":0.001279329,"size":5571,"status":200,"resp_headers":{"Content-Security-Policy":["frame-ancestors 'self' *"],"X-Content-Type-Options":["nosniff"],"X-Request-Id":["invalid_request_id"],"Etag":["\"d8yl7xv3ydzk4ar\""],"Content-Type":["text/html; charset=utf-8"],"Last-Modified":["Sat, 05 Apr 2025 09:12:01 GMT"],"Vary":["Accept-Encoding"],"Accept-Ranges":["bytes"],"Content-Length":["5571"],"X-Appsmith-Request-Id":["14e50aed-9fa9-4859-a135-41db145b2410"]},"uuid":"14e50aed-9fa9-4859-a135-41db145b2410"}
READY
RESULT 886
processname:editor groupname:editor pid:1797 channel:stdout
{"level":"info","ts":1743844693.0080094,"logger":"http.log.access.log0","msg":"handled request","request":{"remote_ip":"::1","remote_port":"40524","client_ip":"::1","proto":"HTTP/1.1","method":"GET","host":"localhost","uri":"/","headers":{"User-Agent":["curl/7.68.0"],"Accept":["*/*"]}},"bytes_read":0,"user_id":"","duration":0.000880331,"size":5571,"status":200,"resp_headers":{"Vary":["Accept-Encoding"],"Etag":["\"d8yl7xv3ydzk4ar\""],"Content-Type":["text/html; charset=utf-8"],"Last-Modified":["Sat, 05 Apr 2025 09:12:01 GMT"],"Accept-Ranges":["bytes"],"Content-Length":["5571"],"Content-Security-Policy":["frame-ancestors 'self' *"],"X-Request-Id":["invalid_request_id"],"X-Content-Type-Options":["nosniff"],"X-Appsmith-Request-Id":["63e29d7d-f5c7-4a16-94e6-585d27638ac8"]},"uuid":"63e29d7d-f5c7-4a16-94e6-585d27638ac8"}
READY
RESULT 790
processname:editor groupname:editor pid:1797 channel:stderr
{"level":"debug","ts":1743844693.007547,"logger":"http.handlers.rewrite","msg":"rewrote request","request":{"remote_ip":"::1","remote_port":"40524","client_ip":"::1","proto":"HTTP/1.1","method":"GET","host":"localhost","uri":"/index.html","headers":{"User-Agent":["curl/7.68.0"],"Accept":["*/*"],"X-Request-Id":["invalid_request_id"]}},"method":"GET","uri":"/index.html"}
{"level":"debug","ts":1743844693.0076363,"logger":"http.handlers.file_server","msg":"sanitized path join","site_root":"/tmp/appsmith/www","fs":"","request_path":"/index.html","result":"/tmp/appsmith/www/index.html"}
{"level":"debug","ts":1743844693.0076895,"logger":"http.handlers.file_server","msg":"opening file","filename":"/tmp/appsmith/www/index.html"}
READY
RESULT 790
processname:editor groupname:editor pid:1797 channel:stderr
{"level":"debug","ts":1743844713.655709,"logger":"http.handlers.rewrite","msg":"rewrote request","request":{"remote_ip":"::1","remote_port":"46950","client_ip":"::1","proto":"HTTP/1.1","method":"GET","host":"localhost","uri":"/index.html","headers":{"User-Agent":["curl/7.68.0"],"Accept":["*/*"],"X-Request-Id":["invalid_request_id"]}},"method":"GET","uri":"/index.html"}
{"level":"debug","ts":1743844713.6558027,"logger":"http.handlers.file_server","msg":"sanitized path join","site_root":"/tmp/appsmith/www","fs":"","request_path":"/index.html","result":"/tmp/appsmith/www/index.html"}
{"level":"debug","ts":1743844713.6558645,"logger":"http.handlers.file_server","msg":"opening file","filename":"/tmp/appsmith/www/index.html"}
READY
RESULT 885
processname:editor groupname:editor pid:1797 channel:stdout
{"level":"info","ts":1743844713.656237,"logger":"http.log.access.log0","msg":"handled request","request":{"remote_ip":"::1","remote_port":"46950","client_ip":"::1","proto":"HTTP/1.1","method":"GET","host":"localhost","uri":"/","headers":{"User-Agent":["curl/7.68.0"],"Accept":["*/*"]}},"bytes_read":0,"user_id":"","duration":0.001067308,"size":5571,"status":200,"resp_headers":{"Content-Type":["text/html; charset=utf-8"],"Accept-Ranges":["bytes"],"X-Appsmith-Request-Id":["8f612290-e922-4ca4-971e-aea321f7e01d"],"X-Content-Type-Options":["nosniff"],"Vary":["Accept-Encoding"],"Etag":["\"d8yl7xv3ydzk4ar\""],"Last-Modified":["Sat, 05 Apr 2025 09:12:01 GMT"],"Content-Length":["5571"],"Content-Security-Policy":["frame-ancestors 'self' *"],"X-Request-Id":["invalid_request_id"]},"uuid":"8f612290-e922-4ca4-971e-aea321f7e01d"}
READY
RESULT 790
processname:editor groupname:editor pid:1797 channel:stderr
{"level":"debug","ts":1743844729.6850128,"logger":"http.handlers.rewrite","msg":"rewrote request","request":{"remote_ip":"::1","remote_port":"42628","client_ip":"::1","proto":"HTTP/1.1","method":"GET","host":"localhost","uri":"/index.html","headers":{"X-Request-Id":["invalid_request_id"],"User-Agent":["curl/7.68.0"],"Accept":["*/*"]}},"method":"GET","uri":"/index.html"}
{"level":"debug","ts":1743844729.685116,"logger":"http.handlers.file_server","msg":"sanitized path join","site_root":"/tmp/appsmith/www","fs":"","request_path":"/index.html","result":"/tmp/appsmith/www/index.html"}
{"level":"debug","ts":1743844729.6851728,"logger":"http.handlers.file_server","msg":"opening file","filename":"/tmp/appsmith/www/index.html"}
READY
RESULT 886
processname:editor groupname:editor pid:1797 channel:stdout
{"level":"info","ts":1743844729.6855316,"logger":"http.log.access.log0","msg":"handled request","request":{"remote_ip":"::1","remote_port":"42628","client_ip":"::1","proto":"HTTP/1.1","method":"GET","host":"localhost","uri":"/","headers":{"User-Agent":["curl/7.68.0"],"Accept":["*/*"]}},"bytes_read":0,"user_id":"","duration":0.000949064,"size":5571,"status":200,"resp_headers":{"Last-Modified":["Sat, 05 Apr 2025 09:12:01 GMT"],"Content-Security-Policy":["frame-ancestors 'self' *"],"X-Appsmith-Request-Id":["d84a511a-f464-4871-865f-cb69a5709695"],"X-Content-Type-Options":["nosniff"],"Content-Type":["text/html; charset=utf-8"],"Etag":["\"d8yl7xv3ydzk4ar\""],"Accept-Ranges":["bytes"],"Content-Length":["5571"],"X-Request-Id":["invalid_request_id"],"Vary":["Accept-Encoding"]},"uuid":"d84a511a-f464-4871-865f-cb69a5709695"}
READY
RESULT 791
processname:editor groupname:editor pid:1797 channel:stderr
{"level":"debug","ts":1743844745.4289691,"logger":"http.handlers.rewrite","msg":"rewrote request","request":{"remote_ip":"::1","remote_port":"53536","client_ip":"::1","proto":"HTTP/1.1","method":"GET","host":"localhost","uri":"/index.html","headers":{"User-Agent":["curl/7.68.0"],"Accept":["*/*"],"X-Request-Id":["invalid_request_id"]}},"method":"GET","uri":"/index.html"}
{"level":"debug","ts":1743844745.4290538,"logger":"http.handlers.file_server","msg":"sanitized path join","site_root":"/tmp/appsmith/www","fs":"","request_path":"/index.html","result":"/tmp/appsmith/www/index.html"}
{"level":"debug","ts":1743844745.4291005,"logger":"http.handlers.file_server","msg":"opening file","filename":"/tmp/appsmith/www/index.html"}
READY
RESULT 886
processname:editor groupname:editor pid:1797 channel:stdout
{"level":"info","ts":1743844745.4293892,"logger":"http.log.access.log0","msg":"handled request","request":{"remote_ip":"::1","remote_port":"53536","client_ip":"::1","proto":"HTTP/1.1","method":"GET","host":"localhost","uri":"/","headers":{"User-Agent":["curl/7.68.0"],"Accept":["*/*"]}},"bytes_read":0,"user_id":"","duration":0.000800682,"size":5571,"status":200,"resp_headers":{"X-Request-Id":["invalid_request_id"],"Etag":["\"d8yl7xv3ydzk4ar\""],"Content-Type":["text/html; charset=utf-8"],"Content-Length":["5571"],"Content-Security-Policy":["frame-ancestors 'self' *"],"X-Content-Type-Options":["nosniff"],"Vary":["Accept-Encoding"],"Last-Modified":["Sat, 05 Apr 2025 09:12:01 GMT"],"Accept-Ranges":["bytes"],"X-Appsmith-Request-Id":["3ac8fac5-2f9e-4776-926c-7bcf1ae2ef25"]},"uuid":"3ac8fac5-2f9e-4776-926c-7bcf1ae2ef25"}
READY
RESULT 791
processname:editor groupname:editor pid:1797 channel:stderr
{"level":"debug","ts":1743844760.8672383,"logger":"http.handlers.rewrite","msg":"rewrote request","request":{"remote_ip":"::1","remote_port":"47348","client_ip":"::1","proto":"HTTP/1.1","method":"GET","host":"localhost","uri":"/index.html","headers":{"User-Agent":["curl/7.68.0"],"Accept":["*/*"],"X-Request-Id":["invalid_request_id"]}},"method":"GET","uri":"/index.html"}
{"level":"debug","ts":1743844760.8673046,"logger":"http.handlers.file_server","msg":"sanitized path join","site_root":"/tmp/appsmith/www","fs":"","request_path":"/index.html","result":"/tmp/appsmith/www/index.html"}
{"level":"debug","ts":1743844760.8673449,"logger":"http.handlers.file_server","msg":"opening file","filename":"/tmp/appsmith/www/index.html"}
READY
RESULT 886
processname:editor groupname:editor pid:1797 channel:stdout
{"level":"info","ts":1743844760.8676329,"logger":"http.log.access.log0","msg":"handled request","request":{"remote_ip":"::1","remote_port":"47348","client_ip":"::1","proto":"HTTP/1.1","method":"GET","host":"localhost","uri":"/","headers":{"User-Agent":["curl/7.68.0"],"Accept":["*/*"]}},"bytes_read":0,"user_id":"","duration":0.000663397,"size":5571,"status":200,"resp_headers":{"Accept-Ranges":["bytes"],"X-Content-Type-Options":["nosniff"],"Content-Security-Policy":["frame-ancestors 'self' *"],"Vary":["Accept-Encoding"],"Content-Type":["text/html; charset=utf-8"],"Last-Modified":["Sat, 05 Apr 2025 09:12:01 GMT"],"Content-Length":["5571"],"X-Appsmith-Request-Id":["9a644591-ffaa-4203-bbbf-24f218b25d91"],"X-Request-Id":["invalid_request_id"],"Etag":["\"d8yl7xv3ydzk4ar\""]},"uuid":"9a644591-ffaa-4203-bbbf-24f218b25d91"}
READY
RESULT 791
processname:editor groupname:editor pid:1797 channel:stderr
{"level":"debug","ts":1743844776.2968771,"logger":"http.handlers.rewrite","msg":"rewrote request","request":{"remote_ip":"::1","remote_port":"35566","client_ip":"::1","proto":"HTTP/1.1","method":"GET","host":"localhost","uri":"/index.html","headers":{"Accept":["*/*"],"X-Request-Id":["invalid_request_id"],"User-Agent":["curl/7.68.0"]}},"method":"GET","uri":"/index.html"}
{"level":"debug","ts":1743844776.2969358,"logger":"http.handlers.file_server","msg":"sanitized path join","site_root":"/tmp/appsmith/www","fs":"","request_path":"/index.html","result":"/tmp/appsmith/www/index.html"}
{"level":"debug","ts":1743844776.2969658,"logger":"http.handlers.file_server","msg":"opening file","filename":"/tmp/appsmith/www/index.html"}
READY
RESULT 886
processname:editor groupname:editor pid:1797 channel:stdout
{"level":"info","ts":1743844776.2973413,"logger":"http.log.access.log0","msg":"handled request","request":{"remote_ip":"::1","remote_port":"35566","client_ip":"::1","proto":"HTTP/1.1","method":"GET","host":"localhost","uri":"/","headers":{"User-Agent":["curl/7.68.0"],"Accept":["*/*"]}},"bytes_read":0,"user_id":"","duration":0.000805974,"size":5571,"status":200,"resp_headers":{"X-Request-Id":["invalid_request_id"],"Last-Modified":["Sat, 05 Apr 2025 09:12:01 GMT"],"Accept-Ranges":["bytes"],"Content-Security-Policy":["frame-ancestors 'self' *"],"X-Appsmith-Request-Id":["09549119-00b4-497d-9cca-a67b13cc7eaa"],"Vary":["Accept-Encoding"],"Etag":["\"d8yl7xv3ydzk4ar\""],"Content-Type":["text/html; charset=utf-8"],"Content-Length":["5571"],"X-Content-Type-Options":["nosniff"]},"uuid":"09549119-00b4-497d-9cca-a67b13cc7eaa"}
READY
RESULT 791
processname:editor groupname:editor pid:1797 channel:stderr
{"level":"debug","ts":1743844791.7512226,"logger":"http.handlers.rewrite","msg":"rewrote request","request":{"remote_ip":"::1","remote_port":"58564","client_ip":"::1","proto":"HTTP/1.1","method":"GET","host":"localhost","uri":"/index.html","headers":{"Accept":["*/*"],"X-Request-Id":["invalid_request_id"],"User-Agent":["curl/7.68.0"]}},"method":"GET","uri":"/index.html"}
{"level":"debug","ts":1743844791.7513072,"logger":"http.handlers.file_server","msg":"sanitized path join","site_root":"/tmp/appsmith/www","fs":"","request_path":"/index.html","result":"/tmp/appsmith/www/index.html"}
{"level":"debug","ts":1743844791.7513583,"logger":"http.handlers.file_server","msg":"opening file","filename":"/tmp/appsmith/www/index.html"}
READY
RESULT 886
processname:editor groupname:editor pid:1797 channel:stdout
{"level":"info","ts":1743844791.7517211,"logger":"http.log.access.log0","msg":"handled request","request":{"remote_ip":"::1","remote_port":"58564","client_ip":"::1","proto":"HTTP/1.1","method":"GET","host":"localhost","uri":"/","headers":{"Accept":["*/*"],"User-Agent":["curl/7.68.0"]}},"bytes_read":0,"user_id":"","duration":0.000924597,"size":5571,"status":200,"resp_headers":{"Etag":["\"d8yl7xv3ydzk4ar\""],"Content-Type":["text/html; charset=utf-8"],"X-Request-Id":["invalid_request_id"],"Vary":["Accept-Encoding"],"Last-Modified":["Sat, 05 Apr 2025 09:12:01 GMT"],"Accept-Ranges":["bytes"],"Content-Length":["5571"],"Content-Security-Policy":["frame-ancestors 'self' *"],"X-Appsmith-Request-Id":["a3de4cf6-4301-4d47-b11f-33512dae5539"],"X-Content-Type-Options":["nosniff"]},"uuid":"a3de4cf6-4301-4d47-b11f-33512dae5539"}
READY
RESULT 790
processname:editor groupname:editor pid:1797 channel:stderr
{"level":"debug","ts":1743844808.0383344,"logger":"http.handlers.rewrite","msg":"rewrote request","request":{"remote_ip":"::1","remote_port":"51266","client_ip":"::1","proto":"HTTP/1.1","method":"GET","host":"localhost","uri":"/index.html","headers":{"User-Agent":["curl/7.68.0"],"Accept":["*/*"],"X-Request-Id":["invalid_request_id"]}},"method":"GET","uri":"/index.html"}
{"level":"debug","ts":1743844808.038429,"logger":"http.handlers.file_server","msg":"sanitized path join","site_root":"/tmp/appsmith/www","fs":"","request_path":"/index.html","result":"/tmp/appsmith/www/index.html"}
{"level":"debug","ts":1743844808.0384817,"logger":"http.handlers.file_server","msg":"opening file","filename":"/tmp/appsmith/www/index.html"}
READY
RESULT 885
processname:editor groupname:editor pid:1797 channel:stdout
{"level":"info","ts":1743844808.0388427,"logger":"http.log.access.log0","msg":"handled request","request":{"remote_ip":"::1","remote_port":"51266","client_ip":"::1","proto":"HTTP/1.1","method":"GET","host":"localhost","uri":"/","headers":{"User-Agent":["curl/7.68.0"],"Accept":["*/*"]}},"bytes_read":0,"user_id":"","duration":0.00092848,"size":5571,"status":200,"resp_headers":{"X-Appsmith-Request-Id":["284052dc-185c-4990-a455-9a7df1577ea5"],"X-Content-Type-Options":["nosniff"],"Content-Security-Policy":["frame-ancestors 'self' *"],"Vary":["Accept-Encoding"],"Etag":["\"d8yl7xv3ydzk4ar\""],"Content-Type":["text/html; charset=utf-8"],"X-Request-Id":["invalid_request_id"],"Last-Modified":["Sat, 05 Apr 2025 09:12:01 GMT"],"Accept-Ranges":["bytes"],"Content-Length":["5571"]},"uuid":"284052dc-185c-4990-a455-9a7df1577ea5"}
READY
RESULT 790
processname:editor groupname:editor pid:1797 channel:stderr
{"level":"debug","ts":1743844824.4759996,"logger":"http.handlers.rewrite","msg":"rewrote request","request":{"remote_ip":"::1","remote_port":"36780","client_ip":"::1","proto":"HTTP/1.1","method":"GET","host":"localhost","uri":"/index.html","headers":{"User-Agent":["curl/7.68.0"],"Accept":["*/*"],"X-Request-Id":["invalid_request_id"]}},"method":"GET","uri":"/index.html"}
{"level":"debug","ts":1743844824.476095,"logger":"http.handlers.file_server","msg":"sanitized path join","site_root":"/tmp/appsmith/www","fs":"","request_path":"/index.html","result":"/tmp/appsmith/www/index.html"}
{"level":"debug","ts":1743844824.4761882,"logger":"http.handlers.file_server","msg":"opening file","filename":"/tmp/appsmith/www/index.html"}
READY
RESULT 886
processname:editor groupname:editor pid:1797 channel:stdout
{"level":"info","ts":1743844824.4765887,"logger":"http.log.access.log0","msg":"handled request","request":{"remote_ip":"::1","remote_port":"36780","client_ip":"::1","proto":"HTTP/1.1","method":"GET","host":"localhost","uri":"/","headers":{"Accept":["*/*"],"User-Agent":["curl/7.68.0"]}},"bytes_read":0,"user_id":"","duration":0.001105609,"size":5571,"status":200,"resp_headers":{"X-Content-Type-Options":["nosniff"],"Vary":["Accept-Encoding"],"Content-Type":["text/html; charset=utf-8"],"Accept-Ranges":["bytes"],"Content-Length":["5571"],"Content-Security-Policy":["frame-ancestors 'self' *"],"X-Request-Id":["invalid_request_id"],"Etag":["\"d8yl7xv3ydzk4ar\""],"Last-Modified":["Sat, 05 Apr 2025 09:12:01 GMT"],"X-Appsmith-Request-Id":["b18e9ba2-a491-4dc6-a2b4-502478ca7b1f"]},"uuid":"b18e9ba2-a491-4dc6-a2b4-502478ca7b1f"}
READY
RESULT 791
processname:editor groupname:editor pid:1797 channel:stderr
{"level":"debug","ts":1743844840.0732946,"logger":"http.handlers.rewrite","msg":"rewrote request","request":{"remote_ip":"::1","remote_port":"53870","client_ip":"::1","proto":"HTTP/1.1","method":"GET","host":"localhost","uri":"/index.html","headers":{"User-Agent":["curl/7.68.0"],"Accept":["*/*"],"X-Request-Id":["invalid_request_id"]}},"method":"GET","uri":"/index.html"}
{"level":"debug","ts":1743844840.0733702,"logger":"http.handlers.file_server","msg":"sanitized path join","site_root":"/tmp/appsmith/www","fs":"","request_path":"/index.html","result":"/tmp/appsmith/www/index.html"}
{"level":"debug","ts":1743844840.0734103,"logger":"http.handlers.file_server","msg":"opening file","filename":"/tmp/appsmith/www/index.html"}
READY
RESULT 886
processname:editor groupname:editor pid:1797 channel:stdout
{"level":"info","ts":1743844840.0736837,"logger":"http.log.access.log0","msg":"handled request","request":{"remote_ip":"::1","remote_port":"53870","client_ip":"::1","proto":"HTTP/1.1","method":"GET","host":"localhost","uri":"/","headers":{"User-Agent":["curl/7.68.0"],"Accept":["*/*"]}},"bytes_read":0,"user_id":"","duration":0.000722768,"size":5571,"status":200,"resp_headers":{"Vary":["Accept-Encoding"],"Last-Modified":["Sat, 05 Apr 2025 09:12:01 GMT"],"Accept-Ranges":["bytes"],"Content-Length":["5571"],"Content-Security-Policy":["frame-ancestors 'self' *"],"X-Appsmith-Request-Id":["9a298a8a-ecc4-49f0-96a4-3b5d31d17faa"],"X-Request-Id":["invalid_request_id"],"X-Content-Type-Options":["nosniff"],"Etag":["\"d8yl7xv3ydzk4ar\""],"Content-Type":["text/html; charset=utf-8"]},"uuid":"9a298a8a-ecc4-49f0-96a4-3b5d31d17faa"}
READY
RESULT 790
processname:editor groupname:editor pid:1797 channel:stderr
{"level":"debug","ts":1743844856.4046009,"logger":"http.handlers.rewrite","msg":"rewrote request","request":{"remote_ip":"::1","remote_port":"54436","client_ip":"::1","proto":"HTTP/1.1","method":"GET","host":"localhost","uri":"/index.html","headers":{"User-Agent":["curl/7.68.0"],"Accept":["*/*"],"X-Request-Id":["invalid_request_id"]}},"method":"GET","uri":"/index.html"}
{"level":"debug","ts":1743844856.4046593,"logger":"http.handlers.file_server","msg":"sanitized path join","site_root":"/tmp/appsmith/www","fs":"","request_path":"/index.html","result":"/tmp/appsmith/www/index.html"}
{"level":"debug","ts":1743844856.404735,"logger":"http.handlers.file_server","msg":"opening file","filename":"/tmp/appsmith/www/index.html"}
READY
RESULT 886
processname:editor groupname:editor pid:1797 channel:stdout
{"level":"info","ts":1743844856.4051087,"logger":"http.log.access.log0","msg":"handled request","request":{"remote_ip":"::1","remote_port":"54436","client_ip":"::1","proto":"HTTP/1.1","method":"GET","host":"localhost","uri":"/","headers":{"User-Agent":["curl/7.68.0"],"Accept":["*/*"]}},"bytes_read":0,"user_id":"","duration":0.000941306,"size":5571,"status":200,"resp_headers":{"Content-Security-Policy":["frame-ancestors 'self' *"],"X-Content-Type-Options":["nosniff"],"X-Request-Id":["invalid_request_id"],"Vary":["Accept-Encoding"],"Content-Type":["text/html; charset=utf-8"],"Last-Modified":["Sat, 05 Apr 2025 09:12:01 GMT"],"Accept-Ranges":["bytes"],"Etag":["\"d8yl7xv3ydzk4ar\""],"Content-Length":["5571"],"X-Appsmith-Request-Id":["78360bfb-a9a7-4109-870c-dfa3dbabd129"]},"uuid":"78360bfb-a9a7-4109-870c-dfa3dbabd129"}
READY
RESULT 791
processname:editor groupname:editor pid:1797 channel:stderr
{"level":"debug","ts":1743844872.0865924,"logger":"http.handlers.rewrite","msg":"rewrote request","request":{"remote_ip":"::1","remote_port":"50524","client_ip":"::1","proto":"HTTP/1.1","method":"GET","host":"localhost","uri":"/index.html","headers":{"User-Agent":["curl/7.68.0"],"Accept":["*/*"],"X-Request-Id":["invalid_request_id"]}},"method":"GET","uri":"/index.html"}
{"level":"debug","ts":1743844872.0867028,"logger":"http.handlers.file_server","msg":"sanitized path join","site_root":"/tmp/appsmith/www","fs":"","request_path":"/index.html","result":"/tmp/appsmith/www/index.html"}
{"level":"debug","ts":1743844872.0867515,"logger":"http.handlers.file_server","msg":"opening file","filename":"/tmp/appsmith/www/index.html"}
READY
RESULT 885
processname:editor groupname:editor pid:1797 channel:stdout
{"level":"info","ts":1743844872.0870833,"logger":"http.log.access.log0","msg":"handled request","request":{"remote_ip":"::1","remote_port":"50524","client_ip":"::1","proto":"HTTP/1.1","method":"GET","host":"localhost","uri":"/","headers":{"User-Agent":["curl/7.68.0"],"Accept":["*/*"]}},"bytes_read":0,"user_id":"","duration":0.00106981,"size":5571,"status":200,"resp_headers":{"Content-Type":["text/html; charset=utf-8"],"Content-Length":["5571"],"Content-Security-Policy":["frame-ancestors 'self' *"],"X-Content-Type-Options":["nosniff"],"X-Request-Id":["invalid_request_id"],"Vary":["Accept-Encoding"],"Last-Modified":["Sat, 05 Apr 2025 09:12:01 GMT"],"Accept-Ranges":["bytes"],"X-Appsmith-Request-Id":["2908fef2-0408-4a2a-ae2f-507beab7be63"],"Etag":["\"d8yl7xv3ydzk4ar\""]},"uuid":"2908fef2-0408-4a2a-ae2f-507beab7be63"}
READY
RESULT 791
processname:editor groupname:editor pid:1797 channel:stderr
{"level":"debug","ts":1743844888.2830544,"logger":"http.handlers.rewrite","msg":"rewrote request","request":{"remote_ip":"::1","remote_port":"41290","client_ip":"::1","proto":"HTTP/1.1","method":"GET","host":"localhost","uri":"/index.html","headers":{"Accept":["*/*"],"X-Request-Id":["invalid_request_id"],"User-Agent":["curl/7.68.0"]}},"method":"GET","uri":"/index.html"}
{"level":"debug","ts":1743844888.2831607,"logger":"http.handlers.file_server","msg":"sanitized path join","site_root":"/tmp/appsmith/www","fs":"","request_path":"/index.html","result":"/tmp/appsmith/www/index.html"}
{"level":"debug","ts":1743844888.2832072,"logger":"http.handlers.file_server","msg":"opening file","filename":"/tmp/appsmith/www/index.html"}
READY
RESULT 886
processname:editor groupname:editor pid:1797 channel:stdout
{"level":"info","ts":1743844888.2835643,"logger":"http.log.access.log0","msg":"handled request","request":{"remote_ip":"::1","remote_port":"41290","client_ip":"::1","proto":"HTTP/1.1","method":"GET","host":"localhost","uri":"/","headers":{"User-Agent":["curl/7.68.0"],"Accept":["*/*"]}},"bytes_read":0,"user_id":"","duration":0.001017582,"size":5571,"status":200,"resp_headers":{"X-Request-Id":["invalid_request_id"],"Etag":["\"d8yl7xv3ydzk4ar\""],"Content-Type":["text/html; charset=utf-8"],"Accept-Ranges":["bytes"],"Content-Length":["5571"],"Content-Security-Policy":["frame-ancestors 'self' *"],"Vary":["Accept-Encoding"],"Last-Modified":["Sat, 05 Apr 2025 09:12:01 GMT"],"X-Appsmith-Request-Id":["624e5877-5dd2-4b31-be46-f2746e2e8689"],"X-Content-Type-Options":["nosniff"]},"uuid":"624e5877-5dd2-4b31-be46-f2746e2e8689"}
READY
RESULT 790
processname:editor groupname:editor pid:1797 channel:stderr
{"level":"debug","ts":1743844904.084906,"logger":"http.handlers.rewrite","msg":"rewrote request","request":{"remote_ip":"::1","remote_port":"59058","client_ip":"::1","proto":"HTTP/1.1","method":"GET","host":"localhost","uri":"/index.html","headers":{"User-Agent":["curl/7.68.0"],"Accept":["*/*"],"X-Request-Id":["invalid_request_id"]}},"method":"GET","uri":"/index.html"}
{"level":"debug","ts":1743844904.0850039,"logger":"http.handlers.file_server","msg":"sanitized path join","site_root":"/tmp/appsmith/www","fs":"","request_path":"/index.html","result":"/tmp/appsmith/www/index.html"}
{"level":"debug","ts":1743844904.0850558,"logger":"http.handlers.file_server","msg":"opening file","filename":"/tmp/appsmith/www/index.html"}
READY
RESULT 885
processname:editor groupname:editor pid:1797 channel:stdout
{"level":"info","ts":1743844904.085431,"logger":"http.log.access.log0","msg":"handled request","request":{"remote_ip":"::1","remote_port":"59058","client_ip":"::1","proto":"HTTP/1.1","method":"GET","host":"localhost","uri":"/","headers":{"User-Agent":["curl/7.68.0"],"Accept":["*/*"]}},"bytes_read":0,"user_id":"","duration":0.000996196,"size":5571,"status":200,"resp_headers":{"Last-Modified":["Sat, 05 Apr 2025 09:12:01 GMT"],"Content-Security-Policy":["frame-ancestors 'self' *"],"X-Content-Type-Options":["nosniff"],"X-Request-Id":["invalid_request_id"],"Vary":["Accept-Encoding"],"Etag":["\"d8yl7xv3ydzk4ar\""],"Content-Type":["text/html; charset=utf-8"],"Accept-Ranges":["bytes"],"Content-Length":["5571"],"X-Appsmith-Request-Id":["36db47b5-9ad2-488d-ad97-04af697be2cb"]},"uuid":"36db47b5-9ad2-488d-ad97-04af697be2cb"}
READY
RESULT 790
processname:editor groupname:editor pid:1797 channel:stderr
{"level":"debug","ts":1743844920.1099002,"logger":"http.handlers.rewrite","msg":"rewrote request","request":{"remote_ip":"::1","remote_port":"42466","client_ip":"::1","proto":"HTTP/1.1","method":"GET","host":"localhost","uri":"/index.html","headers":{"User-Agent":["curl/7.68.0"],"Accept":["*/*"],"X-Request-Id":["invalid_request_id"]}},"method":"GET","uri":"/index.html"}
{"level":"debug","ts":1743844920.110038,"logger":"http.handlers.file_server","msg":"sanitized path join","site_root":"/tmp/appsmith/www","fs":"","request_path":"/index.html","result":"/tmp/appsmith/www/index.html"}
{"level":"debug","ts":1743844920.1100903,"logger":"http.handlers.file_server","msg":"opening file","filename":"/tmp/appsmith/www/index.html"}
READY
RESULT 884
processname:editor groupname:editor pid:1797 channel:stdout
{"level":"info","ts":1743844920.1104236,"logger":"http.log.access.log0","msg":"handled request","request":{"remote_ip":"::1","remote_port":"42466","client_ip":"::1","proto":"HTTP/1.1","method":"GET","host":"localhost","uri":"/","headers":{"Accept":["*/*"],"User-Agent":["curl/7.68.0"]}},"bytes_read":0,"user_id":"","duration":0.0010216,"size":5571,"status":200,"resp_headers":{"Etag":["\"d8yl7xv3ydzk4ar\""],"Content-Type":["text/html; charset=utf-8"],"Accept-Ranges":["bytes"],"X-Appsmith-Request-Id":["663ee0eb-2efc-40f1-b87c-e6cc40252296"],"X-Content-Type-Options":["nosniff"],"X-Request-Id":["invalid_request_id"],"Vary":["Accept-Encoding"],"Last-Modified":["Sat, 05 Apr 2025 09:12:01 GMT"],"Content-Length":["5571"],"Content-Security-Policy":["frame-ancestors 'self' *"]},"uuid":"663ee0eb-2efc-40f1-b87c-e6cc40252296"}
READY
RESULT 790
processname:editor groupname:editor pid:1797 channel:stderr
{"level":"debug","ts":1743844936.2499716,"logger":"http.handlers.rewrite","msg":"rewrote request","request":{"remote_ip":"::1","remote_port":"55598","client_ip":"::1","proto":"HTTP/1.1","method":"GET","host":"localhost","uri":"/index.html","headers":{"User-Agent":["curl/7.68.0"],"Accept":["*/*"],"X-Request-Id":["invalid_request_id"]}},"method":"GET","uri":"/index.html"}
{"level":"debug","ts":1743844936.250064,"logger":"http.handlers.file_server","msg":"sanitized path join","site_root":"/tmp/appsmith/www","fs":"","request_path":"/index.html","result":"/tmp/appsmith/www/index.html"}
{"level":"debug","ts":1743844936.2501094,"logger":"http.handlers.file_server","msg":"opening file","filename":"/tmp/appsmith/www/index.html"}
READY
RESULT 886
processname:editor groupname:editor pid:1797 channel:stdout
{"level":"info","ts":1743844936.2505994,"logger":"http.log.access.log0","msg":"handled request","request":{"remote_ip":"::1","remote_port":"55598","client_ip":"::1","proto":"HTTP/1.1","method":"GET","host":"localhost","uri":"/","headers":{"Accept":["*/*"],"User-Agent":["curl/7.68.0"]}},"bytes_read":0,"user_id":"","duration":0.001104139,"size":5571,"status":200,"resp_headers":{"Etag":["\"d8yl7xv3ydzk4ar\""],"Content-Length":["5571"],"Content-Security-Policy":["frame-ancestors 'self' *"],"X-Content-Type-Options":["nosniff"],"Accept-Ranges":["bytes"],"X-Appsmith-Request-Id":["87dc50d1-dc50-47f2-8f80-c7d38ab6bbf4"],"X-Request-Id":["invalid_request_id"],"Vary":["Accept-Encoding"],"Content-Type":["text/html; charset=utf-8"],"Last-Modified":["Sat, 05 Apr 2025 09:12:01 GMT"]},"uuid":"87dc50d1-dc50-47f2-8f80-c7d38ab6bbf4"}
READY
RESULT 787
processname:editor groupname:editor pid:1797 channel:stderr
{"level":"debug","ts":1743844952.4547,"logger":"http.handlers.rewrite","msg":"rewrote request","request":{"remote_ip":"::1","remote_port":"48600","client_ip":"::1","proto":"HTTP/1.1","method":"GET","host":"localhost","uri":"/index.html","headers":{"User-Agent":["curl/7.68.0"],"Accept":["*/*"],"X-Request-Id":["invalid_request_id"]}},"method":"GET","uri":"/index.html"}
{"level":"debug","ts":1743844952.454789,"logger":"http.handlers.file_server","msg":"sanitized path join","site_root":"/tmp/appsmith/www","fs":"","request_path":"/index.html","result":"/tmp/appsmith/www/index.html"}
{"level":"debug","ts":1743844952.4548318,"logger":"http.handlers.file_server","msg":"opening file","filename":"/tmp/appsmith/www/index.html"}
READY
RESULT 886
processname:editor groupname:editor pid:1797 channel:stdout
{"level":"info","ts":1743844952.4551222,"logger":"http.log.access.log0","msg":"handled request","request":{"remote_ip":"::1","remote_port":"48600","client_ip":"::1","proto":"HTTP/1.1","method":"GET","host":"localhost","uri":"/","headers":{"Accept":["*/*"],"User-Agent":["curl/7.68.0"]}},"bytes_read":0,"user_id":"","duration":0.000835761,"size":5571,"status":200,"resp_headers":{"X-Request-Id":["invalid_request_id"],"Vary":["Accept-Encoding"],"Last-Modified":["Sat, 05 Apr 2025 09:12:01 GMT"],"X-Content-Type-Options":["nosniff"],"Etag":["\"d8yl7xv3ydzk4ar\""],"Content-Type":["text/html; charset=utf-8"],"Accept-Ranges":["bytes"],"Content-Length":["5571"],"Content-Security-Policy":["frame-ancestors 'self' *"],"X-Appsmith-Request-Id":["483a3d3c-060c-493a-8795-24e9327ae9d1"]},"uuid":"483a3d3c-060c-493a-8795-24e9327ae9d1"}
READY
RESULT 790
processname:editor groupname:editor pid:1797 channel:stderr
{"level":"debug","ts":1743844968.514125,"logger":"http.handlers.rewrite","msg":"rewrote request","request":{"remote_ip":"::1","remote_port":"57288","client_ip":"::1","proto":"HTTP/1.1","method":"GET","host":"localhost","uri":"/index.html","headers":{"User-Agent":["curl/7.68.0"],"Accept":["*/*"],"X-Request-Id":["invalid_request_id"]}},"method":"GET","uri":"/index.html"}
{"level":"debug","ts":1743844968.5142236,"logger":"http.handlers.file_server","msg":"sanitized path join","site_root":"/tmp/appsmith/www","fs":"","request_path":"/index.html","result":"/tmp/appsmith/www/index.html"}
{"level":"debug","ts":1743844968.5142741,"logger":"http.handlers.file_server","msg":"opening file","filename":"/tmp/appsmith/www/index.html"}
READY
RESULT 886
processname:editor groupname:editor pid:1797 channel:stdout
{"level":"info","ts":1743844968.5146325,"logger":"http.log.access.log0","msg":"handled request","request":{"remote_ip":"::1","remote_port":"57288","client_ip":"::1","proto":"HTTP/1.1","method":"GET","host":"localhost","uri":"/","headers":{"User-Agent":["curl/7.68.0"],"Accept":["*/*"]}},"bytes_read":0,"user_id":"","duration":0.000916874,"size":5571,"status":200,"resp_headers":{"Vary":["Accept-Encoding"],"Etag":["\"d8yl7xv3ydzk4ar\""],"Content-Type":["text/html; charset=utf-8"],"Last-Modified":["Sat, 05 Apr 2025 09:12:01 GMT"],"X-Appsmith-Request-Id":["27f25cab-9912-4890-b9de-f3be077b3f52"],"X-Content-Type-Options":["nosniff"],"Accept-Ranges":["bytes"],"Content-Length":["5571"],"Content-Security-Policy":["frame-ancestors 'self' *"],"X-Request-Id":["invalid_request_id"]},"uuid":"27f25cab-9912-4890-b9de-f3be077b3f52"}
READY
RESULT 790
processname:editor groupname:editor pid:1797 channel:stderr
{"level":"debug","ts":1743844984.115387,"logger":"http.handlers.rewrite","msg":"rewrote request","request":{"remote_ip":"::1","remote_port":"45704","client_ip":"::1","proto":"HTTP/1.1","method":"GET","host":"localhost","uri":"/index.html","headers":{"User-Agent":["curl/7.68.0"],"Accept":["*/*"],"X-Request-Id":["invalid_request_id"]}},"method":"GET","uri":"/index.html"}
{"level":"debug","ts":1743844984.1154344,"logger":"http.handlers.file_server","msg":"sanitized path join","site_root":"/tmp/appsmith/www","fs":"","request_path":"/index.html","result":"/tmp/appsmith/www/index.html"}
{"level":"debug","ts":1743844984.1154706,"logger":"http.handlers.file_server","msg":"opening file","filename":"/tmp/appsmith/www/index.html"}
READY
RESULT 886
processname:editor groupname:editor pid:1797 channel:stdout
{"level":"info","ts":1743844984.1157007,"logger":"http.log.access.log0","msg":"handled request","request":{"remote_ip":"::1","remote_port":"45704","client_ip":"::1","proto":"HTTP/1.1","method":"GET","host":"localhost","uri":"/","headers":{"Accept":["*/*"],"User-Agent":["curl/7.68.0"]}},"bytes_read":0,"user_id":"","duration":0.000583964,"size":5571,"status":200,"resp_headers":{"X-Appsmith-Request-Id":["229e8820-a7d8-41f7-ac7e-cd7332bb0798"],"X-Request-Id":["invalid_request_id"],"Vary":["Accept-Encoding"],"Etag":["\"d8yl7xv3ydzk4ar\""],"Last-Modified":["Sat, 05 Apr 2025 09:12:01 GMT"],"Content-Length":["5571"],"Content-Security-Policy":["frame-ancestors 'self' *"],"Content-Type":["text/html; charset=utf-8"],"Accept-Ranges":["bytes"],"X-Content-Type-Options":["nosniff"]},"uuid":"229e8820-a7d8-41f7-ac7e-cd7332bb0798"}
READY
RESULT 790
processname:editor groupname:editor pid:1797 channel:stderr
{"level":"debug","ts":1743845000.236607,"logger":"http.handlers.rewrite","msg":"rewrote request","request":{"remote_ip":"::1","remote_port":"49826","client_ip":"::1","proto":"HTTP/1.1","method":"GET","host":"localhost","uri":"/index.html","headers":{"User-Agent":["curl/7.68.0"],"Accept":["*/*"],"X-Request-Id":["invalid_request_id"]}},"method":"GET","uri":"/index.html"}
{"level":"debug","ts":1743845000.2366955,"logger":"http.handlers.file_server","msg":"sanitized path join","site_root":"/tmp/appsmith/www","fs":"","request_path":"/index.html","result":"/tmp/appsmith/www/index.html"}
{"level":"debug","ts":1743845000.2367449,"logger":"http.handlers.file_server","msg":"opening file","filename":"/tmp/appsmith/www/index.html"}
READY
RESULT 886
processname:editor groupname:editor pid:1797 channel:stdout
{"level":"info","ts":1743845000.2370865,"logger":"http.log.access.log0","msg":"handled request","request":{"remote_ip":"::1","remote_port":"49826","client_ip":"::1","proto":"HTTP/1.1","method":"GET","host":"localhost","uri":"/","headers":{"User-Agent":["curl/7.68.0"],"Accept":["*/*"]}},"bytes_read":0,"user_id":"","duration":0.000938984,"size":5571,"status":200,"resp_headers":{"Accept-Ranges":["bytes"],"X-Content-Type-Options":["nosniff"],"Content-Security-Policy":["frame-ancestors 'self' *"],"X-Appsmith-Request-Id":["0b771755-b393-4f57-83bf-a228a4fb7c37"],"X-Request-Id":["invalid_request_id"],"Vary":["Accept-Encoding"],"Etag":["\"d8yl7xv3ydzk4ar\""],"Content-Type":["text/html; charset=utf-8"],"Last-Modified":["Sat, 05 Apr 2025 09:12:01 GMT"],"Content-Length":["5571"]},"uuid":"0b771755-b393-4f57-83bf-a228a4fb7c37"}
READY
RESULT 791
processname:editor groupname:editor pid:1797 channel:stderr
{"level":"debug","ts":1743845016.3410275,"logger":"http.handlers.rewrite","msg":"rewrote request","request":{"remote_ip":"::1","remote_port":"44302","client_ip":"::1","proto":"HTTP/1.1","method":"GET","host":"localhost","uri":"/index.html","headers":{"User-Agent":["curl/7.68.0"],"Accept":["*/*"],"X-Request-Id":["invalid_request_id"]}},"method":"GET","uri":"/index.html"}
{"level":"debug","ts":1743845016.3411217,"logger":"http.handlers.file_server","msg":"sanitized path join","site_root":"/tmp/appsmith/www","fs":"","request_path":"/index.html","result":"/tmp/appsmith/www/index.html"}
{"level":"debug","ts":1743845016.3411763,"logger":"http.handlers.file_server","msg":"opening file","filename":"/tmp/appsmith/www/index.html"}
READY
RESULT 886
processname:editor groupname:editor pid:1797 channel:stdout
{"level":"info","ts":1743845016.3416204,"logger":"http.log.access.log0","msg":"handled request","request":{"remote_ip":"::1","remote_port":"44302","client_ip":"::1","proto":"HTTP/1.1","method":"GET","host":"localhost","uri":"/","headers":{"User-Agent":["curl/7.68.0"],"Accept":["*/*"]}},"bytes_read":0,"user_id":"","duration":0.001009697,"size":5571,"status":200,"resp_headers":{"Vary":["Accept-Encoding"],"Last-Modified":["Sat, 05 Apr 2025 09:12:01 GMT"],"X-Content-Type-Options":["nosniff"],"X-Appsmith-Request-Id":["ca0d7c9b-0cb7-4fae-9774-82715f91b4aa"],"X-Request-Id":["invalid_request_id"],"Etag":["\"d8yl7xv3ydzk4ar\""],"Content-Type":["text/html; charset=utf-8"],"Accept-Ranges":["bytes"],"Content-Length":["5571"],"Content-Security-Policy":["frame-ancestors 'self' *"]},"uuid":"ca0d7c9b-0cb7-4fae-9774-82715f91b4aa"}
READY
RESULT 789
processname:editor groupname:editor pid:1797 channel:stderr
{"level":"debug","ts":1743845032.1545467,"logger":"http.handlers.rewrite","msg":"rewrote request","request":{"remote_ip":"::1","remote_port":"33984","client_ip":"::1","proto":"HTTP/1.1","method":"GET","host":"localhost","uri":"/index.html","headers":{"User-Agent":["curl/7.68.0"],"Accept":["*/*"],"X-Request-Id":["invalid_request_id"]}},"method":"GET","uri":"/index.html"}
{"level":"debug","ts":1743845032.1546571,"logger":"http.handlers.file_server","msg":"sanitized path join","site_root":"/tmp/appsmith/www","fs":"","request_path":"/index.html","result":"/tmp/appsmith/www/index.html"}
{"level":"debug","ts":1743845032.15471,"logger":"http.handlers.file_server","msg":"opening file","filename":"/tmp/appsmith/www/index.html"}
READY
RESULT 886
processname:editor groupname:editor pid:1797 channel:stdout
{"level":"info","ts":1743845032.1550028,"logger":"http.log.access.log0","msg":"handled request","request":{"remote_ip":"::1","remote_port":"33984","client_ip":"::1","proto":"HTTP/1.1","method":"GET","host":"localhost","uri":"/","headers":{"Accept":["*/*"],"User-Agent":["curl/7.68.0"]}},"bytes_read":0,"user_id":"","duration":0.000898985,"size":5571,"status":200,"resp_headers":{"X-Content-Type-Options":["nosniff"],"X-Request-Id":["invalid_request_id"],"Etag":["\"d8yl7xv3ydzk4ar\""],"Content-Type":["text/html; charset=utf-8"],"Last-Modified":["Sat, 05 Apr 2025 09:12:01 GMT"],"X-Appsmith-Request-Id":["af8a7844-002c-46f7-bc79-b7a4163c693e"],"Vary":["Accept-Encoding"],"Accept-Ranges":["bytes"],"Content-Length":["5571"],"Content-Security-Policy":["frame-ancestors 'self' *"]},"uuid":"af8a7844-002c-46f7-bc79-b7a4163c693e"}
READY
RESULT 790
processname:editor groupname:editor pid:1797 channel:stderr
{"level":"debug","ts":1743845047.7205198,"logger":"http.handlers.rewrite","msg":"rewrote request","request":{"remote_ip":"::1","remote_port":"42098","client_ip":"::1","proto":"HTTP/1.1","method":"GET","host":"localhost","uri":"/index.html","headers":{"Accept":["*/*"],"X-Request-Id":["invalid_request_id"],"User-Agent":["curl/7.68.0"]}},"method":"GET","uri":"/index.html"}
{"level":"debug","ts":1743845047.720615,"logger":"http.handlers.file_server","msg":"sanitized path join","site_root":"/tmp/appsmith/www","fs":"","request_path":"/index.html","result":"/tmp/appsmith/www/index.html"}
{"level":"debug","ts":1743845047.7206573,"logger":"http.handlers.file_server","msg":"opening file","filename":"/tmp/appsmith/www/index.html"}
READY
RESULT 886
processname:editor groupname:editor pid:1797 channel:stdout
{"level":"info","ts":1743845047.7210279,"logger":"http.log.access.log0","msg":"handled request","request":{"remote_ip":"::1","remote_port":"42098","client_ip":"::1","proto":"HTTP/1.1","method":"GET","host":"localhost","uri":"/","headers":{"User-Agent":["curl/7.68.0"],"Accept":["*/*"]}},"bytes_read":0,"user_id":"","duration":0.001101773,"size":5571,"status":200,"resp_headers":{"X-Request-Id":["invalid_request_id"],"Accept-Ranges":["bytes"],"X-Appsmith-Request-Id":["2efc0537-d264-4f14-aa82-6fb93262a071"],"X-Content-Type-Options":["nosniff"],"Content-Length":["5571"],"Content-Security-Policy":["frame-ancestors 'self' *"],"Vary":["Accept-Encoding"],"Etag":["\"d8yl7xv3ydzk4ar\""],"Content-Type":["text/html; charset=utf-8"],"Last-Modified":["Sat, 05 Apr 2025 09:12:01 GMT"]},"uuid":"2efc0537-d264-4f14-aa82-6fb93262a071"}
READY
RESULT 790
processname:editor groupname:editor pid:1797 channel:stderr
{"level":"debug","ts":1743845063.860364,"logger":"http.handlers.rewrite","msg":"rewrote request","request":{"remote_ip":"::1","remote_port":"49902","client_ip":"::1","proto":"HTTP/1.1","method":"GET","host":"localhost","uri":"/index.html","headers":{"User-Agent":["curl/7.68.0"],"Accept":["*/*"],"X-Request-Id":["invalid_request_id"]}},"method":"GET","uri":"/index.html"}
{"level":"debug","ts":1743845063.8604586,"logger":"http.handlers.file_server","msg":"sanitized path join","site_root":"/tmp/appsmith/www","fs":"","request_path":"/index.html","result":"/tmp/appsmith/www/index.html"}
{"level":"debug","ts":1743845063.8605163,"logger":"http.handlers.file_server","msg":"opening file","filename":"/tmp/appsmith/www/index.html"}
READY
RESULT 886
processname:editor groupname:editor pid:1797 channel:stdout
{"level":"info","ts":1743845063.8608072,"logger":"http.log.access.log0","msg":"handled request","request":{"remote_ip":"::1","remote_port":"49902","client_ip":"::1","proto":"HTTP/1.1","method":"GET","host":"localhost","uri":"/","headers":{"User-Agent":["curl/7.68.0"],"Accept":["*/*"]}},"bytes_read":0,"user_id":"","duration":0.000990784,"size":5571,"status":200,"resp_headers":{"X-Request-Id":["invalid_request_id"],"Vary":["Accept-Encoding"],"Content-Type":["text/html; charset=utf-8"],"Last-Modified":["Sat, 05 Apr 2025 09:12:01 GMT"],"Content-Length":["5571"],"Content-Security-Policy":["frame-ancestors 'self' *"],"Accept-Ranges":["bytes"],"X-Appsmith-Request-Id":["b693c54e-eb08-422d-8906-c92dea806c2e"],"X-Content-Type-Options":["nosniff"],"Etag":["\"d8yl7xv3ydzk4ar\""]},"uuid":"b693c54e-eb08-422d-8906-c92dea806c2e"}
READY
RESULT 791
processname:editor groupname:editor pid:1797 channel:stderr
{"level":"debug","ts":1743845079.9570413,"logger":"http.handlers.rewrite","msg":"rewrote request","request":{"remote_ip":"::1","remote_port":"49590","client_ip":"::1","proto":"HTTP/1.1","method":"GET","host":"localhost","uri":"/index.html","headers":{"User-Agent":["curl/7.68.0"],"Accept":["*/*"],"X-Request-Id":["invalid_request_id"]}},"method":"GET","uri":"/index.html"}
{"level":"debug","ts":1743845079.9571226,"logger":"http.handlers.file_server","msg":"sanitized path join","site_root":"/tmp/appsmith/www","fs":"","request_path":"/index.html","result":"/tmp/appsmith/www/index.html"}
{"level":"debug","ts":1743845079.9571671,"logger":"http.handlers.file_server","msg":"opening file","filename":"/tmp/appsmith/www/index.html"}
READY
RESULT 886
processname:editor groupname:editor pid:1797 channel:stdout
{"level":"info","ts":1743845079.9574492,"logger":"http.log.access.log0","msg":"handled request","request":{"remote_ip":"::1","remote_port":"49590","client_ip":"::1","proto":"HTTP/1.1","method":"GET","host":"localhost","uri":"/","headers":{"User-Agent":["curl/7.68.0"],"Accept":["*/*"]}},"bytes_read":0,"user_id":"","duration":0.000862055,"size":5571,"status":200,"resp_headers":{"X-Appsmith-Request-Id":["2cbcd26b-9b0a-4a40-946b-3e546b93ef4f"],"X-Request-Id":["invalid_request_id"],"Content-Type":["text/html; charset=utf-8"],"Content-Length":["5571"],"Content-Security-Policy":["frame-ancestors 'self' *"],"X-Content-Type-Options":["nosniff"],"Vary":["Accept-Encoding"],"Etag":["\"d8yl7xv3ydzk4ar\""],"Last-Modified":["Sat, 05 Apr 2025 09:12:01 GMT"],"Accept-Ranges":["bytes"]},"uuid":"2cbcd26b-9b0a-4a40-946b-3e546b93ef4f"}
READY
RESULT 790
processname:editor groupname:editor pid:1797 channel:stderr
{"level":"debug","ts":1743845095.963681,"logger":"http.handlers.rewrite","msg":"rewrote request","request":{"remote_ip":"::1","remote_port":"43556","client_ip":"::1","proto":"HTTP/1.1","method":"GET","host":"localhost","uri":"/index.html","headers":{"User-Agent":["curl/7.68.0"],"Accept":["*/*"],"X-Request-Id":["invalid_request_id"]}},"method":"GET","uri":"/index.html"}
{"level":"debug","ts":1743845095.9637337,"logger":"http.handlers.file_server","msg":"sanitized path join","site_root":"/tmp/appsmith/www","fs":"","request_path":"/index.html","result":"/tmp/appsmith/www/index.html"}
{"level":"debug","ts":1743845095.9637818,"logger":"http.handlers.file_server","msg":"opening file","filename":"/tmp/appsmith/www/index.html"}
READY
RESULT 884
processname:editor groupname:editor pid:1797 channel:stdout
{"level":"info","ts":1743845095.964135,"logger":"http.log.access.log0","msg":"handled request","request":{"remote_ip":"::1","remote_port":"43556","client_ip":"::1","proto":"HTTP/1.1","method":"GET","host":"localhost","uri":"/","headers":{"User-Agent":["curl/7.68.0"],"Accept":["*/*"]}},"bytes_read":0,"user_id":"","duration":0.00088591,"size":5571,"status":200,"resp_headers":{"Last-Modified":["Sat, 05 Apr 2025 09:12:01 GMT"],"X-Content-Type-Options":["nosniff"],"X-Request-Id":["invalid_request_id"],"Vary":["Accept-Encoding"],"Etag":["\"d8yl7xv3ydzk4ar\""],"Content-Type":["text/html; charset=utf-8"],"X-Appsmith-Request-Id":["52c362d9-da53-44c3-9165-3e123cd5e21a"],"Accept-Ranges":["bytes"],"Content-Length":["5571"],"Content-Security-Policy":["frame-ancestors 'self' *"]},"uuid":"52c362d9-da53-44c3-9165-3e123cd5e21a"}
READY
RESULT 790
processname:editor groupname:editor pid:1797 channel:stderr
{"level":"debug","ts":1743845111.9023213,"logger":"http.handlers.rewrite","msg":"rewrote request","request":{"remote_ip":"::1","remote_port":"38298","client_ip":"::1","proto":"HTTP/1.1","method":"GET","host":"localhost","uri":"/index.html","headers":{"User-Agent":["curl/7.68.0"],"Accept":["*/*"],"X-Request-Id":["invalid_request_id"]}},"method":"GET","uri":"/index.html"}
{"level":"debug","ts":1743845111.9024026,"logger":"http.handlers.file_server","msg":"sanitized path join","site_root":"/tmp/appsmith/www","fs":"","request_path":"/index.html","result":"/tmp/appsmith/www/index.html"}
{"level":"debug","ts":1743845111.902447,"logger":"http.handlers.file_server","msg":"opening file","filename":"/tmp/appsmith/www/index.html"}
READY
RESULT 885
processname:editor groupname:editor pid:1797 channel:stdout
{"level":"info","ts":1743845111.9027894,"logger":"http.log.access.log0","msg":"handled request","request":{"remote_ip":"::1","remote_port":"38298","client_ip":"::1","proto":"HTTP/1.1","method":"GET","host":"localhost","uri":"/","headers":{"Accept":["*/*"],"User-Agent":["curl/7.68.0"]}},"bytes_read":0,"user_id":"","duration":0.00095928,"size":5571,"status":200,"resp_headers":{"X-Request-Id":["invalid_request_id"],"Etag":["\"d8yl7xv3ydzk4ar\""],"Content-Type":["text/html; charset=utf-8"],"Content-Length":["5571"],"X-Content-Type-Options":["nosniff"],"Content-Security-Policy":["frame-ancestors 'self' *"],"Vary":["Accept-Encoding"],"Last-Modified":["Sat, 05 Apr 2025 09:12:01 GMT"],"Accept-Ranges":["bytes"],"X-Appsmith-Request-Id":["702cc830-85e7-4db6-a4bc-27f4a531d909"]},"uuid":"702cc830-85e7-4db6-a4bc-27f4a531d909"}
READY
RESULT 790
processname:editor groupname:editor pid:1797 channel:stderr
{"level":"debug","ts":1743845127.435758,"logger":"http.handlers.rewrite","msg":"rewrote request","request":{"remote_ip":"::1","remote_port":"57268","client_ip":"::1","proto":"HTTP/1.1","method":"GET","host":"localhost","uri":"/index.html","headers":{"User-Agent":["curl/7.68.0"],"Accept":["*/*"],"X-Request-Id":["invalid_request_id"]}},"method":"GET","uri":"/index.html"}
{"level":"debug","ts":1743845127.4358552,"logger":"http.handlers.file_server","msg":"sanitized path join","site_root":"/tmp/appsmith/www","fs":"","request_path":"/index.html","result":"/tmp/appsmith/www/index.html"}
{"level":"debug","ts":1743845127.4359016,"logger":"http.handlers.file_server","msg":"opening file","filename":"/tmp/appsmith/www/index.html"}
READY
RESULT 886
processname:editor groupname:editor pid:1797 channel:stdout
{"level":"info","ts":1743845127.4361808,"logger":"http.log.access.log0","msg":"handled request","request":{"remote_ip":"::1","remote_port":"57268","client_ip":"::1","proto":"HTTP/1.1","method":"GET","host":"localhost","uri":"/","headers":{"User-Agent":["curl/7.68.0"],"Accept":["*/*"]}},"bytes_read":0,"user_id":"","duration":0.000773656,"size":5571,"status":200,"resp_headers":{"X-Content-Type-Options":["nosniff"],"Content-Security-Policy":["frame-ancestors 'self' *"],"X-Request-Id":["invalid_request_id"],"Etag":["\"d8yl7xv3ydzk4ar\""],"Accept-Ranges":["bytes"],"Content-Length":["5571"],"X-Appsmith-Request-Id":["378f6cda-3414-4820-9251-2057d914f7b8"],"Vary":["Accept-Encoding"],"Content-Type":["text/html; charset=utf-8"],"Last-Modified":["Sat, 05 Apr 2025 09:12:01 GMT"]},"uuid":"378f6cda-3414-4820-9251-2057d914f7b8"}
READY
RESULT 791
processname:editor groupname:editor pid:1797 channel:stderr
{"level":"debug","ts":1743845143.4554484,"logger":"http.handlers.rewrite","msg":"rewrote request","request":{"remote_ip":"::1","remote_port":"36424","client_ip":"::1","proto":"HTTP/1.1","method":"GET","host":"localhost","uri":"/index.html","headers":{"User-Agent":["curl/7.68.0"],"Accept":["*/*"],"X-Request-Id":["invalid_request_id"]}},"method":"GET","uri":"/index.html"}
{"level":"debug","ts":1743845143.4555545,"logger":"http.handlers.file_server","msg":"sanitized path join","site_root":"/tmp/appsmith/www","fs":"","request_path":"/index.html","result":"/tmp/appsmith/www/index.html"}
{"level":"debug","ts":1743845143.4556098,"logger":"http.handlers.file_server","msg":"opening file","filename":"/tmp/appsmith/www/index.html"}
READY
RESULT 886
processname:editor groupname:editor pid:1797 channel:stdout
{"level":"info","ts":1743845143.4559436,"logger":"http.log.access.log0","msg":"handled request","request":{"remote_ip":"::1","remote_port":"36424","client_ip":"::1","proto":"HTTP/1.1","method":"GET","host":"localhost","uri":"/","headers":{"User-Agent":["curl/7.68.0"],"Accept":["*/*"]}},"bytes_read":0,"user_id":"","duration":0.000999198,"size":5571,"status":200,"resp_headers":{"X-Request-Id":["invalid_request_id"],"Etag":["\"d8yl7xv3ydzk4ar\""],"Accept-Ranges":["bytes"],"Content-Security-Policy":["frame-ancestors 'self' *"],"Vary":["Accept-Encoding"],"Content-Type":["text/html; charset=utf-8"],"Last-Modified":["Sat, 05 Apr 2025 09:12:01 GMT"],"Content-Length":["5571"],"X-Appsmith-Request-Id":["0111a87a-9518-4825-b443-f66bbeb0ae41"],"X-Content-Type-Options":["nosniff"]},"uuid":"0111a87a-9518-4825-b443-f66bbeb0ae41"}
READY
RESULT 791
processname:editor groupname:editor pid:1797 channel:stderr
{"level":"debug","ts":1743845159.6907294,"logger":"http.handlers.rewrite","msg":"rewrote request","request":{"remote_ip":"::1","remote_port":"40666","client_ip":"::1","proto":"HTTP/1.1","method":"GET","host":"localhost","uri":"/index.html","headers":{"User-Agent":["curl/7.68.0"],"Accept":["*/*"],"X-Request-Id":["invalid_request_id"]}},"method":"GET","uri":"/index.html"}
{"level":"debug","ts":1743845159.6908193,"logger":"http.handlers.file_server","msg":"sanitized path join","site_root":"/tmp/appsmith/www","fs":"","request_path":"/index.html","result":"/tmp/appsmith/www/index.html"}
{"level":"debug","ts":1743845159.6908994,"logger":"http.handlers.file_server","msg":"opening file","filename":"/tmp/appsmith/www/index.html"}
READY
RESULT 885
processname:editor groupname:editor pid:1797 channel:stdout
{"level":"info","ts":1743845159.691253,"logger":"http.log.access.log0","msg":"handled request","request":{"remote_ip":"::1","remote_port":"40666","client_ip":"::1","proto":"HTTP/1.1","method":"GET","host":"localhost","uri":"/","headers":{"User-Agent":["curl/7.68.0"],"Accept":["*/*"]}},"bytes_read":0,"user_id":"","duration":0.000974003,"size":5571,"status":200,"resp_headers":{"X-Request-Id":["invalid_request_id"],"Vary":["Accept-Encoding"],"Etag":["\"d8yl7xv3ydzk4ar\""],"Last-Modified":["Sat, 05 Apr 2025 09:12:01 GMT"],"Accept-Ranges":["bytes"],"X-Appsmith-Request-Id":["9d47d3ff-2081-4238-94a6-d96b19d4fb14"],"Content-Type":["text/html; charset=utf-8"],"Content-Length":["5571"],"Content-Security-Policy":["frame-ancestors 'self' *"],"X-Content-Type-Options":["nosniff"]},"uuid":"9d47d3ff-2081-4238-94a6-d96b19d4fb14"}
READY
RESULT 791
processname:editor groupname:editor pid:1797 channel:stderr
{"level":"debug","ts":1743845175.7898412,"logger":"http.handlers.rewrite","msg":"rewrote request","request":{"remote_ip":"::1","remote_port":"44220","client_ip":"::1","proto":"HTTP/1.1","method":"GET","host":"localhost","uri":"/index.html","headers":{"User-Agent":["curl/7.68.0"],"Accept":["*/*"],"X-Request-Id":["invalid_request_id"]}},"method":"GET","uri":"/index.html"}
{"level":"debug","ts":1743845175.7899847,"logger":"http.handlers.file_server","msg":"sanitized path join","site_root":"/tmp/appsmith/www","fs":"","request_path":"/index.html","result":"/tmp/appsmith/www/index.html"}
{"level":"debug","ts":1743845175.7900498,"logger":"http.handlers.file_server","msg":"opening file","filename":"/tmp/appsmith/www/index.html"}
READY
RESULT 886
processname:editor groupname:editor pid:1797 channel:stdout
{"level":"info","ts":1743845175.7903965,"logger":"http.log.access.log0","msg":"handled request","request":{"remote_ip":"::1","remote_port":"44220","client_ip":"::1","proto":"HTTP/1.1","method":"GET","host":"localhost","uri":"/","headers":{"User-Agent":["curl/7.68.0"],"Accept":["*/*"]}},"bytes_read":0,"user_id":"","duration":0.001032924,"size":5571,"status":200,"resp_headers":{"Last-Modified":["Sat, 05 Apr 2025 09:12:01 GMT"],"Accept-Ranges":["bytes"],"Content-Length":["5571"],"Content-Security-Policy":["frame-ancestors 'self' *"],"X-Request-Id":["invalid_request_id"],"Vary":["Accept-Encoding"],"Etag":["\"d8yl7xv3ydzk4ar\""],"Content-Type":["text/html; charset=utf-8"],"X-Appsmith-Request-Id":["37259f06-f265-4735-a97e-3704c2244972"],"X-Content-Type-Options":["nosniff"]},"uuid":"37259f06-f265-4735-a97e-3704c2244972"}
READY
RESULT 790
processname:editor groupname:editor pid:1797 channel:stderr
{"level":"debug","ts":1743845192.0522494,"logger":"http.handlers.rewrite","msg":"rewrote request","request":{"remote_ip":"::1","remote_port":"41306","client_ip":"::1","proto":"HTTP/1.1","method":"GET","host":"localhost","uri":"/index.html","headers":{"User-Agent":["curl/7.68.0"],"Accept":["*/*"],"X-Request-Id":["invalid_request_id"]}},"method":"GET","uri":"/index.html"}
{"level":"debug","ts":1743845192.0523367,"logger":"http.handlers.file_server","msg":"sanitized path join","site_root":"/tmp/appsmith/www","fs":"","request_path":"/index.html","result":"/tmp/appsmith/www/index.html"}
{"level":"debug","ts":1743845192.052382,"logger":"http.handlers.file_server","msg":"opening file","filename":"/tmp/appsmith/www/index.html"}
READY
RESULT 884
processname:editor groupname:editor pid:1797 channel:stdout
{"level":"info","ts":1743845192.0526524,"logger":"http.log.access.log0","msg":"handled request","request":{"remote_ip":"::1","remote_port":"41306","client_ip":"::1","proto":"HTTP/1.1","method":"GET","host":"localhost","uri":"/","headers":{"User-Agent":["curl/7.68.0"],"Accept":["*/*"]}},"bytes_read":0,"user_id":"","duration":0.0007965,"size":5571,"status":200,"resp_headers":{"Vary":["Accept-Encoding"],"Etag":["\"d8yl7xv3ydzk4ar\""],"Last-Modified":["Sat, 05 Apr 2025 09:12:01 GMT"],"Content-Security-Policy":["frame-ancestors 'self' *"],"X-Appsmith-Request-Id":["5d725094-095e-40b3-91eb-da2078dccffa"],"X-Request-Id":["invalid_request_id"],"Content-Type":["text/html; charset=utf-8"],"Accept-Ranges":["bytes"],"Content-Length":["5571"],"X-Content-Type-Options":["nosniff"]},"uuid":"5d725094-095e-40b3-91eb-da2078dccffa"}
READY
RESULT 137
processname:postgres groupname:postgres pid:1815 channel:stderr
2025-04-05 09:26:42.095 UTC [1815] LOG:  received smart shutdown request
READY
RESULT 189
processname:postgres groupname:postgres pid:1815 channel:stderr
2025-04-05 09:26:42.166 UTC [1815] LOG:  background worker "logical replication launcher" (PID 1860) exited with exit code 1
READY
RESULT 119
processname:postgres groupname:postgres pid:1815 channel:stderr
2025-04-05 09:26:42.196 UTC [1854] LOG:  shutting down
READY
RESULT 134
processname:postgres groupname:postgres pid:1815 channel:stderr
2025-04-05 09:26:42.921 UTC [1815] LOG:  database system is shut down
READY
RESULT 157
processname:editor groupname:editor pid:1797 channel:stderr
{"level":"info","ts":1743845202.9487402,"msg":"quitting process immediately","signal":"SIGQUIT"}
READY
RESULT 342
processname:backend groupname:backend pid:1793 channel:stdout
[2025-04-05 09:26:43,022] [SpringApplicationShutdownHook] requestId= userEmail= traceId= spanId= - Commencing graceful shutdown. Waiting for active requests to complete
[2025-04-05 09:26:43,028] [netty-shutdown] requestId= userEmail= traceId= spanId= - Graceful shutdown complete
READY
RESULT 297
processname:backend groupname:backend pid:1793 channel:stdout
[2025-04-05 09:26:45,426] [SpringApplicationShutdownHook] requestId= userEmail= traceId= spanId= - Invocation of destroy method failed on bean with name 'container': org.springframework.data.redis.RedisSystemException: Redis exception
READY
RESULT 131
processname:redis groupname:redis pid:1785 channel:stdout
1785:signal-handler (1743845210) Received SIGTERM scheduling shutdown...
READY
RESULT 199
processname:redis groupname:redis pid:1785 channel:stdout
1785:M 05 Apr 2025 09:26:50.577 # User requested shutdown...
1785:M 05 Apr 2025 09:26:50.577 * Saving the final RDB snapshot before exiting.
READY
RESULT 182
processname:redis groupname:redis pid:1785 channel:stdout
1785:M 05 Apr 2025 09:26:50.614 * DB saved on disk
1785:M 05 Apr 2025 09:26:50.614 # Redis is now ready to exit, bye bye...
READY
