READY
RESULT 834
processname:redis groupname:redis pid:1718 channel:stdout
1718:C 04 Apr 2025 08:17:24.373 # oO0OoO0OoO0Oo Redis is starting oO0OoO0OoO0Oo
1718:C 04 Apr 2025 08:17:24.373 # Redis version=5.0.7, bits=64, commit=00000000, modified=0, pid=1718, just started
1718:C 04 Apr 2025 08:17:24.373 # Configuration loaded
1718:M 04 Apr 2025 08:17:24.385 * Running mode=standalone, port=6379.
1718:M 04 Apr 2025 08:17:24.385 # Server initialized
1718:M 04 Apr 2025 08:17:24.385 # WARNING you have Transparent Huge Pages (THP) support enabled in your kernel. This will create latency and memory usage issues with Redis. To fix this issue run the command 'echo never > /sys/kernel/mm/transparent_hugepage/enabled' as root, and add it to your /etc/rc.local in order to retain the setting after a reboot. Redis must be restarted after THP is disabled.
READY
RESULT 110
processname:rts groupname:rts pid:1720 channel:stdout
2025-04-04T08:17:24.245Z Load environment configuration
READY
RESULT 217
processname:backend groupname:backend pid:1723 channel:stdout
2025-04-04T08:17:24.267Z Load environment configuration
2025-04-04T08:17:24.340Z Running with mongo.
2025-04-04T08:17:24.393Z Waiting for RTS to start ...
READY
RESULT 116
processname:editor groupname:editor pid:1728 channel:stdout
2025-04-04T08:17:24.337Z Load environment configuration
READY
RESULT 189
processname:redis groupname:redis pid:1718 channel:stdout
1718:M 04 Apr 2025 08:17:24.436 * DB loaded from disk: 0.051 seconds
1718:M 04 Apr 2025 08:17:24.436 * Ready to accept connections
READY
RESULT 246
processname:postgres groupname:postgres pid:1742 channel:stderr
2025-04-04 08:17:24.857 UTC [1742] LOG:  starting PostgreSQL 14.15 (Ubuntu 14.15-1.pgdg20.04+1) on x86_64-pc-linux-gnu, compiled by gcc (Ubuntu 9.4.0-1ubuntu1~20.04.2) 9.4.0, 64-bit
READY
RESULT 154
processname:postgres groupname:postgres pid:1742 channel:stderr
2025-04-04 08:17:24.857 UTC [1742] LOG:  listening on IPv4 address "127.0.0.1", port 5432
READY
RESULT 166
processname:postgres groupname:postgres pid:1742 channel:stderr
2025-04-04 08:17:24.892 UTC [1742] LOG:  listening on Unix socket "/var/run/postgresql/.s.PGSQL.5432"
READY
RESULT 92
processname:editor groupname:editor pid:1728 channel:stdout
/tmp/appsmith/www /opt/appsmith
READY
RESULT 74
processname:editor groupname:editor pid:1728 channel:stdout
/opt/appsmith
READY
RESULT 162
processname:postgres groupname:postgres pid:1742 channel:stderr
2025-04-04 08:17:25.009 UTC [1786] LOG:  database system was shut down at 2025-04-04 08:17:22 UTC
READY
RESULT 152
processname:postgres groupname:postgres pid:1742 channel:stderr
2025-04-04 08:17:25.118 UTC [1742] LOG:  database system is ready to accept connections
READY
RESULT 165
processname:editor groupname:editor pid:1728 channel:stderr
{"level":"info","ts":1743754645.1269302,"msg":"using config from file","file":"/tmp/appsmith/Caddyfile"}
READY
RESULT 255
processname:editor groupname:editor pid:1728 channel:stderr
{"level":"warn","ts":1743754645.131233,"msg":"The nested 'metrics' option inside `servers` is deprecated and will be removed in the next major version. Use the global 'metrics' option instead."}
READY
RESULT 154
processname:editor groupname:editor pid:1728 channel:stderr
{"level":"info","ts":1743754645.1423616,"msg":"adapted config to JSON","adapter":"caddyfile"}
READY
RESULT 165
processname:editor groupname:editor pid:1728 channel:stderr
{"level":"info","ts":1743754645.3792827,"msg":"using config from file","file":"/tmp/appsmith/Caddyfile"}
READY
RESULT 116
processname:backend groupname:backend pid:1723 channel:stdout
2025-04-04T08:17:25.436Z Waiting for RTS to start ...
READY
RESULT 5401
processname:editor groupname:editor pid:1728 channel:stderr
{"level":"warn","ts":1743754645.38071,"msg":"The nested 'metrics' option inside `servers` is deprecated and will be removed in the next major version. Use the global 'metrics' option instead."}
{"level":"info","ts":1743754645.396931,"msg":"adapted config to JSON","adapter":"caddyfile"}
{"level":"info","ts":1743754645.3995938,"logger":"admin","msg":"admin endpoint started","address":"0.0.0.0:2019","enforce_origin":false,"origins":["//0.0.0.0:2019"]}
{"level":"warn","ts":1743754645.3996158,"logger":"admin","msg":"admin endpoint on open interface; host checking disabled","address":"0.0.0.0:2019"}
{"level":"info","ts":1743754645.4120653,"logger":"tls.cache.maintenance","msg":"started background certificate maintenance","cache":"0xc0006c0c80"}
{"level":"warn","ts":1743754645.445227,"logger":"http.auto_https","msg":"server is listening only on the HTTP port, so no automatic HTTPS will be applied to this server","server_name":"srv0","http_port":80}
{"level":"debug","ts":1743754645.4453049,"logger":"http.auto_https","msg":"adjusted config","tls":{"automation":{"policies":[{}]}},"http":{"servers":{"srv0":{"listen":[":80"],"routes":[{"handle":[{"handler":"vars","root":"/opt/appsmith/editor"}]},{"handle":[{"handler":"vars","log_skip":true}]},{"handle":[{"handler":"vars","log_skip":true}]},{"handle":[{"handler":"headers","response":{"set":{"X-Request-Id":["{http.request.header.X-Request-Id}"]}}}]},{"handle":[{"handler":"headers","response":{"set":{"X-Request-Id":["invalid_request_id"]}}}]},{"handle":[{"handler":"headers","response":{"set":{"Cache-Control":["public, max-age=31536000, immutable"]}}}]},{"handle":[{"handler":"headers","response":{"deferred":true,"delete":["Server"],"set":{"Content-Security-Policy":["frame-ancestors 'self' *"],"X-Appsmith-Request-Id":["{http.request.uuid}"],"X-Content-Type-Options":["nosniff"]}}},{"handler":"request_body","max_size":150000000}]},{"handle":[{"handler":"static_response","headers":{"Location":["/supervisor/"]},"status_code":302}]},{"handle":[{"handler":"rate_limit","rate_limits":{"dynamic_zone":{"key":"{http.request.header.Forwarded}+{http.request.header.X-Forwarded-For}+{http.request.remote.host}","max_events":100,"window":1000000000}}}]},{"handle":[{"handler":"headers","request":{"set":{"X-Request-Id":["invalid_request_id"]}}}]},{"handle":[{"handler":"headers","request":{"delete":["X-Appsmith-Request-Id"]}}]},{"group":"group8","handle":[{"handler":"subroute","routes":[{"handle":[{"canonical_uris":false,"handler":"file_server","hide":["/tmp/appsmith/Caddyfile"],"precompressed":{"br":{},"gzip":{}},"precompressed_order":["br","gzip"]}]}]}]},{"group":"group8","handle":[{"handler":"subroute","routes":[{"handle":[{"handler":"error","status_code":404}]}]}]},{"group":"group8","handle":[{"handler":"subroute","routes":[{"handle":[{"handler":"vars","root":"/opt/appsmith"}]},{"group":"group3","handle":[{"handler":"rewrite","uri":"/info.json"}]},{"handle":[{"canonical_uris":false,"handler":"file_server","hide":["/tmp/appsmith/Caddyfile"],"precompressed":{"br":{},"gzip":{}},"precompressed_order":["br","gzip"]}]}]}]},{"group":"group8","handle":[{"handler":"subroute","routes":[{"handle":[{"handler":"reverse_proxy","headers":{"request":{"delete":["Forwarded"],"set":{"X-Appsmith-Request-Id":["{http.request.uuid}"]}}},"upstreams":[{"dial":"127.0.0.1:8080"}]}]}]}]},{"group":"group8","handle":[{"handler":"subroute","routes":[{"handle":[{"handler":"rewrite","strip_path_prefix":"/supervisor"}]},{"handle":[{"handler":"reverse_proxy","headers":{"request":{"delete":["Forwarded"],"set":{"X-Appsmith-Request-Id":["{http.request.uuid}"]}}},"upstreams":[{"dial":"127.0.0.1:9001"}]}]}]}]},{"group":"group8","handle":[{"handler":"subroute","routes":[{"handle":[{"handler":"reverse_proxy","headers":{"request":{"delete":["Forwarded"],"set":{"X-Appsmith-Request-Id":["{http.request.uuid}"]}}},"upstreams":[{"dial":"127.0.0.1:8091"}]}]}]}]},{"group":"group8","handle":[{"handler":"subroute","routes":[{"handle":[{"handler":"vars","root":"/tmp/appsmith/www"}]},{"handle":[{"handler":"rewrite","uri":"{http.matchers.file.relative}"}],"match":[{"file":{"try_files":["/loading.html","/index.html"]}}]},{"handle":[{"canonical_uris":false,"handler":"file_server","hide":["/tmp/appsmith/Caddyfile"],"precompressed":{"br":{},"gzip":{}},"precompressed_order":["br","gzip"]}]}]}]}],"errors":{"routes":[{"handle":[{"handler":"headers","response":{"deferred":true,"delete":["Server","Cache-Control"]}},{"body":"{http.error.status_code} {http.error.status_text}","handler":"static_response","status_code":"{http.error.status_code}"}]}]},"automatic_https":{"disable":true},"trusted_proxies":{"ranges":["0.0.0.0/0"],"source":"static"},"logs":{"default_logger_name":"log0"}}},"metrics":{}}}
{"level":"debug","ts":1743754645.4483223,"logger":"http","msg":"starting server loop","address":"[::]:80","tls":false,"http3":false}
{"level":"warn","ts":1743754645.448358,"logger":"http","msg":"HTTP/2 skipped because it requires TLS","network":"tcp","addr":":80"}
{"level":"warn","ts":1743754645.4483926,"logger":"http","msg":"HTTP/3 skipped because it requires TLS","network":"tcp","addr":":80"}
{"level":"info","ts":1743754645.4484017,"logger":"http.log","msg":"server running","name":"srv0","protocols":["h1","h2","h3"]}
{"level":"info","ts":1743754645.448415,"msg":"serving initial configuration"}
READY
RESULT 342
processname:editor groupname:editor pid:1728 channel:stderr
{"level":"info","ts":1743754645.7114315,"logger":"tls","msg":"storage cleaning happened too recently; skipping for now","storage":"FileStorage:/appsmith-stacks/data/caddy","instance":"8ad3c58a-9f27-4a64-950d-6f48b7035dd5","try_again":1743841045.711421,"try_again_in":86399.9999992}
READY
RESULT 156
processname:editor groupname:editor pid:1728 channel:stderr
{"level":"info","ts":1743754645.7183282,"logger":"tls","msg":"finished cleaning storage units"}
READY
RESULT 105
processname:rts groupname:rts pid:1720 channel:stdout
RTS version v1.65 running at http://localhost:8091
READY
RESULT 322
processname:mongodb groupname:mongodb pid:1719 channel:stdout
{"t":{"$date":"2025-04-04T08:17:26.130Z"},"s":"I",  "c":"CONTROL",  "id":20697,   "ctx":"-","msg":"Renamed existing log file","attr":{"oldLogPath":"/appsmith-stacks/logs/mongodb/db.log","newLogPath":"/appsmith-stacks/logs/mongodb/db.log.2025-04-04T08-17-26"}}
READY
RESULT 800
processname:editor groupname:editor pid:1728 channel:stderr
{"level":"debug","ts":1743754646.266153,"logger":"http.handlers.rewrite","msg":"rewrote request","request":{"remote_ip":"::1","remote_port":"56854","client_ip":"::1","proto":"HTTP/1.1","method":"GET","host":"localhost","uri":"/loading.html","headers":{"User-Agent":["curl/7.68.0"],"Accept":["*/*"],"X-Request-Id":["invalid_request_id"]}},"method":"GET","uri":"/loading.html"}
{"level":"debug","ts":1743754646.2662058,"logger":"http.handlers.file_server","msg":"sanitized path join","site_root":"/tmp/appsmith/www","fs":"","request_path":"/loading.html","result":"/tmp/appsmith/www/loading.html"}
{"level":"debug","ts":1743754646.2662387,"logger":"http.handlers.file_server","msg":"opening file","filename":"/tmp/appsmith/www/loading.html"}
READY
RESULT 886
processname:editor groupname:editor pid:1728 channel:stdout
{"level":"info","ts":1743754646.2724705,"logger":"http.log.access.log0","msg":"handled request","request":{"remote_ip":"::1","remote_port":"56854","client_ip":"::1","proto":"HTTP/1.1","method":"GET","host":"localhost","uri":"/","headers":{"User-Agent":["curl/7.68.0"],"Accept":["*/*"]}},"bytes_read":0,"user_id":"","duration":0.006613803,"size":2026,"status":200,"resp_headers":{"X-Request-Id":["invalid_request_id"],"Content-Type":["text/html; charset=utf-8"],"Content-Security-Policy":["frame-ancestors 'self' *"],"X-Appsmith-Request-Id":["5ccf7e74-cc32-4e34-be96-841e7a401144"],"X-Content-Type-Options":["nosniff"],"Vary":["Accept-Encoding"],"Etag":["\"d8xpfa8k72z31ka\""],"Last-Modified":["Fri, 04 Apr 2025 08:17:01 GMT"],"Accept-Ranges":["bytes"],"Content-Length":["2026"]},"uuid":"5ccf7e74-cc32-4e34-be96-841e7a401144"}
READY
RESULT 78
processname:backend groupname:backend pid:1723 channel:stdout
{"success":true}READY
RESULT 100
processname:backend groupname:backend pid:1723 channel:stdout
2025-04-04T08:17:26.516Z RTS started.
READY
RESULT 885
processname:editor groupname:editor pid:1728 channel:stdout
{"level":"info","ts":1743754652.590937,"logger":"http.log.access.log0","msg":"handled request","request":{"remote_ip":"::1","remote_port":"40820","client_ip":"::1","proto":"HTTP/1.1","method":"GET","host":"localhost","uri":"/","headers":{"User-Agent":["curl/7.68.0"],"Accept":["*/*"]}},"bytes_read":0,"user_id":"","duration":0.000877471,"size":2026,"status":200,"resp_headers":{"Content-Type":["text/html; charset=utf-8"],"Last-Modified":["Fri, 04 Apr 2025 08:17:01 GMT"],"Accept-Ranges":["bytes"],"X-Content-Type-Options":["nosniff"],"X-Request-Id":["invalid_request_id"],"Vary":["Accept-Encoding"],"Etag":["\"d8xpfa8k72z31ka\""],"Content-Length":["2026"],"Content-Security-Policy":["frame-ancestors 'self' *"],"X-Appsmith-Request-Id":["49d3f5db-55ef-4b84-8a49-9e3a0a1a8b30"]},"uuid":"49d3f5db-55ef-4b84-8a49-9e3a0a1a8b30"}
READY
RESULT 799
processname:editor groupname:editor pid:1728 channel:stderr
{"level":"debug","ts":1743754652.5904348,"logger":"http.handlers.rewrite","msg":"rewrote request","request":{"remote_ip":"::1","remote_port":"40820","client_ip":"::1","proto":"HTTP/1.1","method":"GET","host":"localhost","uri":"/loading.html","headers":{"User-Agent":["curl/7.68.0"],"Accept":["*/*"],"X-Request-Id":["invalid_request_id"]}},"method":"GET","uri":"/loading.html"}
{"level":"debug","ts":1743754652.590493,"logger":"http.handlers.file_server","msg":"sanitized path join","site_root":"/tmp/appsmith/www","fs":"","request_path":"/loading.html","result":"/tmp/appsmith/www/loading.html"}
{"level":"debug","ts":1743754652.590536,"logger":"http.handlers.file_server","msg":"opening file","filename":"/tmp/appsmith/www/loading.html"}
READY
RESULT 118
processname:backend groupname:backend pid:1723 channel:stderr
SLF4J(W): Class path contains multiple SLF4J providers.
READY
RESULT 312
processname:backend groupname:backend pid:1723 channel:stderr
SLF4J(W): Found provider [ch.qos.logback.classic.spi.LogbackServiceProvider@7085bdee]
SLF4J(W): Found provider [org.slf4j.reload4j.Reload4jServiceProvider@1ce92674]
SLF4J(W): See https://www.slf4j.org/codes.html#multiple_bindings for an explanation.
READY
RESULT 160
processname:backend groupname:backend pid:1723 channel:stderr
SLF4J(I): Actual provider is of type [ch.qos.logback.classic.spi.LogbackServiceProvider@7085bdee]
READY
RESULT 886
processname:editor groupname:editor pid:1728 channel:stdout
{"level":"info","ts":1743754659.5091226,"logger":"http.log.access.log0","msg":"handled request","request":{"remote_ip":"::1","remote_port":"59956","client_ip":"::1","proto":"HTTP/1.1","method":"GET","host":"localhost","uri":"/","headers":{"User-Agent":["curl/7.68.0"],"Accept":["*/*"]}},"bytes_read":0,"user_id":"","duration":0.001100087,"size":2026,"status":200,"resp_headers":{"X-Content-Type-Options":["nosniff"],"Vary":["Accept-Encoding"],"Content-Type":["text/html; charset=utf-8"],"Content-Length":["2026"],"Content-Security-Policy":["frame-ancestors 'self' *"],"X-Appsmith-Request-Id":["2ae56626-b283-462f-b719-566bf3d104fb"],"X-Request-Id":["invalid_request_id"],"Etag":["\"d8xpfa8k72z31ka\""],"Last-Modified":["Fri, 04 Apr 2025 08:17:01 GMT"],"Accept-Ranges":["bytes"]},"uuid":"2ae56626-b283-462f-b719-566bf3d104fb"}
READY
RESULT 800
processname:editor groupname:editor pid:1728 channel:stderr
{"level":"debug","ts":1743754659.5086215,"logger":"http.handlers.rewrite","msg":"rewrote request","request":{"remote_ip":"::1","remote_port":"59956","client_ip":"::1","proto":"HTTP/1.1","method":"GET","host":"localhost","uri":"/loading.html","headers":{"User-Agent":["curl/7.68.0"],"Accept":["*/*"],"X-Request-Id":["invalid_request_id"]}},"method":"GET","uri":"/loading.html"}
{"level":"debug","ts":1743754659.5086937,"logger":"http.handlers.file_server","msg":"sanitized path join","site_root":"/tmp/appsmith/www","fs":"","request_path":"/loading.html","result":"/tmp/appsmith/www/loading.html"}
{"level":"debug","ts":1743754659.508742,"logger":"http.handlers.file_server","msg":"opening file","filename":"/tmp/appsmith/www/loading.html"}
READY
RESULT 437
processname:editor groupname:editor pid:1728 channel:stderr
{"level":"debug","ts":1743754666.2634754,"logger":"http.handlers.rewrite","msg":"rewrote request","request":{"remote_ip":"::1","remote_port":"59958","client_ip":"::1","proto":"HTTP/1.1","method":"GET","host":"localhost","uri":"/loading.html","headers":{"User-Agent":["curl/7.68.0"],"Accept":["*/*"],"X-Request-Id":["invalid_request_id"]}},"method":"GET","uri":"/loading.html"}
READY
RESULT 886
processname:editor groupname:editor pid:1728 channel:stdout
{"level":"info","ts":1743754666.2642138,"logger":"http.log.access.log0","msg":"handled request","request":{"remote_ip":"::1","remote_port":"59958","client_ip":"::1","proto":"HTTP/1.1","method":"GET","host":"localhost","uri":"/","headers":{"User-Agent":["curl/7.68.0"],"Accept":["*/*"]}},"bytes_read":0,"user_id":"","duration":0.012757682,"size":2026,"status":200,"resp_headers":{"Content-Type":["text/html; charset=utf-8"],"Last-Modified":["Fri, 04 Apr 2025 08:17:01 GMT"],"Accept-Ranges":["bytes"],"Content-Length":["2026"],"Content-Security-Policy":["frame-ancestors 'self' *"],"Vary":["Accept-Encoding"],"Etag":["\"d8xpfa8k72z31ka\""],"X-Appsmith-Request-Id":["e8f64e91-d1e6-49de-8147-6280749f6cef"],"X-Content-Type-Options":["nosniff"],"X-Request-Id":["invalid_request_id"]},"uuid":"e8f64e91-d1e6-49de-8147-6280749f6cef"}
READY
RESULT 424
processname:editor groupname:editor pid:1728 channel:stderr
{"level":"debug","ts":1743754666.2638173,"logger":"http.handlers.file_server","msg":"sanitized path join","site_root":"/tmp/appsmith/www","fs":"","request_path":"/loading.html","result":"/tmp/appsmith/www/loading.html"}
{"level":"debug","ts":1743754666.2639124,"logger":"http.handlers.file_server","msg":"opening file","filename":"/tmp/appsmith/www/loading.html"}
READY
RESULT 288
processname:backend groupname:backend pid:1723 channel:stdout
[2025-04-04 08:17:48,432] [main] requestId= userEmail= traceId= spanId= - Starting ServerApplication vv1.65 using Java 17.0.9 with PID 1723 (/opt/appsmith/server/mongo/server.jar started by root in /opt/appsmith/server/mongo)
READY
RESULT 184
processname:backend groupname:backend pid:1723 channel:stdout
[2025-04-04 08:17:48,446] [main] requestId= userEmail= traceId= spanId= - Running with Spring Boot v3.3.3, Spring v6.1.12
READY
RESULT 184
processname:backend groupname:backend pid:1723 channel:stdout
[2025-04-04 08:17:48,448] [main] requestId= userEmail= traceId= spanId= - The following 1 profile is active: "production"
READY
RESULT 800
processname:editor groupname:editor pid:1728 channel:stderr
{"level":"debug","ts":1743754682.9357784,"logger":"http.handlers.rewrite","msg":"rewrote request","request":{"remote_ip":"::1","remote_port":"42380","client_ip":"::1","proto":"HTTP/1.1","method":"GET","host":"localhost","uri":"/loading.html","headers":{"User-Agent":["curl/7.68.0"],"Accept":["*/*"],"X-Request-Id":["invalid_request_id"]}},"method":"GET","uri":"/loading.html"}
{"level":"debug","ts":1743754682.936073,"logger":"http.handlers.file_server","msg":"sanitized path join","site_root":"/tmp/appsmith/www","fs":"","request_path":"/loading.html","result":"/tmp/appsmith/www/loading.html"}
{"level":"debug","ts":1743754682.9362478,"logger":"http.handlers.file_server","msg":"opening file","filename":"/tmp/appsmith/www/loading.html"}
READY
RESULT 886
processname:editor groupname:editor pid:1728 channel:stdout
{"level":"info","ts":1743754682.9374242,"logger":"http.log.access.log0","msg":"handled request","request":{"remote_ip":"::1","remote_port":"42380","client_ip":"::1","proto":"HTTP/1.1","method":"GET","host":"localhost","uri":"/","headers":{"User-Agent":["curl/7.68.0"],"Accept":["*/*"]}},"bytes_read":0,"user_id":"","duration":0.002016863,"size":2026,"status":200,"resp_headers":{"X-Content-Type-Options":["nosniff"],"X-Request-Id":["invalid_request_id"],"Vary":["Accept-Encoding"],"Accept-Ranges":["bytes"],"Content-Length":["2026"],"X-Appsmith-Request-Id":["0439cb8d-b69d-4e90-a2f9-1123e187d816"],"Content-Security-Policy":["frame-ancestors 'self' *"],"Etag":["\"d8xpfa8k72z31ka\""],"Content-Type":["text/html; charset=utf-8"],"Last-Modified":["Fri, 04 Apr 2025 08:17:01 GMT"]},"uuid":"0439cb8d-b69d-4e90-a2f9-1123e187d816"}
READY
RESULT 218
processname:backend groupname:backend pid:1723 channel:stdout
[2025-04-04 08:18:03,852] [main] requestId= userEmail= traceId= spanId= - Multiple Spring Data modules found, entering strict repository configuration mode
READY
RESULT 209
processname:backend groupname:backend pid:1723 channel:stdout
[2025-04-04 08:18:03,866] [main] requestId= userEmail= traceId= spanId= - Bootstrapping Spring Data Reactive MongoDB repositories in DEFAULT mode.
READY
RESULT 238
processname:backend groupname:backend pid:1723 channel:stdout
[2025-04-04 08:18:06,492] [main] requestId= userEmail= traceId= spanId= - Finished Spring Data repository scanning in 2556 ms. Found 45 Reactive MongoDB repository interfaces.
READY
RESULT 886
processname:editor groupname:editor pid:1728 channel:stdout
{"level":"info","ts":1743754699.2185192,"logger":"http.log.access.log0","msg":"handled request","request":{"remote_ip":"::1","remote_port":"33646","client_ip":"::1","proto":"HTTP/1.1","method":"GET","host":"localhost","uri":"/","headers":{"Accept":["*/*"],"User-Agent":["curl/7.68.0"]}},"bytes_read":0,"user_id":"","duration":0.000809262,"size":2026,"status":200,"resp_headers":{"X-Request-Id":["invalid_request_id"],"Accept-Ranges":["bytes"],"X-Content-Type-Options":["nosniff"],"Vary":["Accept-Encoding"],"Etag":["\"d8xpfa8k72z31ka\""],"Content-Type":["text/html; charset=utf-8"],"Last-Modified":["Fri, 04 Apr 2025 08:17:01 GMT"],"Content-Length":["2026"],"Content-Security-Policy":["frame-ancestors 'self' *"],"X-Appsmith-Request-Id":["43adac89-c7f2-4c38-9958-058b5776d1b6"]},"uuid":"43adac89-c7f2-4c38-9958-058b5776d1b6"}
READY
RESULT 799
processname:editor groupname:editor pid:1728 channel:stderr
{"level":"debug","ts":1743754699.2181122,"logger":"http.handlers.rewrite","msg":"rewrote request","request":{"remote_ip":"::1","remote_port":"33646","client_ip":"::1","proto":"HTTP/1.1","method":"GET","host":"localhost","uri":"/loading.html","headers":{"User-Agent":["curl/7.68.0"],"Accept":["*/*"],"X-Request-Id":["invalid_request_id"]}},"method":"GET","uri":"/loading.html"}
{"level":"debug","ts":1743754699.21816,"logger":"http.handlers.file_server","msg":"sanitized path join","site_root":"/tmp/appsmith/www","fs":"","request_path":"/loading.html","result":"/tmp/appsmith/www/loading.html"}
{"level":"debug","ts":1743754699.2182262,"logger":"http.handlers.file_server","msg":"opening file","filename":"/tmp/appsmith/www/loading.html"}
READY
RESULT 237
processname:backend groupname:backend pid:1723 channel:stdout
[2025-04-04 08:18:32,867] [main] requestId= userEmail= traceId= spanId= - Application started with build version v1.65, and commitSha 4a142af9e612d8ea5bd549541cb682c8842ca3db
READY
RESULT 170
processname:backend groupname:backend pid:1723 channel:stdout
[2025-04-04 08:18:33,822] [main] requestId= userEmail= traceId= spanId= - Found MongoDB uri configuring now
READY
RESULT 886
processname:editor groupname:editor pid:1728 channel:stdout
{"level":"info","ts":1743754715.6285944,"logger":"http.log.access.log0","msg":"handled request","request":{"remote_ip":"::1","remote_port":"36176","client_ip":"::1","proto":"HTTP/1.1","method":"GET","host":"localhost","uri":"/","headers":{"User-Agent":["curl/7.68.0"],"Accept":["*/*"]}},"bytes_read":0,"user_id":"","duration":0.000821066,"size":2026,"status":200,"resp_headers":{"Etag":["\"d8xpfa8k72z31ka\""],"Content-Type":["text/html; charset=utf-8"],"Accept-Ranges":["bytes"],"Content-Security-Policy":["frame-ancestors 'self' *"],"X-Request-Id":["invalid_request_id"],"Vary":["Accept-Encoding"],"Last-Modified":["Fri, 04 Apr 2025 08:17:01 GMT"],"Content-Length":["2026"],"X-Content-Type-Options":["nosniff"],"X-Appsmith-Request-Id":["80a5af96-6159-4421-9f29-c69701f33354"]},"uuid":"80a5af96-6159-4421-9f29-c69701f33354"}
READY
RESULT 801
processname:editor groupname:editor pid:1728 channel:stderr
{"level":"debug","ts":1743754715.6281664,"logger":"http.handlers.rewrite","msg":"rewrote request","request":{"remote_ip":"::1","remote_port":"36176","client_ip":"::1","proto":"HTTP/1.1","method":"GET","host":"localhost","uri":"/loading.html","headers":{"User-Agent":["curl/7.68.0"],"Accept":["*/*"],"X-Request-Id":["invalid_request_id"]}},"method":"GET","uri":"/loading.html"}
{"level":"debug","ts":1743754715.6283014,"logger":"http.handlers.file_server","msg":"sanitized path join","site_root":"/tmp/appsmith/www","fs":"","request_path":"/loading.html","result":"/tmp/appsmith/www/loading.html"}
{"level":"debug","ts":1743754715.6283453,"logger":"http.handlers.file_server","msg":"opening file","filename":"/tmp/appsmith/www/loading.html"}
READY
RESULT 3013
processname:backend groupname:backend pid:1723 channel:stdout
[2025-04-04 08:18:39,768] [main] requestId= userEmail= traceId= spanId= - MongoClient with metadata {"driver": {"name": "mongo-java-driver|reactive-streams|spring-boot", "version": "5.0.1"}, "os": {"type": "Linux", "name": "Linux", "architecture": "amd64", "version": "5.15.167.4-microsoft-standard-WSL2"}, "platform": "Java/Eclipse Adoptium/17.0.9+9", "env": {"container": {"runtime": "docker"}}} created with settings MongoClientSettings{readPreference=primary, writeConcern=WriteConcern{w=null, wTimeout=null ms, journal=null}, retryWrites=true, retryReads=true, readConcern=ReadConcern{level=null}, credential=MongoCredential{mechanism=null, userName='appsmith', source='appsmith', password=<hidden>, mechanismProperties=<hidden>}, transportSettings=NettyTransportSettings{eventLoopGroup=io.netty.channel.nio.NioEventLoopGroup@b332eda, socketChannelClass=null, allocator=null, sslContext=null}, commandListeners=[io.micrometer.core.instrument.binder.mongodb.MongoMetricsCommandListener@641ab175], codecRegistry=ProvidersCodecRegistry{codecProviders=[ValueCodecProvider{}, BsonValueCodecProvider{}, DBRefCodecProvider{}, DBObjectCodecProvider{}, DocumentCodecProvider{}, CollectionCodecProvider{}, IterableCodecProvider{}, MapCodecProvider{}, GeoJsonCodecProvider{}, GridFSFileCodecProvider{}, Jsr310CodecProvider{}, JsonObjectCodecProvider{}, BsonCodecProvider{}, EnumCodecProvider{}, com.mongodb.client.model.mql.ExpressionCodecProvider@6bf70600, com.mongodb.Jep395RecordCodecProvider@3ca5da54, com.mongodb.KotlinCodecProvider@57a0aeb8]}, loggerSettings=LoggerSettings{maxDocumentLength=1000}, clusterSettings={hosts=[localhost:27017], srvServiceName=mongodb, mode=SINGLE, requiredClusterType=UNKNOWN, requiredReplicaSetName='null', serverSelector='null', clusterListeners='[]', serverSelectionTimeout='30000 ms', localThreshold='15 ms'}, socketSettings=SocketSettings{connectTimeoutMS=10000, readTimeoutMS=0, receiveBufferSize=0, proxySettings=ProxySettings{host=null, port=null, username=null, password=null}}, heartbeatSocketSettings=SocketSettings{connectTimeoutMS=10000, readTimeoutMS=10000, receiveBufferSize=0, proxySettings=ProxySettings{host=null, port=null, username=null, password=null}}, connectionPoolSettings=ConnectionPoolSettings{maxSize=100, minSize=0, maxWaitTimeMS=120000, maxConnectionLifeTimeMS=0, maxConnectionIdleTimeMS=0, maintenanceInitialDelayMS=0, maintenanceFrequencyMS=60000, connectionPoolListeners=[io.micrometer.core.instrument.binder.mongodb.MongoMetricsConnectionPoolListener@279ebd94], maxConnecting=2}, serverSettings=ServerSettings{heartbeatFrequencyMS=10000, minHeartbeatFrequencyMS=500, serverListeners='[]', serverMonitorListeners='[]'}, sslSettings=SslSettings{enabled=false, invalidHostNameAllowed=false, context=null}, applicationName='null', compressorList=[], uuidRepresentation=JAVA_LEGACY, serverApi=null, autoEncryptionSettings=null, dnsClient=null, inetAddressResolver=null, contextProvider=null}
READY
RESULT 3604
processname:backend groupname:backend pid:1723 channel:stdout
[2025-04-04 08:18:40,563] [cluster-ClusterId{value='67ef95de8c0caa6b69334c99', description='null'}-localhost:27017] requestId= userEmail= traceId= spanId= - Exception in monitor thread while connecting to server localhost:27017
com.mongodb.MongoSocketOpenException: Exception opening socket
	at com.mongodb.internal.connection.netty.NettyStream$OpenChannelFutureListener.lambda$operationComplete$1(NettyStream.java:527)
	at com.mongodb.internal.Locks.lambda$withLock$0(Locks.java:33)
	at com.mongodb.internal.Locks.checkedWithLock(Locks.java:45)
	at com.mongodb.internal.Locks.withLock(Locks.java:39)
	at com.mongodb.internal.Locks.withLock(Locks.java:32)
	at com.mongodb.internal.connection.netty.NettyStream$OpenChannelFutureListener.operationComplete(NettyStream.java:514)
	at com.mongodb.internal.connection.netty.NettyStream$OpenChannelFutureListener.operationComplete(NettyStream.java:500)
	at io.netty.util.concurrent.DefaultPromise.notifyListener0(DefaultPromise.java:590)
	at io.netty.util.concurrent.DefaultPromise.notifyListeners0(DefaultPromise.java:583)
	at io.netty.util.concurrent.DefaultPromise.notifyListenersNow(DefaultPromise.java:559)
	at io.netty.util.concurrent.DefaultPromise.notifyListeners(DefaultPromise.java:492)
	at io.netty.util.concurrent.DefaultPromise.setValue0(DefaultPromise.java:636)
	at io.netty.util.concurrent.DefaultPromise.setFailure0(DefaultPromise.java:629)
	at io.netty.util.concurrent.DefaultPromise.tryFailure(DefaultPromise.java:118)
	at io.netty.channel.nio.AbstractNioChannel$AbstractNioUnsafe.fulfillConnectPromise(AbstractNioChannel.java:326)
	at io.netty.channel.nio.AbstractNioChannel$AbstractNioUnsafe.finishConnect(AbstractNioChannel.java:342)
	at io.netty.channel.nio.NioEventLoop.processSelectedKey(NioEventLoop.java:776)
	at io.netty.channel.nio.NioEventLoop.processSelectedKeysOptimized(NioEventLoop.java:724)
	at io.netty.channel.nio.NioEventLoop.processSelectedKeys(NioEventLoop.java:650)
	at io.netty.channel.nio.NioEventLoop.run(NioEventLoop.java:562)
	at io.netty.util.concurrent.SingleThreadEventExecutor$4.run(SingleThreadEventExecutor.java:994)
	at io.netty.util.internal.ThreadExecutorMap$2.run(ThreadExecutorMap.java:74)
	at io.netty.util.concurrent.FastThreadLocalRunnable.run(FastThreadLocalRunnable.java:30)
	at java.base/java.lang.Thread.run(Thread.java:840)
Caused by: io.netty.channel.AbstractChannel$AnnotatedConnectException: Connection refused: localhost/[0:0:0:0:0:0:0:1]:27017
Caused by: java.net.ConnectException: Connection refused
	at java.base/sun.nio.ch.Net.pollConnect(Native Method)
	at java.base/sun.nio.ch.Net.pollConnectNow(Net.java:672)
	at java.base/sun.nio.ch.SocketChannelImpl.finishConnect(SocketChannelImpl.java:946)
	at io.netty.channel.socket.nio.NioSocketChannel.doFinishConnect(NioSocketChannel.java:336)
	at io.netty.channel.nio.AbstractNioChannel$AbstractNioUnsafe.finishConnect(AbstractNioChannel.java:339)
	at io.netty.channel.nio.NioEventLoop.processSelectedKey(NioEventLoop.java:776)
	at io.netty.channel.nio.NioEventLoop.processSelectedKeysOptimized(NioEventLoop.java:724)
	at io.netty.channel.nio.NioEventLoop.processSelectedKeys(NioEventLoop.java:650)
	at io.netty.channel.nio.NioEventLoop.run(NioEventLoop.java:562)
	at io.netty.util.concurrent.SingleThreadEventExecutor$4.run(SingleThreadEventExecutor.java:994)
	at io.netty.util.internal.ThreadExecutorMap$2.run(ThreadExecutorMap.java:74)
	at io.netty.util.concurrent.FastThreadLocalRunnable.run(FastThreadLocalRunnable.java:30)
	at java.base/java.lang.Thread.run(Thread.java:840)
READY
RESULT 800
processname:editor groupname:editor pid:1728 channel:stderr
{"level":"debug","ts":1743754732.0358446,"logger":"http.handlers.rewrite","msg":"rewrote request","request":{"remote_ip":"::1","remote_port":"41364","client_ip":"::1","proto":"HTTP/1.1","method":"GET","host":"localhost","uri":"/loading.html","headers":{"User-Agent":["curl/7.68.0"],"Accept":["*/*"],"X-Request-Id":["invalid_request_id"]}},"method":"GET","uri":"/loading.html"}
{"level":"debug","ts":1743754732.0359228,"logger":"http.handlers.file_server","msg":"sanitized path join","site_root":"/tmp/appsmith/www","fs":"","request_path":"/loading.html","result":"/tmp/appsmith/www/loading.html"}
{"level":"debug","ts":1743754732.035971,"logger":"http.handlers.file_server","msg":"opening file","filename":"/tmp/appsmith/www/loading.html"}
READY
RESULT 886
processname:editor groupname:editor pid:1728 channel:stdout
{"level":"info","ts":1743754732.0367002,"logger":"http.log.access.log0","msg":"handled request","request":{"remote_ip":"::1","remote_port":"41364","client_ip":"::1","proto":"HTTP/1.1","method":"GET","host":"localhost","uri":"/","headers":{"User-Agent":["curl/7.68.0"],"Accept":["*/*"]}},"bytes_read":0,"user_id":"","duration":0.001290002,"size":2026,"status":200,"resp_headers":{"Vary":["Accept-Encoding"],"Etag":["\"d8xpfa8k72z31ka\""],"Content-Length":["2026"],"X-Appsmith-Request-Id":["fcbb67fa-5fc0-46cb-bb48-f9c98a5b0849"],"X-Content-Type-Options":["nosniff"],"X-Request-Id":["invalid_request_id"],"Content-Type":["text/html; charset=utf-8"],"Last-Modified":["Fri, 04 Apr 2025 08:17:01 GMT"],"Accept-Ranges":["bytes"],"Content-Security-Policy":["frame-ancestors 'self' *"]},"uuid":"fcbb67fa-5fc0-46cb-bb48-f9c98a5b0849"}
READY
RESULT 886
processname:editor groupname:editor pid:1728 channel:stdout
{"level":"info","ts":1743754748.8440745,"logger":"http.log.access.log0","msg":"handled request","request":{"remote_ip":"::1","remote_port":"46946","client_ip":"::1","proto":"HTTP/1.1","method":"GET","host":"localhost","uri":"/","headers":{"User-Agent":["curl/7.68.0"],"Accept":["*/*"]}},"bytes_read":0,"user_id":"","duration":0.000754661,"size":2026,"status":200,"resp_headers":{"X-Request-Id":["invalid_request_id"],"Content-Type":["text/html; charset=utf-8"],"Last-Modified":["Fri, 04 Apr 2025 08:17:01 GMT"],"Accept-Ranges":["bytes"],"Content-Length":["2026"],"Content-Security-Policy":["frame-ancestors 'self' *"],"X-Appsmith-Request-Id":["48e535f3-1656-4174-9b3a-745d7db3af4e"],"Vary":["Accept-Encoding"],"Etag":["\"d8xpfa8k72z31ka\""],"X-Content-Type-Options":["nosniff"]},"uuid":"48e535f3-1656-4174-9b3a-745d7db3af4e"}
READY
RESULT 799
processname:editor groupname:editor pid:1728 channel:stderr
{"level":"debug","ts":1743754748.843743,"logger":"http.handlers.rewrite","msg":"rewrote request","request":{"remote_ip":"::1","remote_port":"46946","client_ip":"::1","proto":"HTTP/1.1","method":"GET","host":"localhost","uri":"/loading.html","headers":{"User-Agent":["curl/7.68.0"],"Accept":["*/*"],"X-Request-Id":["invalid_request_id"]}},"method":"GET","uri":"/loading.html"}
{"level":"debug","ts":1743754748.843797,"logger":"http.handlers.file_server","msg":"sanitized path join","site_root":"/tmp/appsmith/www","fs":"","request_path":"/loading.html","result":"/tmp/appsmith/www/loading.html"}
{"level":"debug","ts":1743754748.8438315,"logger":"http.handlers.file_server","msg":"opening file","filename":"/tmp/appsmith/www/loading.html"}
READY
RESULT 3002
processname:backend groupname:backend pid:1723 channel:stdout
[2025-04-04 08:19:18,987] [main] requestId= userEmail= traceId= spanId= - MongoClient with metadata {"driver": {"name": "mongo-java-driver|sync|spring-boot", "version": "5.0.1"}, "os": {"type": "Linux", "name": "Linux", "architecture": "amd64", "version": "5.15.167.4-microsoft-standard-WSL2"}, "platform": "Java/Eclipse Adoptium/17.0.9+9", "env": {"container": {"runtime": "docker"}}} created with settings MongoClientSettings{readPreference=primary, writeConcern=WriteConcern{w=null, wTimeout=null ms, journal=null}, retryWrites=true, retryReads=true, readConcern=ReadConcern{level=null}, credential=MongoCredential{mechanism=null, userName='appsmith', source='appsmith', password=<hidden>, mechanismProperties=<hidden>}, transportSettings=NettyTransportSettings{eventLoopGroup=io.netty.channel.nio.NioEventLoopGroup@58ed5ed3, socketChannelClass=null, allocator=null, sslContext=null}, commandListeners=[io.micrometer.core.instrument.binder.mongodb.MongoMetricsCommandListener@641ab175], codecRegistry=ProvidersCodecRegistry{codecProviders=[ValueCodecProvider{}, BsonValueCodecProvider{}, DBRefCodecProvider{}, DBObjectCodecProvider{}, DocumentCodecProvider{}, CollectionCodecProvider{}, IterableCodecProvider{}, MapCodecProvider{}, GeoJsonCodecProvider{}, GridFSFileCodecProvider{}, Jsr310CodecProvider{}, JsonObjectCodecProvider{}, BsonCodecProvider{}, EnumCodecProvider{}, com.mongodb.client.model.mql.ExpressionCodecProvider@6bf70600, com.mongodb.Jep395RecordCodecProvider@3ca5da54, com.mongodb.KotlinCodecProvider@57a0aeb8]}, loggerSettings=LoggerSettings{maxDocumentLength=1000}, clusterSettings={hosts=[localhost:27017], srvServiceName=mongodb, mode=SINGLE, requiredClusterType=UNKNOWN, requiredReplicaSetName='null', serverSelector='null', clusterListeners='[]', serverSelectionTimeout='30000 ms', localThreshold='15 ms'}, socketSettings=SocketSettings{connectTimeoutMS=10000, readTimeoutMS=0, receiveBufferSize=0, proxySettings=ProxySettings{host=null, port=null, username=null, password=null}}, heartbeatSocketSettings=SocketSettings{connectTimeoutMS=10000, readTimeoutMS=10000, receiveBufferSize=0, proxySettings=ProxySettings{host=null, port=null, username=null, password=null}}, connectionPoolSettings=ConnectionPoolSettings{maxSize=100, minSize=0, maxWaitTimeMS=120000, maxConnectionLifeTimeMS=0, maxConnectionIdleTimeMS=0, maintenanceInitialDelayMS=0, maintenanceFrequencyMS=60000, connectionPoolListeners=[io.micrometer.core.instrument.binder.mongodb.MongoMetricsConnectionPoolListener@279ebd94], maxConnecting=2}, serverSettings=ServerSettings{heartbeatFrequencyMS=10000, minHeartbeatFrequencyMS=500, serverListeners='[]', serverMonitorListeners='[]'}, sslSettings=SslSettings{enabled=false, invalidHostNameAllowed=false, context=null}, applicationName='null', compressorList=[], uuidRepresentation=JAVA_LEGACY, serverApi=null, autoEncryptionSettings=null, dnsClient=null, inetAddressResolver=null, contextProvider=null}
READY
RESULT 3604
processname:backend groupname:backend pid:1723 channel:stdout
[2025-04-04 08:19:19,073] [cluster-ClusterId{value='67ef96068c0caa6b69334c9a', description='null'}-localhost:27017] requestId= userEmail= traceId= spanId= - Exception in monitor thread while connecting to server localhost:27017
com.mongodb.MongoSocketOpenException: Exception opening socket
	at com.mongodb.internal.connection.netty.NettyStream$OpenChannelFutureListener.lambda$operationComplete$1(NettyStream.java:527)
	at com.mongodb.internal.Locks.lambda$withLock$0(Locks.java:33)
	at com.mongodb.internal.Locks.checkedWithLock(Locks.java:45)
	at com.mongodb.internal.Locks.withLock(Locks.java:39)
	at com.mongodb.internal.Locks.withLock(Locks.java:32)
	at com.mongodb.internal.connection.netty.NettyStream$OpenChannelFutureListener.operationComplete(NettyStream.java:514)
	at com.mongodb.internal.connection.netty.NettyStream$OpenChannelFutureListener.operationComplete(NettyStream.java:500)
	at io.netty.util.concurrent.DefaultPromise.notifyListener0(DefaultPromise.java:590)
	at io.netty.util.concurrent.DefaultPromise.notifyListeners0(DefaultPromise.java:583)
	at io.netty.util.concurrent.DefaultPromise.notifyListenersNow(DefaultPromise.java:559)
	at io.netty.util.concurrent.DefaultPromise.notifyListeners(DefaultPromise.java:492)
	at io.netty.util.concurrent.DefaultPromise.setValue0(DefaultPromise.java:636)
	at io.netty.util.concurrent.DefaultPromise.setFailure0(DefaultPromise.java:629)
	at io.netty.util.concurrent.DefaultPromise.tryFailure(DefaultPromise.java:118)
	at io.netty.channel.nio.AbstractNioChannel$AbstractNioUnsafe.fulfillConnectPromise(AbstractNioChannel.java:326)
	at io.netty.channel.nio.AbstractNioChannel$AbstractNioUnsafe.finishConnect(AbstractNioChannel.java:342)
	at io.netty.channel.nio.NioEventLoop.processSelectedKey(NioEventLoop.java:776)
	at io.netty.channel.nio.NioEventLoop.processSelectedKeysOptimized(NioEventLoop.java:724)
	at io.netty.channel.nio.NioEventLoop.processSelectedKeys(NioEventLoop.java:650)
	at io.netty.channel.nio.NioEventLoop.run(NioEventLoop.java:562)
	at io.netty.util.concurrent.SingleThreadEventExecutor$4.run(SingleThreadEventExecutor.java:994)
	at io.netty.util.internal.ThreadExecutorMap$2.run(ThreadExecutorMap.java:74)
	at io.netty.util.concurrent.FastThreadLocalRunnable.run(FastThreadLocalRunnable.java:30)
	at java.base/java.lang.Thread.run(Thread.java:840)
Caused by: io.netty.channel.AbstractChannel$AnnotatedConnectException: Connection refused: localhost/[0:0:0:0:0:0:0:1]:27017
Caused by: java.net.ConnectException: Connection refused
	at java.base/sun.nio.ch.Net.pollConnect(Native Method)
	at java.base/sun.nio.ch.Net.pollConnectNow(Net.java:672)
	at java.base/sun.nio.ch.SocketChannelImpl.finishConnect(SocketChannelImpl.java:946)
	at io.netty.channel.socket.nio.NioSocketChannel.doFinishConnect(NioSocketChannel.java:336)
	at io.netty.channel.nio.AbstractNioChannel$AbstractNioUnsafe.finishConnect(AbstractNioChannel.java:339)
	at io.netty.channel.nio.NioEventLoop.processSelectedKey(NioEventLoop.java:776)
	at io.netty.channel.nio.NioEventLoop.processSelectedKeysOptimized(NioEventLoop.java:724)
	at io.netty.channel.nio.NioEventLoop.processSelectedKeys(NioEventLoop.java:650)
	at io.netty.channel.nio.NioEventLoop.run(NioEventLoop.java:562)
	at io.netty.util.concurrent.SingleThreadEventExecutor$4.run(SingleThreadEventExecutor.java:994)
	at io.netty.util.internal.ThreadExecutorMap$2.run(ThreadExecutorMap.java:74)
	at io.netty.util.concurrent.FastThreadLocalRunnable.run(FastThreadLocalRunnable.java:30)
	at java.base/java.lang.Thread.run(Thread.java:840)
READY
RESULT 801
processname:editor groupname:editor pid:1728 channel:stderr
{"level":"debug","ts":1743754767.1506722,"logger":"http.handlers.rewrite","msg":"rewrote request","request":{"remote_ip":"::1","remote_port":"60944","client_ip":"::1","proto":"HTTP/1.1","method":"GET","host":"localhost","uri":"/loading.html","headers":{"User-Agent":["curl/7.68.0"],"Accept":["*/*"],"X-Request-Id":["invalid_request_id"]}},"method":"GET","uri":"/loading.html"}
{"level":"debug","ts":1743754767.1507714,"logger":"http.handlers.file_server","msg":"sanitized path join","site_root":"/tmp/appsmith/www","fs":"","request_path":"/loading.html","result":"/tmp/appsmith/www/loading.html"}
{"level":"debug","ts":1743754767.1508152,"logger":"http.handlers.file_server","msg":"opening file","filename":"/tmp/appsmith/www/loading.html"}
READY
RESULT 886
processname:editor groupname:editor pid:1728 channel:stdout
{"level":"info","ts":1743754767.1512525,"logger":"http.log.access.log0","msg":"handled request","request":{"remote_ip":"::1","remote_port":"60944","client_ip":"::1","proto":"HTTP/1.1","method":"GET","host":"localhost","uri":"/","headers":{"User-Agent":["curl/7.68.0"],"Accept":["*/*"]}},"bytes_read":0,"user_id":"","duration":0.000930276,"size":2026,"status":200,"resp_headers":{"Vary":["Accept-Encoding"],"Accept-Ranges":["bytes"],"Content-Length":["2026"],"Content-Security-Policy":["frame-ancestors 'self' *"],"X-Content-Type-Options":["nosniff"],"X-Request-Id":["invalid_request_id"],"Etag":["\"d8xpfa8k72z31ka\""],"Content-Type":["text/html; charset=utf-8"],"Last-Modified":["Fri, 04 Apr 2025 08:17:01 GMT"],"X-Appsmith-Request-Id":["c10b907d-6df7-4844-a52c-f21d9b1e9296"]},"uuid":"c10b907d-6df7-4844-a52c-f21d9b1e9296"}
READY
RESULT 861
processname:backend groupname:backend pid:1723 channel:stdout
[2025-04-04 08:19:29,554] [cluster-ClusterId{value='67ef96068c0caa6b69334c9a', description='null'}-localhost:27017] requestId= userEmail= traceId= spanId= - Monitor thread successfully connected to server with description ServerDescription{address=localhost:27017, type=REPLICA_SET_PRIMARY, state=CONNECTED, ok=true, minWireVersion=0, maxWireVersion=13, maxDocumentSize=16777216, logicalSessionTimeoutMinutes=30, roundTripTimeNanos=344440565, setName='mr1', canonicalAddress=localhost:27017, hosts=[localhost:27017], passives=[], arbiters=[], primary='localhost:27017', tagSet=TagSet{[]}, electionId=7fffffff0000000000000008, setVersion=1, topologyVersion=TopologyVersion{processId=67ef959636c06ff1149c4f87, counter=6}, lastWriteDate=Fri Apr 04 08:19:26 UTC 2025, lastUpdateTimeNanos=7538896155442}
READY
RESULT 860
processname:backend groupname:backend pid:1723 channel:stdout
[2025-04-04 08:19:30,895] [cluster-ClusterId{value='67ef95de8c0caa6b69334c99', description='null'}-localhost:27017] requestId= userEmail= traceId= spanId= - Monitor thread successfully connected to server with description ServerDescription{address=localhost:27017, type=REPLICA_SET_PRIMARY, state=CONNECTED, ok=true, minWireVersion=0, maxWireVersion=13, maxDocumentSize=16777216, logicalSessionTimeoutMinutes=30, roundTripTimeNanos=39413835, setName='mr1', canonicalAddress=localhost:27017, hosts=[localhost:27017], passives=[], arbiters=[], primary='localhost:27017', tagSet=TagSet{[]}, electionId=7fffffff0000000000000008, setVersion=1, topologyVersion=TopologyVersion{processId=67ef959636c06ff1149c4f87, counter=6}, lastWriteDate=Fri Apr 04 08:19:26 UTC 2025, lastUpdateTimeNanos=7540306910412}
READY
RESULT 156
processname:backend groupname:backend pid:1723 channel:stdout
[2025-04-04 08:19:33,265] [main] requestId= userEmail= traceId= spanId= - Enabled plugins: []
READY
RESULT 272
processname:backend groupname:backend pid:1723 channel:stdout
[2025-04-04 08:19:33,265] [main] requestId= userEmail= traceId= spanId= - Disabled plugins: []
[2025-04-04 08:19:33,299] [main] requestId= userEmail= traceId= spanId= - PF4J version 3.10.0 in 'deployment' mode
READY
RESULT 185
processname:backend groupname:backend pid:1723 channel:stdout
[2025-04-04 08:19:36,667] [main] requestId= userEmail= traceId= spanId= - Plugin 'appsmithai-plugin@1.0-SNAPSHOT' resolved
READY
RESULT 3069
processname:backend groupname:backend pid:1723 channel:stdout
[2025-04-04 08:19:36,667] [main] requestId= userEmail= traceId= spanId= - Plugin 'saas-plugin@1.0-SNAPSHOT' resolved
[2025-04-04 08:19:36,667] [main] requestId= userEmail= traceId= spanId= - Plugin 'google-sheets-plugin@1.0-SNAPSHOT' resolved
[2025-04-04 08:19:36,668] [main] requestId= userEmail= traceId= spanId= - Plugin 'js-plugin@1.0-SNAPSHOT' resolved
[2025-04-04 08:19:36,668] [main] requestId= userEmail= traceId= spanId= - Plugin 'smtp-plugin@1.0-SNAPSHOT' resolved
[2025-04-04 08:19:36,668] [main] requestId= userEmail= traceId= spanId= - Plugin 'oracle-plugin@1.0-SNAPSHOT' resolved
[2025-04-04 08:19:36,668] [main] requestId= userEmail= traceId= spanId= - Plugin 'amazons3-plugin@1.0-SNAPSHOT' resolved
[2025-04-04 08:19:36,668] [main] requestId= userEmail= traceId= spanId= - Plugin 'mysql-plugin@1.0-SNAPSHOT' resolved
[2025-04-04 08:19:36,668] [main] requestId= userEmail= traceId= spanId= - Plugin 'restapi-plugin@1.0-SNAPSHOT' resolved
[2025-04-04 08:19:36,668] [main] requestId= userEmail= traceId= spanId= - Plugin 'postgres-plugin@1.0-SNAPSHOT' resolved
[2025-04-04 08:19:36,668] [main] requestId= userEmail= traceId= spanId= - Plugin 'googleai-plugin@1.0-SNAPSHOT' resolved
[2025-04-04 08:19:36,668] [main] requestId= userEmail= traceId= spanId= - Plugin 'snowflake-plugin@1.0-SNAPSHOT' resolved
[2025-04-04 08:19:36,668] [main] requestId= userEmail= traceId= spanId= - Plugin 'anthropic-plugin@1.0-SNAPSHOT' resolved
[2025-04-04 08:19:36,668] [main] requestId= userEmail= traceId= spanId= - Plugin 'elasticsearch-plugin@1.0-SNAPSHOT' resolved
[2025-04-04 08:19:36,669] [main] requestId= userEmail= traceId= spanId= - Plugin 'mssql-plugin@1.0-SNAPSHOT' resolved
[2025-04-04 08:19:36,669] [main] requestId= userEmail= traceId= spanId= - Plugin 'redshift-plugin@1.0-SNAPSHOT' resolved
[2025-04-04 08:19:36,669] [main] requestId= userEmail= traceId= spanId= - Plugin 'mongo-plugin@1.0-SNAPSHOT' resolved
[2025-04-04 08:19:36,669] [main] requestId= userEmail= traceId= spanId= - Plugin 'databricks-plugin@1.0-SNAPSHOT' resolved
[2025-04-04 08:19:36,669] [main] requestId= userEmail= traceId= spanId= - Plugin 'graphql-plugin@1.0-SNAPSHOT' resolved
[2025-04-04 08:19:36,669] [main] requestId= userEmail= traceId= spanId= - Plugin 'aws-lambda-plugin@1.0-SNAPSHOT' resolved
[2025-04-04 08:19:36,669] [main] requestId= userEmail= traceId= spanId= - Plugin 'openai-plugin@1.0-SNAPSHOT' resolved
[2025-04-04 08:19:36,669] [main] requestId= userEmail= traceId= spanId= - Plugin 'dynamo-plugin@1.0-SNAPSHOT' resolved
[2025-04-04 08:19:36,669] [main] requestId= userEmail= traceId= spanId= - Plugin 'arangodb-plugin@1.0-SNAPSHOT' resolved
[2025-04-04 08:19:36,669] [main] requestId= userEmail= traceId= spanId= - Plugin 'redis-plugin@1.0-SNAPSHOT' resolved
[2025-04-04 08:19:36,669] [main] requestId= userEmail= traceId= spanId= - Plugin 'firestore-plugin@1.0-SNAPSHOT' resolved
[2025-04-04 08:19:36,669] [main] requestId= userEmail= traceId= spanId= - Start plugin 'appsmithai-plugin@1.0-SNAPSHOT'
READY
RESULT 176
processname:backend groupname:backend pid:1723 channel:stdout
[2025-04-04 08:19:36,709] [main] requestId= userEmail= traceId= spanId= - Start plugin 'saas-plugin@1.0-SNAPSHOT'
READY
RESULT 185
processname:backend groupname:backend pid:1723 channel:stdout
[2025-04-04 08:19:36,722] [main] requestId= userEmail= traceId= spanId= - Start plugin 'google-sheets-plugin@1.0-SNAPSHOT'
READY
RESULT 174
processname:backend groupname:backend pid:1723 channel:stdout
[2025-04-04 08:19:36,797] [main] requestId= userEmail= traceId= spanId= - Start plugin 'js-plugin@1.0-SNAPSHOT'
READY
RESULT 176
processname:backend groupname:backend pid:1723 channel:stdout
[2025-04-04 08:19:36,805] [main] requestId= userEmail= traceId= spanId= - Start plugin 'smtp-plugin@1.0-SNAPSHOT'
READY
RESULT 178
processname:backend groupname:backend pid:1723 channel:stdout
[2025-04-04 08:19:36,825] [main] requestId= userEmail= traceId= spanId= - Start plugin 'oracle-plugin@1.0-SNAPSHOT'
READY
RESULT 180
processname:backend groupname:backend pid:1723 channel:stdout
[2025-04-04 08:19:36,882] [main] requestId= userEmail= traceId= spanId= - Start plugin 'amazons3-plugin@1.0-SNAPSHOT'
READY
RESULT 177
processname:backend groupname:backend pid:1723 channel:stdout
[2025-04-04 08:19:36,951] [main] requestId= userEmail= traceId= spanId= - Start plugin 'mysql-plugin@1.0-SNAPSHOT'
READY
RESULT 179
processname:backend groupname:backend pid:1723 channel:stdout
[2025-04-04 08:19:36,978] [main] requestId= userEmail= traceId= spanId= - Start plugin 'restapi-plugin@1.0-SNAPSHOT'
READY
RESULT 180
processname:backend groupname:backend pid:1723 channel:stdout
[2025-04-04 08:19:36,994] [main] requestId= userEmail= traceId= spanId= - Start plugin 'postgres-plugin@1.0-SNAPSHOT'
READY
RESULT 180
processname:backend groupname:backend pid:1723 channel:stdout
[2025-04-04 08:19:37,049] [main] requestId= userEmail= traceId= spanId= - Start plugin 'googleai-plugin@1.0-SNAPSHOT'
READY
RESULT 181
processname:backend groupname:backend pid:1723 channel:stdout
[2025-04-04 08:19:37,053] [main] requestId= userEmail= traceId= spanId= - Start plugin 'snowflake-plugin@1.0-SNAPSHOT'
READY
RESULT 181
processname:backend groupname:backend pid:1723 channel:stdout
[2025-04-04 08:19:37,268] [main] requestId= userEmail= traceId= spanId= - Start plugin 'anthropic-plugin@1.0-SNAPSHOT'
READY
RESULT 185
processname:backend groupname:backend pid:1723 channel:stdout
[2025-04-04 08:19:37,272] [main] requestId= userEmail= traceId= spanId= - Start plugin 'elasticsearch-plugin@1.0-SNAPSHOT'
READY
RESULT 177
processname:backend groupname:backend pid:1723 channel:stdout
[2025-04-04 08:19:37,279] [main] requestId= userEmail= traceId= spanId= - Start plugin 'mssql-plugin@1.0-SNAPSHOT'
READY
RESULT 180
processname:backend groupname:backend pid:1723 channel:stdout
[2025-04-04 08:19:37,322] [main] requestId= userEmail= traceId= spanId= - Start plugin 'redshift-plugin@1.0-SNAPSHOT'
READY
RESULT 177
processname:backend groupname:backend pid:1723 channel:stdout
[2025-04-04 08:19:37,370] [main] requestId= userEmail= traceId= spanId= - Start plugin 'mongo-plugin@1.0-SNAPSHOT'
READY
RESULT 182
processname:backend groupname:backend pid:1723 channel:stdout
[2025-04-04 08:19:37,405] [main] requestId= userEmail= traceId= spanId= - Start plugin 'databricks-plugin@1.0-SNAPSHOT'
READY
RESULT 179
processname:backend groupname:backend pid:1723 channel:stdout
[2025-04-04 08:19:37,544] [main] requestId= userEmail= traceId= spanId= - Start plugin 'graphql-plugin@1.0-SNAPSHOT'
READY
RESULT 182
processname:backend groupname:backend pid:1723 channel:stdout
[2025-04-04 08:19:37,564] [main] requestId= userEmail= traceId= spanId= - Start plugin 'aws-lambda-plugin@1.0-SNAPSHOT'
READY
RESULT 178
processname:backend groupname:backend pid:1723 channel:stdout
[2025-04-04 08:19:38,323] [main] requestId= userEmail= traceId= spanId= - Start plugin 'openai-plugin@1.0-SNAPSHOT'
READY
RESULT 178
processname:backend groupname:backend pid:1723 channel:stdout
[2025-04-04 08:19:38,363] [main] requestId= userEmail= traceId= spanId= - Start plugin 'dynamo-plugin@1.0-SNAPSHOT'
READY
RESULT 180
processname:backend groupname:backend pid:1723 channel:stdout
[2025-04-04 08:19:38,403] [main] requestId= userEmail= traceId= spanId= - Start plugin 'arangodb-plugin@1.0-SNAPSHOT'
READY
RESULT 177
processname:backend groupname:backend pid:1723 channel:stdout
[2025-04-04 08:19:38,422] [main] requestId= userEmail= traceId= spanId= - Start plugin 'redis-plugin@1.0-SNAPSHOT'
READY
RESULT 181
processname:backend groupname:backend pid:1723 channel:stdout
[2025-04-04 08:19:38,438] [main] requestId= userEmail= traceId= spanId= - Start plugin 'firestore-plugin@1.0-SNAPSHOT'
READY
RESULT 801
processname:editor groupname:editor pid:1728 channel:stderr
{"level":"debug","ts":1743754783.6804557,"logger":"http.handlers.rewrite","msg":"rewrote request","request":{"remote_ip":"::1","remote_port":"39586","client_ip":"::1","proto":"HTTP/1.1","method":"GET","host":"localhost","uri":"/loading.html","headers":{"User-Agent":["curl/7.68.0"],"Accept":["*/*"],"X-Request-Id":["invalid_request_id"]}},"method":"GET","uri":"/loading.html"}
{"level":"debug","ts":1743754783.6806052,"logger":"http.handlers.file_server","msg":"sanitized path join","site_root":"/tmp/appsmith/www","fs":"","request_path":"/loading.html","result":"/tmp/appsmith/www/loading.html"}
{"level":"debug","ts":1743754783.6806905,"logger":"http.handlers.file_server","msg":"opening file","filename":"/tmp/appsmith/www/loading.html"}
READY
RESULT 885
processname:editor groupname:editor pid:1728 channel:stdout
{"level":"info","ts":1743754783.681371,"logger":"http.log.access.log0","msg":"handled request","request":{"remote_ip":"::1","remote_port":"39586","client_ip":"::1","proto":"HTTP/1.1","method":"GET","host":"localhost","uri":"/","headers":{"User-Agent":["curl/7.68.0"],"Accept":["*/*"]}},"bytes_read":0,"user_id":"","duration":0.002670919,"size":2026,"status":200,"resp_headers":{"Etag":["\"d8xpfa8k72z31ka\""],"Content-Type":["text/html; charset=utf-8"],"Content-Length":["2026"],"X-Appsmith-Request-Id":["bce075c6-a43f-49f4-924e-346758a93281"],"Vary":["Accept-Encoding"],"Last-Modified":["Fri, 04 Apr 2025 08:17:01 GMT"],"Accept-Ranges":["bytes"],"Content-Security-Policy":["frame-ancestors 'self' *"],"X-Content-Type-Options":["nosniff"],"X-Request-Id":["invalid_request_id"]},"uuid":"bce075c6-a43f-49f4-924e-346758a93281"}
READY
RESULT 575
processname:backend groupname:backend pid:1723 channel:stdout
[2025-04-04 08:19:48,513] [main] requestId= userEmail= traceId= spanId= - A MeterFilter is being configured after a Meter has been registered to this registry. All MeterFilters should be configured before any Meters are registered. If that is not possible or you have a use case where it should be allowed, let the Micrometer maintainers know at https://github.com/micrometer-metrics/micrometer/issues/4920. Enable DEBUG level logging on this logger to see a stack trace of the call configuring this MeterFilter.
READY
RESULT 176
processname:backend groupname:backend pid:1723 channel:stdout
[2025-04-04 08:19:51,075] [main] requestId= userEmail= traceId= spanId= - Mongock runner COMMUNITY version[5.1.6]
READY
RESULT 169
processname:backend groupname:backend pid:1723 channel:stdout
[2025-04-04 08:19:51,077] [main] requestId= userEmail= traceId= spanId= - Running Mongock with NO metadata
READY
RESULT 490
processname:backend groupname:backend pid:1723 channel:stdout
[2025-04-04 08:19:51,079] [main] requestId= userEmail= traceId= spanId= - Property transaction-enabled not provided. It will become true as default in next versions. Set explicit value to false in case transaction are not desired.
[2025-04-04 08:19:51,079] [main] requestId= userEmail= traceId= spanId= - Property transaction-enabled not provided, but driver is transactionable. BY DEFAULT MONGOCK WILL RUN IN TRANSACTION MODE.
READY
RESULT 207
processname:backend groupname:backend pid:1723 channel:stdout
[2025-04-04 08:19:51,720] [main] requestId= userEmail= traceId= spanId= - Reflections took 494 ms to scan 1 urls, producing 6 keys and 86 values
READY
RESULT 206
processname:backend groupname:backend pid:1723 channel:stdout
[2025-04-04 08:19:51,855] [main] requestId= userEmail= traceId= spanId= - Reflections took 67 ms to scan 1 urls, producing 6 keys and 86 values
READY
RESULT 171
processname:backend groupname:backend pid:1723 channel:stdout
[2025-04-04 08:19:53,395] [main] requestId= userEmail= traceId= spanId= - Mongock trying to acquire the lock
READY
RESULT 198
processname:backend groupname:backend pid:1723 channel:stdout
[2025-04-04 08:19:53,595] [main] requestId= userEmail= traceId= spanId= - Mongock acquired the lock until: Fri Apr 04 08:20:53 UTC 2025
READY
RESULT 172
processname:backend groupname:backend pid:1723 channel:stdout
[2025-04-04 08:19:53,601] [Thread-3] requestId= userEmail= traceId= spanId= - Starting mongock lock daemon...
READY
RESULT 222
processname:backend groupname:backend pid:1723 channel:stdout
[2025-04-04 08:19:53,699] [main] requestId= userEmail= traceId= spanId= - Mongock starting the data migration sequence id[2025-04-04T08:19:50.535851717-353]...
READY
RESULT 12321
processname:backend groupname:backend pid:1723 channel:stdout
[2025-04-04 08:19:53,717] [main] requestId= userEmail= traceId= spanId= - PASSED OVER - {"id"="initialize-schema-version", "type"="execution", "author"="", "class"="DatabaseChangelog0", "method"="initializeSchemaVersion"}
[2025-04-04 08:19:53,730] [main] requestId= userEmail= traceId= spanId= - PASSED OVER - {"id"="initial-plugins", "type"="execution", "author"="", "class"="DatabaseChangelog1", "method"="initialPlugins"}
[2025-04-04 08:19:53,730] [main] requestId= userEmail= traceId= spanId= - PASSED OVER - {"id"="initial-indexes", "type"="execution", "author"="", "class"="DatabaseChangelog1", "method"="addInitialIndexes"}
[2025-04-04 08:19:53,730] [main] requestId= userEmail= traceId= spanId= - PASSED OVER - {"id"="set-initial-sequence-for-datasource", "type"="execution", "author"="", "class"="DatabaseChangelog1", "method"="setInitialSequenceForDatasource"}
[2025-04-04 08:19:53,730] [main] requestId= userEmail= traceId= spanId= - PASSED OVER - {"id"="set-plugin-image-and-docs-link", "type"="execution", "author"="", "class"="DatabaseChangelog1", "method"="setPluginImageAndDocsLink"}
[2025-04-04 08:19:53,730] [main] requestId= userEmail= traceId= spanId= - PASSED OVER - {"id"="install-mysql-plugins", "type"="execution", "author"="", "class"="DatabaseChangelog1", "method"="mysqlPlugin"}
[2025-04-04 08:19:53,730] [main] requestId= userEmail= traceId= spanId= - PASSED OVER - {"id"="update-database-documentation-links", "type"="execution", "author"="", "class"="DatabaseChangelog1", "method"="updateDatabaseDocumentationLinks"}
[2025-04-04 08:19:53,730] [main] requestId= userEmail= traceId= spanId= - PASSED OVER - {"id"="generate-unique-id-for-instance", "type"="execution", "author"="", "class"="DatabaseChangelog1", "method"="generateUniqueIdForInstance"}
[2025-04-04 08:19:53,731] [main] requestId= userEmail= traceId= spanId= - PASSED OVER - {"id"="fix-password-reset-token-expiration", "type"="execution", "author"="", "class"="DatabaseChangelog1", "method"="fixTokenExpiration"}
[2025-04-04 08:19:53,731] [main] requestId= userEmail= traceId= spanId= - PASSED OVER - {"id"="add-elastic-search-plugin", "type"="execution", "author"="", "class"="DatabaseChangelog1", "method"="addElasticSearchPlugin"}
[2025-04-04 08:19:53,731] [main] requestId= userEmail= traceId= spanId= - PASSED OVER - {"id"="add-dynamo-plugin", "type"="execution", "author"="", "class"="DatabaseChangelog1", "method"="addDynamoPlugin"}
[2025-04-04 08:19:53,731] [main] requestId= userEmail= traceId= spanId= - PASSED OVER - {"id"="use-png-logos", "type"="execution", "author"="", "class"="DatabaseChangelog1", "method"="usePngLogos"}
[2025-04-04 08:19:53,731] [main] requestId= userEmail= traceId= spanId= - PASSED OVER - {"id"="add-redis-plugin", "type"="execution", "author"="", "class"="DatabaseChangelog1", "method"="addRedisPlugin"}
[2025-04-04 08:19:53,731] [main] requestId= userEmail= traceId= spanId= - PASSED OVER - {"id"="add-msSql-plugin", "type"="execution", "author"="", "class"="DatabaseChangelog1", "method"="addMsSqlPlugin"}
[2025-04-04 08:19:53,731] [main] requestId= userEmail= traceId= spanId= - PASSED OVER - {"id"="createNewPageIndexAfterDroppingNewPage", "type"="execution", "author"="", "class"="DatabaseChangelog1", "method"="addNewPageIndexAfterDroppingNewPage"}
[2025-04-04 08:19:53,731] [main] requestId= userEmail= traceId= spanId= - PASSED OVER - {"id"="createNewActionIndexAfterDroppingNewAction", "type"="execution", "author"="", "class"="DatabaseChangelog1", "method"="addNewActionIndexAfterDroppingNewAction"}
[2025-04-04 08:19:53,731] [main] requestId= userEmail= traceId= spanId= - PASSED OVER - {"id"="new-page-new-action-add-indexes", "type"="execution", "author"="", "class"="DatabaseChangelog1", "method"="addNewPageAndNewActionNewIndexes"}
[2025-04-04 08:19:53,731] [main] requestId= userEmail= traceId= spanId= - PASSED OVER - {"id"="update-action-index-to-single-multiple-indices", "type"="execution", "author"="", "class"="DatabaseChangelog1", "method"="updateActionIndexToSingleMultipleIndices"}
[2025-04-04 08:19:53,731] [main] requestId= userEmail= traceId= spanId= - PASSED OVER - {"id"="add-firestore-plugin", "type"="execution", "author"="", "class"="DatabaseChangelog1", "method"="addFirestorePlugin"}
[2025-04-04 08:19:53,731] [main] requestId= userEmail= traceId= spanId= - PASSED OVER - {"id"="add-redshift-plugin", "type"="execution", "author"="", "class"="DatabaseChangelog1", "method"="addRedshiftPlugin"}
[2025-04-04 08:19:53,732] [main] requestId= userEmail= traceId= spanId= - PASSED OVER - {"id"="clear-userdata-collection", "type"="execution", "author"="", "class"="DatabaseChangelog1", "method"="clearUserDataCollection"}
[2025-04-04 08:19:53,732] [main] requestId= userEmail= traceId= spanId= - PASSED OVER - {"id"="update-database-documentation-links-v1-2-1", "type"="execution", "author"="", "class"="DatabaseChangelog1", "method"="updateDatabaseDocumentationLinks_v1_2_1"}
[2025-04-04 08:19:53,732] [main] requestId= userEmail= traceId= spanId= - PASSED OVER - {"id"="add-amazons3-plugin", "type"="execution", "author"="", "class"="DatabaseChangelog1", "method"="addAmazonS3Plugin"}
[2025-04-04 08:19:53,732] [main] requestId= userEmail= traceId= spanId= - PASSED OVER - {"id"="update-plugin-datasource-form-components", "type"="execution", "author"="", "class"="DatabaseChangelog1", "method"="updatePluginDatasourceFormComponents"}
[2025-04-04 08:19:53,732] [main] requestId= userEmail= traceId= spanId= - PASSED OVER - {"id"="update-s3-datasource-configuration-and-label", "type"="execution", "author"="", "class"="DatabaseChangelog1", "method"="updateS3DatasourceConfigurationAndLabel"}
[2025-04-04 08:19:53,732] [main] requestId= userEmail= traceId= spanId= - PASSED OVER - {"id"="add-google-sheets-plugin", "type"="execution", "author"="", "class"="DatabaseChangelog1", "method"="addGoogleSheetsPlugin"}
[2025-04-04 08:19:53,732] [main] requestId= userEmail= traceId= spanId= - PASSED OVER - {"id"="mark-instance-unregistered", "type"="execution", "author"="", "class"="DatabaseChangelog1", "method"="markInstanceAsUnregistered"}
[2025-04-04 08:19:53,732] [main] requestId= userEmail= traceId= spanId= - PASSED OVER - {"id"="add-snowflake-plugin", "type"="execution", "author"="", "class"="DatabaseChangelog1", "method"="addSnowflakePlugin"}
[2025-04-04 08:19:53,732] [main] requestId= userEmail= traceId= spanId= - PASSED OVER - {"id"="add-arangodb-plugin", "type"="execution", "author"="", "class"="DatabaseChangelog1", "method"="addArangoDBPlugin"}
[2025-04-04 08:19:53,732] [main] requestId= userEmail= traceId= spanId= - PASSED OVER - {"id"="set-svg-logo-to-plugins", "type"="execution", "author"="", "class"="DatabaseChangelog1", "method"="setSvgLogoToPluginIcons"}
[2025-04-04 08:19:53,732] [main] requestId= userEmail= traceId= spanId= - PASSED OVER - {"id"="create-plugin-reference-for-genarate-CRUD-page", "type"="execution", "author"="", "class"="DatabaseChangelog1", "method"="createPluginReferenceForGenerateCRUDPage"}
[2025-04-04 08:19:53,741] [main] requestId= userEmail= traceId= spanId= - PASSED OVER - {"id"="create-plugin-reference-for-S3-GSheet-genarate-CRUD-page", "type"="execution", "author"="", "class"="DatabaseChangelog1", "method"="createPluginReferenceForS3AndGSheetGenerateCRUDPage"}
[2025-04-04 08:19:53,741] [main] requestId= userEmail= traceId= spanId= - PASSED OVER - {"id"="add-js-plugin", "type"="execution", "author"="", "class"="DatabaseChangelog1", "method"="addJSPlugin"}
[2025-04-04 08:19:53,741] [main] requestId= userEmail= traceId= spanId= - PASSED OVER - {"id"="update-plugin-package-name-index", "type"="execution", "author"="", "class"="DatabaseChangelog1", "method"="updatePluginPackageNameIndexToPluginNamePackageNameAndVersion"}
[2025-04-04 08:19:53,741] [main] requestId= userEmail= traceId= spanId= - PASSED OVER - {"id"="migrate-s3-to-uqi", "type"="execution", "author"="", "class"="DatabaseChangelog1", "method"="migrateS3PluginToUqi"}
[2025-04-04 08:19:53,741] [main] requestId= userEmail= traceId= spanId= - PASSED OVER - {"id"="add-smtp-plugin", "type"="execution", "author"="", "class"="DatabaseChangelog1", "method"="addSmtpPluginPlugin"}
[2025-04-04 08:19:53,741] [main] requestId= userEmail= traceId= spanId= - PASSED OVER - {"id"="add-google-sheets-plugin-name", "type"="execution", "author"="", "class"="DatabaseChangelog1", "method"="addPluginNameForGoogleSheets"}
[2025-04-04 08:19:53,742] [main] requestId= userEmail= traceId= spanId= - PASSED OVER - {"id"="migrate-firestore-to-uqi", "type"="execution", "author"="", "class"="DatabaseChangelog1", "method"="migrateFirestorePluginToUqi"}
[2025-04-04 08:19:53,742] [main] requestId= userEmail= traceId= spanId= - PASSED OVER - {"id"="migrate-firestore-to-uqi-3", "type"="execution", "author"="", "class"="DatabaseChangelog1", "method"="migrateFirestorePluginToUqi3"}
[2025-04-04 08:19:53,742] [main] requestId= userEmail= traceId= spanId= - PASSED OVER - {"id"="update-index-for-git", "type"="execution", "author"="", "class"="DatabaseChangelog1", "method"="updateGitIndexes"}
[2025-04-04 08:19:53,742] [main] requestId= userEmail= traceId= spanId= - PASSED OVER - {"id"="use-assets-cdn-for-plugin-icons", "type"="execution", "author"="", "class"="DatabaseChangelog1", "method"="useAssetsCDNForPluginIcons"}
[2025-04-04 08:19:53,742] [main] requestId= userEmail= traceId= spanId= - PASSED OVER - {"id"="update-index-for-newAction-actionCollection-userData", "type"="execution", "author"="", "class"="DatabaseChangelog1", "method"="updateNewActionActionCollectionAndUserDataIndexes"}
[2025-04-04 08:19:53,742] [main] requestId= userEmail= traceId= spanId= - PASSED OVER - {"id"="mark-mssql-crud-unavailable", "type"="execution", "author"="", "class"="DatabaseChangelog1", "method"="markMSSQLCrudUnavailable"}
[2025-04-04 08:19:53,742] [main] requestId= userEmail= traceId= spanId= - PASSED OVER - {"id"="update-index-for-newAction-actionCollection", "type"="execution", "author"="", "class"="DatabaseChangelog1", "method"="updateNewActionActionCollectionIndexes"}
[2025-04-04 08:19:53,746] [main] requestId= userEmail= traceId= spanId= - PASSED OVER - {"id"="fix-plugin-title-casing", "type"="execution", "author"="", "class"="DatabaseChangelog2", "method"="fixPluginTitleCasing"}
[2025-04-04 08:19:53,746] [main] requestId= userEmail= traceId= spanId= - PASSED OVER - {"id"="update-git-indexes", "type"="execution", "author"="", "class"="DatabaseChangelog2", "method"="addIndexesForGit"}
[2025-04-04 08:19:53,746] [main] requestId= userEmail= traceId= spanId= - PASSED OVER - {"id"="add-workspace-indexes", "type"="execution", "author"="", "class"="DatabaseChangelog2", "method"="addWorkspaceIndexes"}
[2025-04-04 08:19:53,746] [main] requestId= userEmail= traceId= spanId= - PASSED OVER - {"id"="add-default-tenant", "type"="execution", "author"="", "class"="DatabaseChangelog2", "method"="addDefaultTenant"}
[2025-04-04 08:19:53,746] [main] requestId= userEmail= traceId= spanId= - PASSED OVER - {"id"="organization-to-workspace-indexes-recreate", "type"="execution", "author"="", "class"="DatabaseChangelog2", "method"="organizationToWorkspaceIndexesRecreate"}
[2025-04-04 08:19:53,746] [main] requestId= userEmail= traceId= spanId= - PASSED OVER - {"id"="flush-spring-redis-keys-2a", "type"="execution", "author"="", "class"="DatabaseChangelog2", "method"="clearRedisCache2"}
[2025-04-04 08:19:53,747] [main] requestId= userEmail= traceId= spanId= - PASSED OVER - {"id"="add-anonymousUser", "type"="execution", "author"="", "class"="DatabaseChangelog2", "method"="addAnonymousUser"}
[2025-04-04 08:19:53,747] [main] requestId= userEmail= traceId= spanId= - PASSED OVER - {"id"="add-instance-config-object", "type"="execution", "author"="", "class"="DatabaseChangelog2", "method"="addInstanceConfigurationPlaceHolder"}
[2025-04-04 08:19:53,747] [main] requestId= userEmail= traceId= spanId= - PASSED OVER - {"id"="add-anonymous-user-permission-group", "type"="execution", "author"="", "class"="DatabaseChangelog2", "method"="addAnonymousUserPermissionGroup"}
[2025-04-04 08:19:53,747] [main] requestId= userEmail= traceId= spanId= - PASSED OVER - {"id"="create-themes-indices", "type"="execution", "author"="", "class"="DatabaseChangelog2", "method"="createThemesIndices"}
READY
RESULT 234
processname:backend groupname:backend pid:1723 channel:stdout
[2025-04-04 08:19:54,347] [main] requestId= userEmail= traceId= spanId= - method[createSystemThemes3] with arguments: [org.springframework.data.mongodb.core.MongoTemplate]
READY
RESULT 277
processname:backend groupname:backend pid:1723 channel:stdout
[2025-04-04 08:19:56,589] [main] requestId= userEmail= traceId= spanId= - RE-APPLIED - {"id"="create-system-themes-v3", "type"="execution", "author"="", "class"="DatabaseChangelog2", "method"="createSystemThemes3"}
READY
RESULT 304
processname:backend groupname:backend pid:1723 channel:stdout
[2025-04-04 08:19:56,602] [main] requestId= userEmail= traceId= spanId= - PASSED OVER - {"id"="create-indices-on-permissions-for-performance", "type"="execution", "author"="", "class"="DatabaseChangelog2", "method"="addPermissionGroupIndex"}
READY
RESULT 277
processname:backend groupname:backend pid:1723 channel:stdout
[2025-04-04 08:19:56,608] [main] requestId= userEmail= traceId= spanId= - PASSED OVER - {"id"="update-bad-theme-state", "type"="execution", "author"="", "class"="DatabaseChangelog2", "method"="updateBadThemeState"}
READY
RESULT 770
processname:backend groupname:backend pid:1723 channel:stdout
[2025-04-04 08:19:56,610] [main] requestId= userEmail= traceId= spanId= - PASSED OVER - {"id"="add-tenant-admin-permissions-instance-admin", "type"="execution", "author"="", "class"="DatabaseChangelog2", "method"="addTenantAdminPermissionsToInstanceAdmin"}
[2025-04-04 08:19:56,619] [main] requestId= userEmail= traceId= spanId= - PASSED OVER - {"id"="add-graphql-plugin", "type"="execution", "author"="", "class"="DatabaseChangelog2", "method"="addGraphQLPlugin"}
[2025-04-04 08:19:56,621] [main] requestId= userEmail= traceId= spanId= - PASSED OVER - {"id"="indices-recommended-by-mongodb-cloud", "type"="execution", "author"="", "class"="DatabaseChangelog2", "method"="addIndicesRecommendedByMongoCloud"}
READY
RESULT 1763
processname:backend groupname:backend pid:1723 channel:stdout
[2025-04-04 08:19:56,624] [main] requestId= userEmail= traceId= spanId= - PASSED OVER - {"id"="add-unique-index-for-uidstring", "type"="execution", "author"="", "class"="DatabaseChangelog2", "method"="addUniqueIndexOnUidString"}
[2025-04-04 08:19:56,634] [main] requestId= userEmail= traceId= spanId= - PASSED OVER - {"id"="change-readPermissionGroup-to-readPermissionGroupMembers", "type"="execution", "author"="", "class"="DatabaseChangelog2", "method"="modifyReadPermissionGroupToReadPermissionGroupMembers"}
[2025-04-04 08:19:56,635] [main] requestId= userEmail= traceId= spanId= - PASSED OVER - {"id"="delete-permissions-in-permissionGroups", "type"="execution", "author"="", "class"="DatabaseChangelog2", "method"="deletePermissionsInPermissionGroups"}
[2025-04-04 08:19:56,635] [main] requestId= userEmail= traceId= spanId= - PASSED OVER - {"id"="remove-usage-pulses-for-appsmith-cloud", "type"="execution", "author"="", "class"="DatabaseChangelog2", "method"="removeUsagePulsesForAppsmithCloud"}
[2025-04-04 08:19:56,635] [main] requestId= userEmail= traceId= spanId= - PASSED OVER - {"id"="add-ssl-mode-settings-for-existing-mssql-datasources", "type"="execution", "author"="", "class"="DatabaseChangelog2", "method"="addSslModeSettingsForExistingMssqlDatasource"}
[2025-04-04 08:19:56,635] [main] requestId= userEmail= traceId= spanId= - PASSED OVER - {"id"="add-oracle-plugin", "type"="execution", "author"="", "class"="DatabaseChangelog2", "method"="addOraclePlugin"}
[2025-04-04 08:19:56,635] [main] requestId= userEmail= traceId= spanId= - PASSED OVER - {"id"="update-oracle-plugin-name", "type"="execution", "author"="", "class"="DatabaseChangelog2", "method"="updateOraclePluginName"}
READY
RESULT 300
processname:backend groupname:backend pid:1723 channel:stdout
[2025-04-04 08:19:56,696] [main] requestId= userEmail= traceId= spanId= - method[com.appsmith.server.migrations.db.ce.Migration003AddInstanceNameToTenantConfiguration] with arguments: [org.springframework.data.mongodb.core.MongoTemplate]
READY
RESULT 373
processname:backend groupname:backend pid:1723 channel:stdout
[2025-04-04 08:19:56,697] [main] requestId= userEmail= traceId= spanId= - PASSED OVER - {"id"="add-instance-name-env-variable-tenant-configuration", "type"="execution", "author"="default_author", "class"="Migration003AddInstanceNameToTenantConfiguration", "method"="addInstanceNameEnvVarToTenantConfiguration"}
READY
RESULT 606
processname:backend groupname:backend pid:1723 channel:stdout
[2025-04-04 08:19:56,724] [main] requestId= userEmail= traceId= spanId= - method[com.appsmith.server.migrations.db.ce.Migration004PermissionGroupDefaultWorkspaceIdMigration] with arguments: [org.springframework.data.mongodb.core.MongoTemplate]
[2025-04-04 08:19:56,727] [main] requestId= userEmail= traceId= spanId= - PASSED OVER - {"id"="migrate-default-workspace-id-to-default-domain-id", "type"="execution", "author"="default_author", "class"="Migration004PermissionGroupDefaultWorkspaceIdMigration", "method"="defaultWorkspaceIdMigration"}
READY
RESULT 614
processname:backend groupname:backend pid:1723 channel:stdout
[2025-04-04 08:19:56,732] [main] requestId= userEmail= traceId= spanId= - method[com.appsmith.server.migrations.db.ce.Migration005CreateIndexForApplicationSnapshotMigration] with arguments: [org.springframework.data.mongodb.core.MongoTemplate]
[2025-04-04 08:19:56,733] [main] requestId= userEmail= traceId= spanId= - PASSED OVER - {"id"="create-index-for-application-snapshot-collection", "type"="execution", "author"="default_author", "class"="Migration005CreateIndexForApplicationSnapshotMigration", "method"="addIndexOnApplicationIdAndChunkOrder"}
READY
RESULT 293
processname:backend groupname:backend pid:1723 channel:stdout
[2025-04-04 08:19:56,766] [main] requestId= userEmail= traceId= spanId= - method[com.appsmith.server.migrations.db.ce.Migration006ResetOnPageLoadEdgesInLayouts] with arguments: [org.springframework.data.mongodb.core.MongoTemplate]
READY
RESULT 858
processname:backend groupname:backend pid:1723 channel:stdout
[2025-04-04 08:19:56,767] [main] requestId= userEmail= traceId= spanId= - PASSED OVER - {"id"="reset-on-page-load-edges-in-layouts", "type"="execution", "author"="default_author", "class"="Migration006ResetOnPageLoadEdgesInLayouts", "method"="executeMigration"}
[2025-04-04 08:19:56,782] [main] requestId= userEmail= traceId= spanId= - method[com.appsmith.server.migrations.db.ce.Migration007OptOutUnsupportedPluginsForAirGap] with arguments: [org.springframework.data.mongodb.core.MongoTemplate]
[2025-04-04 08:19:56,783] [main] requestId= userEmail= traceId= spanId= - PASSED OVER - {"id"="opt-out-unsupported-plugins-airgap-instance", "type"="execution", "author"="default_author", "class"="Migration007OptOutUnsupportedPluginsForAirGap", "method"="optOutUnsupportedPluginsForAirGapInstance"}
READY
RESULT 1056
processname:backend groupname:backend pid:1723 channel:stdout
[2025-04-04 08:19:56,788] [main] requestId= userEmail= traceId= spanId= - method[com.appsmith.server.migrations.db.ce.Migration008SupportNonHostedPluginsForAirgap] with arguments: [org.springframework.data.mongodb.core.MongoTemplate]
[2025-04-04 08:19:56,793] [main] requestId= userEmail= traceId= spanId= - PASSED OVER - {"id"="support-non-self-hosted-plugins-for-airgap", "type"="execution", "author"="default_author", "class"="Migration008SupportNonHostedPluginsForAirgap", "method"="supportNonHostedPluginsForAirgap"}
[2025-04-04 08:19:56,800] [main] requestId= userEmail= traceId= spanId= - method[com.appsmith.server.migrations.db.ce.Migration009UpdateOracleLogoToSVG] with arguments: [org.springframework.data.mongodb.core.MongoTemplate]
[2025-04-04 08:19:56,802] [main] requestId= userEmail= traceId= spanId= - PASSED OVER - {"id"="update-oracle-logo-to-svg", "type"="execution", "author"="default_author", "class"="Migration009UpdateOracleLogoToSVG", "method"="updateOracleLogoToSVG"}
READY
RESULT 1193
processname:backend groupname:backend pid:1723 channel:stdout
[2025-04-04 08:19:56,822] [main] requestId= userEmail= traceId= spanId= - method[com.appsmith.server.migrations.db.ce.Migration010UpdatePluginDocsLink] with arguments: [org.springframework.data.mongodb.core.MongoTemplate]
[2025-04-04 08:19:56,839] [main] requestId= userEmail= traceId= spanId= - PASSED OVER - {"id"="update-plugins-docs-link", "type"="execution", "author"="default_author", "class"="Migration010UpdatePluginDocsLink", "method"="updatePluginDocumentationLinks"}
[2025-04-04 08:19:56,842] [main] requestId= userEmail= traceId= spanId= - method[com.appsmith.server.migrations.db.ce.Migration011CreateIndexDefaultDomainIdDefaultDomainTypeDropIndexDefaultWorkspaceId] with arguments: [org.springframework.data.mongodb.core.MongoTemplate]
[2025-04-04 08:19:56,843] [main] requestId= userEmail= traceId= spanId= - PASSED OVER - {"id"="create-index-default-domain-id-default-domain-type", "type"="execution", "author"="default_author", "class"="Migration011CreateIndexDefaultDomainIdDefaultDomainTypeDropIndexDefaultWorkspaceId", "method"="createNewIndexDefaultDomainIdDefaultDomainTypeAndDropOldIndexDefaultWorkspaceId"}
READY
RESULT 635
processname:backend groupname:backend pid:1723 channel:stdout
[2025-04-04 08:19:56,959] [main] requestId= userEmail= traceId= spanId= - method[com.appsmith.server.migrations.db.ce.Migration012RemoveStructureFromWithinDatasource] with arguments: [org.springframework.data.mongodb.core.MongoOperations, org.springframework.data.mongodb.core.MongoTemplate]
[2025-04-04 08:19:56,959] [main] requestId= userEmail= traceId= spanId= - PASSED OVER - {"id"="remove-structure-from-within-datasource-modified", "type"="execution", "author"="default_author", "class"="Migration012RemoveStructureFromWithinDatasource", "method"="executeMigration"}
READY
RESULT 546
processname:backend groupname:backend pid:1723 channel:stdout
[2025-04-04 08:19:56,993] [main] requestId= userEmail= traceId= spanId= - method[com.appsmith.server.migrations.db.ce.Migration013AddEmailBodyTypeToSMTPPlugin] with arguments: [org.springframework.data.mongodb.core.MongoTemplate]
[2025-04-04 08:19:56,995] [main] requestId= userEmail= traceId= spanId= - PASSED OVER - {"id"="add-smtp-email-body-type", "type"="execution", "author"="default_author", "class"="Migration013AddEmailBodyTypeToSMTPPlugin", "method"="addSmtpEmailBodyType"}
READY
RESULT 1081
processname:backend groupname:backend pid:1723 channel:stdout
[2025-04-04 08:19:57,064] [main] requestId= userEmail= traceId= spanId= - method[com.appsmith.server.migrations.db.ce.Migration014AddIndexToDatasourceStorage] with arguments: [org.springframework.data.mongodb.core.MongoTemplate]
[2025-04-04 08:19:57,064] [main] requestId= userEmail= traceId= spanId= - PASSED OVER - {"id"="index-for-datasource-storage", "type"="execution", "author"="default_author", "class"="Migration014AddIndexToDatasourceStorage", "method"="addingIndexToDatasourceStorage"}
[2025-04-04 08:19:57,068] [main] requestId= userEmail= traceId= spanId= - method[com.appsmith.server.migrations.db.ce.Migration015AddPluginTypeIndexToNewActionCollection] with arguments: [org.springframework.data.mongodb.core.MongoTemplate]
[2025-04-04 08:19:57,068] [main] requestId= userEmail= traceId= spanId= - PASSED OVER - {"id"="app-id-plugin-type-index-for-new-action", "type"="execution", "author"="default_author", "class"="Migration015AddPluginTypeIndexToNewActionCollection", "method"="addingIndexToNewAction"}
READY
RESULT 1049
processname:backend groupname:backend pid:1723 channel:stdout
[2025-04-04 08:19:57,083] [main] requestId= userEmail= traceId= spanId= - method[com.appsmith.server.migrations.db.ce.Migration016RenameIndexesWithLongNames] with arguments: [org.springframework.data.mongodb.core.MongoTemplate]
[2025-04-04 08:19:57,084] [main] requestId= userEmail= traceId= spanId= - PASSED OVER - {"id"="rename-indexes-with-long-names", "type"="execution", "author"="default_author", "class"="Migration016RenameIndexesWithLongNames", "method"="executeMigration"}
[2025-04-04 08:19:57,088] [main] requestId= userEmail= traceId= spanId= - method[com.appsmith.server.migrations.db.ce.Migration017UnsetEncryptionVersion2Fields] with arguments: [org.springframework.data.mongodb.core.MongoTemplate]
[2025-04-04 08:19:57,089] [main] requestId= userEmail= traceId= spanId= - PASSED OVER - {"id"="unset-not-encrypted-encryption-version-2-fields", "type"="execution", "author"="default_author", "class"="Migration017UnsetEncryptionVersion2Fields", "method"="executeMigration"}
READY
RESULT 1083
processname:backend groupname:backend pid:1723 channel:stdout
[2025-04-04 08:19:57,104] [main] requestId= userEmail= traceId= spanId= - method[com.appsmith.server.migrations.db.ce.Migration018UpdateOraclePluginDocumentationLink] with arguments: [org.springframework.data.mongodb.core.MongoTemplate]
[2025-04-04 08:19:57,105] [main] requestId= userEmail= traceId= spanId= - PASSED OVER - {"id"="update-oracle-doc-link", "type"="execution", "author"="default_author", "class"="Migration018UpdateOraclePluginDocumentationLink", "method"="updateOracleDocumentationLink"}
[2025-04-04 08:19:57,123] [main] requestId= userEmail= traceId= spanId= - method[com.appsmith.server.migrations.db.ce.Migration019RemoveNullEnvIdDatasourceStructureDocuments] with arguments: [org.springframework.data.mongodb.core.MongoTemplate]
[2025-04-04 08:19:57,124] [main] requestId= userEmail= traceId= spanId= - PASSED OVER - {"id"="delete-null-envId-key-document", "type"="execution", "author"="default_author", "class"="Migration019RemoveNullEnvIdDatasourceStructureDocuments", "method"="executeMigration"}
READY
RESULT 1206
processname:backend groupname:backend pid:1723 channel:stdout
[2025-04-04 08:19:57,163] [main] requestId= userEmail= traceId= spanId= - method[com.appsmith.server.migrations.db.ce.Migration021MoveGoogleMapsKeyToTenantConfiguration] with arguments: [org.springframework.data.mongodb.core.MongoTemplate, com.appsmith.server.configurations.CommonConfig]
[2025-04-04 08:19:57,164] [main] requestId= userEmail= traceId= spanId= - PASSED OVER - {"id"="move-google-maps-key-to-tenant-configuration", "type"="execution", "author"="default_author", "class"="Migration021MoveGoogleMapsKeyToTenantConfiguration", "method"="executeMigration"}
[2025-04-04 08:19:57,167] [main] requestId= userEmail= traceId= spanId= - method[com.appsmith.server.migrations.db.ce.Migration022AddConnectionMethodDefaultValueToAllMySQLDatasources] with arguments: [org.springframework.data.mongodb.core.MongoTemplate]
[2025-04-04 08:19:57,168] [main] requestId= userEmail= traceId= spanId= - PASSED OVER - {"id"="add-connection-method-default-value-for-mysql", "type"="execution", "author"="default_author", "class"="Migration022AddConnectionMethodDefaultValueToAllMySQLDatasources", "method"="updateConnectionMethodDefaultValueForMySQL"}
READY
RESULT 2856
processname:backend groupname:backend pid:1723 channel:stdout
[2025-04-04 08:19:57,183] [main] requestId= userEmail= traceId= spanId= - method[com.appsmith.server.migrations.db.ce.Migration023UpdateJSPluginIcon] with arguments: [org.springframework.data.mongodb.core.MongoTemplate]
[2025-04-04 08:19:57,184] [main] requestId= userEmail= traceId= spanId= - PASSED OVER - {"id"="update-js-plugin-icon", "type"="execution", "author"="default_author", "class"="Migration023UpdateJSPluginIcon", "method"="executeMigration"}
[2025-04-04 08:19:57,200] [main] requestId= userEmail= traceId= spanId= - method[com.appsmith.server.migrations.db.ce.Migration024EnableGenerateCRUDPageToggleForMssqlPlugin] with arguments: [org.springframework.data.mongodb.core.MongoTemplate]
[2025-04-04 08:19:57,201] [main] requestId= userEmail= traceId= spanId= - PASSED OVER - {"id"="enable-generate-crud-page-for-mssql", "type"="execution", "author"="default_author", "class"="Migration024EnableGenerateCRUDPageToggleForMssqlPlugin", "method"="enableGenerateCRUDPageToggle"}
[2025-04-04 08:19:57,216] [main] requestId= userEmail= traceId= spanId= - method[com.appsmith.server.migrations.db.ce.Migration025AddIndexDeletedInApplication] with arguments: [org.springframework.data.mongodb.core.MongoTemplate]
[2025-04-04 08:19:57,216] [main] requestId= userEmail= traceId= spanId= - PASSED OVER - {"id"="add-index-application-deleted", "type"="execution", "author"="default_author", "class"="Migration025AddIndexDeletedInApplication", "method"="createIndexInApplicationCollection"}
[2025-04-04 08:19:57,219] [main] requestId= userEmail= traceId= spanId= - method[com.appsmith.server.migrations.db.ce.Migration025RemoveUnassignPermissionFromUnnecessaryRoles] with arguments: [org.springframework.data.mongodb.core.MongoTemplate]
[2025-04-04 08:19:57,232] [main] requestId= userEmail= traceId= spanId= - PASSED OVER - {"id"="remove-unassign-permission-from-workspace-dev-viewer-roles", "type"="execution", "author"="default_author", "class"="Migration025RemoveUnassignPermissionFromUnnecessaryRoles", "method"="executeMigration"}
[2025-04-04 08:19:57,238] [main] requestId= userEmail= traceId= spanId= - method[com.appsmith.server.migrations.db.ce.Migration026AddIndexTenantAndDeletedInWorkspace] with arguments: [org.springframework.data.mongodb.core.MongoTemplate]
[2025-04-04 08:19:57,243] [main] requestId= userEmail= traceId= spanId= - PASSED OVER - {"id"="add-index-workspace-tenant-deleted", "type"="execution", "author"="default_author", "class"="Migration026AddIndexTenantAndDeletedInWorkspace", "method"="addIndexInWorkspaceCollection"}
[2025-04-04 08:19:57,254] [main] requestId= userEmail= traceId= spanId= - method[com.appsmith.server.migrations.db.ce.Migration027AddIndexDatasourceIdAndDeletedInAction] with arguments: [org.springframework.data.mongodb.core.MongoTemplate]
READY
RESULT 603
processname:backend groupname:backend pid:1723 channel:stdout
[2025-04-04 08:19:57,255] [main] requestId= userEmail= traceId= spanId= - PASSED OVER - {"id"="new-action-compound-index-datasource-id", "type"="execution", "author"="default_author", "class"="Migration027AddIndexDatasourceIdAndDeletedInAction", "method"="addIndexInNewActionCollection"}
[2025-04-04 08:19:57,259] [main] requestId= userEmail= traceId= spanId= - method[com.appsmith.server.migrations.db.ce.Migration028TagUserManagementRolesWithoutDefaultDomainTypeAndId] with arguments: [org.springframework.data.mongodb.core.MongoTemplate]
READY
RESULT 973
processname:backend groupname:backend pid:1723 channel:stdout
[2025-04-04 08:19:57,260] [main] requestId= userEmail= traceId= spanId= - PASSED OVER - {"id"="tag-user-management-roles-without-default-domain-type-and-id", "type"="execution", "author"="default_author", "class"="Migration028TagUserManagementRolesWithoutDefaultDomainTypeAndId", "method"="tagUserManagementRolesWithoutDefaultDomainTypeAndId"}
[2025-04-04 08:19:57,274] [main] requestId= userEmail= traceId= spanId= - method[com.appsmith.server.migrations.db.ce.Migration029PopulateDefaultDomainIdInUserManagementRoles] with arguments: [org.springframework.data.mongodb.core.MongoTemplate]
[2025-04-04 08:19:57,287] [main] requestId= userEmail= traceId= spanId= - PASSED OVER - {"id"="populate-default-domain-id-in-user-management-roles", "type"="execution", "author"="default_author", "class"="Migration029PopulateDefaultDomainIdInUserManagementRoles", "method"="populateDefaultDomainIdInUserManagementRoles"}
READY
RESULT 584
processname:backend groupname:backend pid:1723 channel:stdout
[2025-04-04 08:19:57,291] [main] requestId= userEmail= traceId= spanId= - method[com.appsmith.server.migrations.db.ce.Migration030TagUsersWithNoUserManagementRoles] with arguments: [org.springframework.data.mongodb.core.MongoTemplate]
[2025-04-04 08:19:57,304] [main] requestId= userEmail= traceId= spanId= - PASSED OVER - {"id"="tag-users-with-no-user-management-roles", "type"="execution", "author"="default_author", "class"="Migration030TagUsersWithNoUserManagementRoles", "method"="tagUsersWithNoUserManagementRoles"}
READY
RESULT 354
processname:backend groupname:backend pid:1723 channel:stdout
[2025-04-04 08:19:57,339] [main] requestId= userEmail= traceId= spanId= - method[com.appsmith.server.migrations.db.ce.Migration031CreateUserManagementRolesForUsersTaggedIn030] with arguments: [org.springframework.data.mongodb.core.MongoTemplate, com.appsmith.server.solutions.PolicySolution]
READY
RESULT 403
processname:backend groupname:backend pid:1723 channel:stdout
[2025-04-04 08:19:57,340] [main] requestId= userEmail= traceId= spanId= - PASSED OVER - {"id"="create-user-management-roles-for-users-tagged-in-migration-030", "type"="execution", "author"="default_author", "class"="Migration031CreateUserManagementRolesForUsersTaggedIn030", "method"="createUserManagementRolesForUsersTaggedInMigration030"}
READY
RESULT 1047
processname:backend groupname:backend pid:1723 channel:stdout
[2025-04-04 08:19:57,353] [main] requestId= userEmail= traceId= spanId= - method[com.appsmith.server.migrations.db.ce.Migration032AddingXmlParserToApplicationLibraries] with arguments: [org.springframework.data.mongodb.core.MongoTemplate]
[2025-04-04 08:19:57,354] [main] requestId= userEmail= traceId= spanId= - PASSED OVER - {"id"="add-xml-parser-to-application-jslibs", "type"="execution", "author"="default_author", "class"="Migration032AddingXmlParserToApplicationLibraries", "method"="addXmlParserEntryToEachApplication"}
[2025-04-04 08:19:57,357] [main] requestId= userEmail= traceId= spanId= - method[com.appsmith.server.migrations.db.ce.Migration033AddOpenAIPlugin] with arguments: [org.springframework.data.mongodb.core.MongoTemplate]
[2025-04-04 08:19:57,357] [main] requestId= userEmail= traceId= spanId= - PASSED OVER - {"id"="add-open-ai-plugin", "type"="execution", "author"="default_author", "class"="Migration033AddOpenAIPlugin", "method"="addPluginToDbAndWorkspace"}
READY
RESULT 1727
processname:backend groupname:backend pid:1723 channel:stdout
[2025-04-04 08:19:57,372] [main] requestId= userEmail= traceId= spanId= - method[com.appsmith.server.migrations.db.ce.Migration034ChangeOpenAIIntegrationDocumentationLink] with arguments: [org.springframework.data.mongodb.core.MongoTemplate]
[2025-04-04 08:19:57,373] [main] requestId= userEmail= traceId= spanId= - PASSED OVER - {"id"="change-open-ai-integration-documentation-link", "type"="execution", "author"="default_author", "class"="Migration034ChangeOpenAIIntegrationDocumentationLink", "method"="changeDocumentationLink"}
[2025-04-04 08:19:57,377] [main] requestId= userEmail= traceId= spanId= - method[com.appsmith.server.migrations.db.ce.Migration035AddAnthropicPlugin] with arguments: [org.springframework.data.mongodb.core.MongoTemplate]
[2025-04-04 08:19:57,378] [main] requestId= userEmail= traceId= spanId= - PASSED OVER - {"id"="add-anthropic-plugin", "type"="execution", "author"="default_author", "class"="Migration035AddAnthropicPlugin", "method"="addPluginToDbAndWorkspace"}
[2025-04-04 08:19:57,397] [main] requestId= userEmail= traceId= spanId= - method[com.appsmith.server.migrations.db.ce.Migration035RemoveMockDbEndPointInDatasourceInSelfHostedInstance] with arguments: [org.springframework.data.mongodb.core.MongoTemplate, com.appsmith.server.configurations.CommonConfig, com.appsmith.server.solutions.EnvManager]
[2025-04-04 08:19:57,397] [main] requestId= userEmail= traceId= spanId= - PASSED OVER - {"id"="remove-mockdb-endpoint-in-datasource-self-hosted-instance", "type"="execution", "author"="default_author", "class"="Migration035RemoveMockDbEndPointInDatasourceInSelfHostedInstance", "method"="removeMockDbEndpointInDatasource"}
READY
RESULT 4101
processname:backend groupname:backend pid:1723 channel:stdout
[2025-04-04 08:19:57,413] [main] requestId= userEmail= traceId= spanId= - method[com.appsmith.server.migrations.db.ce.Migration036AddRecentlyUsedEntitiesForUserData] with arguments: [org.springframework.data.mongodb.core.MongoTemplate]
[2025-04-04 08:19:57,414] [main] requestId= userEmail= traceId= spanId= - PASSED OVER - {"id"="add-recently-used-entities-for-user", "type"="execution", "author"="default_author", "class"="Migration036AddRecentlyUsedEntitiesForUserData", "method"="addRecentlyUsedEntitiesForUserData"}
[2025-04-04 08:19:57,427] [main] requestId= userEmail= traceId= spanId= - method[com.appsmith.server.migrations.db.ce.Migration037AddCompoundIndexForNameAndDeletedAt] with arguments: [org.springframework.data.mongodb.core.MongoTemplate]
[2025-04-04 08:19:57,428] [main] requestId= userEmail= traceId= spanId= - PASSED OVER - {"id"="add-compound-index-name-deleted", "type"="execution", "author"="default_author", "class"="Migration037AddCompoundIndexForNameAndDeletedAt", "method"="addIndexInWorkspaceAndApplicationsCollection"}
[2025-04-04 08:19:57,442] [main] requestId= userEmail= traceId= spanId= - method[com.appsmith.server.migrations.db.ce.Migration037MarkAnonymousUserAsSystemGenerated] with arguments: [org.springframework.data.mongodb.core.MongoTemplate]
[2025-04-04 08:19:57,443] [main] requestId= userEmail= traceId= spanId= - PASSED OVER - {"id"="mark-anonymous-user-as-system-generated", "type"="execution", "author"="default_author", "class"="Migration037MarkAnonymousUserAsSystemGenerated", "method"="executeMigration"}
[2025-04-04 08:19:57,445] [main] requestId= userEmail= traceId= spanId= - method[com.appsmith.server.migrations.db.ce.Migration038AddCompoundIndexForActionCollection] with arguments: [org.springframework.data.mongodb.core.MongoTemplate]
[2025-04-04 08:19:57,457] [main] requestId= userEmail= traceId= spanId= - PASSED OVER - {"id"="add-compound-index-action-collection", "type"="execution", "author"="default_author", "class"="Migration038AddCompoundIndexForActionCollection", "method"="addIndexInActionCollection"}
[2025-04-04 08:19:57,461] [main] requestId= userEmail= traceId= spanId= - method[com.appsmith.server.migrations.db.ce.Migration038AddGoogleAIPlugin] with arguments: [org.springframework.data.mongodb.core.MongoTemplate]
[2025-04-04 08:19:57,461] [main] requestId= userEmail= traceId= spanId= - PASSED OVER - {"id"="add-google-ai-plugin", "type"="execution", "author"="default_author", "class"="Migration038AddGoogleAIPlugin", "method"="addPluginToDbAndWorkspace"}
[2025-04-04 08:19:57,476] [main] requestId= userEmail= traceId= spanId= - method[com.appsmith.server.migrations.db.ce.Migration039AddCompoundIndexForDatasourceStorage] with arguments: [org.springframework.data.mongodb.core.MongoTemplate]
[2025-04-04 08:19:57,477] [main] requestId= userEmail= traceId= spanId= - PASSED OVER - {"id"="add-compound-index-datasource-storage", "type"="execution", "author"="default_author", "class"="Migration039AddCompoundIndexForDatasourceStorage", "method"="addIndexInDatasourceStorageCollection"}
[2025-04-04 08:19:57,492] [main] requestId= userEmail= traceId= spanId= - method[com.appsmith.server.migrations.db.ce.Migration039AddDatabricksPlugin] with arguments: [org.springframework.data.mongodb.core.MongoTemplate]
[2025-04-04 08:19:57,493] [main] requestId= userEmail= traceId= spanId= - PASSED OVER - {"id"="add-databricks-plugin", "type"="execution", "author"="default_author", "class"="Migration039AddDatabricksPlugin", "method"="addPluginToDbAndWorkspace"}
[2025-04-04 08:19:57,507] [main] requestId= userEmail= traceId= spanId= - method[com.appsmith.server.migrations.db.ce.Migration039OpenAIMessagesJsToggle] with arguments: [org.springframework.data.mongodb.core.MongoTemplate]
[2025-04-04 08:19:57,508] [main] requestId= userEmail= traceId= spanId= - PASSED OVER - {"id"="move-messages-to-data-key-in-openai", "type"="execution", "author"="default_author", "class"="Migration039OpenAIMessagesJsToggle", "method"="moveMessagesToDataKeyForSupportingJsToggle"}
READY
RESULT 3370
processname:backend groupname:backend pid:1723 channel:stdout
[2025-04-04 08:19:57,510] [main] requestId= userEmail= traceId= spanId= - method[com.appsmith.server.migrations.db.ce.Migration040AddAWSLambdaPlugin] with arguments: [org.springframework.data.mongodb.core.MongoTemplate]
[2025-04-04 08:19:57,522] [main] requestId= userEmail= traceId= spanId= - PASSED OVER - {"id"="add-aws-lambda-plugin", "type"="execution", "author"="default_author", "class"="Migration040AddAWSLambdaPlugin", "method"="addPluginToDbAndWorkspace"}
[2025-04-04 08:19:57,602] [main] requestId= userEmail= traceId= spanId= - method[com.appsmith.server.migrations.db.ce.Migration040AddAppsmithAiPlugin] with arguments: [org.springframework.data.mongodb.core.MongoTemplate]
[2025-04-04 08:19:57,603] [main] requestId= userEmail= traceId= spanId= - PASSED OVER - {"id"="add-appsmith-ai-plugin", "type"="execution", "author"="default_author", "class"="Migration040AddAppsmithAiPlugin", "method"="addPluginToDbAndWorkspace"}
[2025-04-04 08:19:57,606] [main] requestId= userEmail= traceId= spanId= - method[com.appsmith.server.migrations.db.ce.Migration041TagWorkspacesForGitOperationsPermissionMigration] with arguments: [org.springframework.data.mongodb.core.MongoTemplate]
[2025-04-04 08:19:57,606] [main] requestId= userEmail= traceId= spanId= - PASSED OVER - {"id"="tag-workspaces-to-migrate-adding-git-permissions", "type"="execution", "author"="default_author", "class"="Migration041TagWorkspacesForGitOperationsPermissionMigration", "method"="addPermissionForGitOperationsToExistingWorkspaces"}
[2025-04-04 08:19:57,620] [main] requestId= userEmail= traceId= spanId= - method[com.appsmith.server.migrations.db.ce.Migration042AddPermissionsForGitOperations] with arguments: [org.springframework.data.mongodb.core.MongoTemplate]
[2025-04-04 08:19:57,621] [main] requestId= userEmail= traceId= spanId= - PASSED OVER - {"id"="add-permissions-for-git-operations", "type"="execution", "author"="default_author", "class"="Migration042AddPermissionsForGitOperations", "method"="addPermissionForGitOperationsToExistingApplications"}
[2025-04-04 08:19:57,635] [main] requestId= userEmail= traceId= spanId= - method[com.appsmith.server.migrations.db.ce.Migration043AddIndexActionCollectionPageID] with arguments: [org.springframework.data.mongodb.core.MongoTemplate]
[2025-04-04 08:19:57,636] [main] requestId= userEmail= traceId= spanId= - PASSED OVER - {"id"="add-index-to-action-collection-default-resources-pageid", "type"="execution", "author"="default_author", "class"="Migration043AddIndexActionCollectionPageID", "method"="addIndexToActionCollectionCollection"}
[2025-04-04 08:19:57,651] [main] requestId= userEmail= traceId= spanId= - method[com.appsmith.server.migrations.db.ce.Migration044AddIndexesToDomainObjects] with arguments: [org.springframework.data.mongodb.core.MongoTemplate]
[2025-04-04 08:19:57,653] [main] requestId= userEmail= traceId= spanId= - PASSED OVER - {"id"="add-index-to-domain-objects", "type"="execution", "author"="default_author", "class"="Migration044AddIndexesToDomainObjects", "method"="addIndexToDomainObjects"}
[2025-04-04 08:19:57,668] [main] requestId= userEmail= traceId= spanId= - method[com.appsmith.server.migrations.db.ce.Migration045AddDefaultAppsmithAiDatasourceForOrphanActions] with arguments: [org.springframework.data.mongodb.core.MongoTemplate]
READY
RESULT 838
processname:backend groupname:backend pid:1723 channel:stdout
[2025-04-04 08:19:57,668] [main] requestId= userEmail= traceId= spanId= - PASSED OVER - {"id"="add-default-appsmith-datasource", "type"="execution", "author"="default_author", "class"="Migration045AddDefaultAppsmithAiDatasourceForOrphanActions", "method"="addDefaultAppsmithAiDatasourceForOrphanActions"}
[2025-04-04 08:19:57,683] [main] requestId= userEmail= traceId= spanId= - method[com.appsmith.server.migrations.db.ce.Migration046DeleteArchivedPlugins] with arguments: [org.springframework.data.mongodb.core.MongoTemplate]
[2025-04-04 08:19:57,684] [main] requestId= userEmail= traceId= spanId= - PASSED OVER - {"id"="delete-archived-pluginsd", "type"="execution", "author"="default_author", "class"="Migration046DeleteArchivedPlugins", "method"="deleteArchivedPlugins"}
READY
RESULT 1138
processname:backend groupname:backend pid:1723 channel:stdout
[2025-04-04 08:19:57,700] [main] requestId= userEmail= traceId= spanId= - method[com.appsmith.server.migrations.db.ce.Migration047AddMissingFieldsInDefaultAppsmithAiDatasource] with arguments: [org.springframework.data.mongodb.core.MongoTemplate]
[2025-04-04 08:19:57,701] [main] requestId= userEmail= traceId= spanId= - PASSED OVER - {"id"="add-missing-fields-in-default-appsmith-datasource", "type"="execution", "author"="default_author", "class"="Migration047AddMissingFieldsInDefaultAppsmithAiDatasource", "method"="addMissingFieldsInDefaultAppsmithAiDatasource"}
[2025-04-04 08:19:57,715] [main] requestId= userEmail= traceId= spanId= - method[com.appsmith.server.migrations.db.ce.Migration048AddCompoundIndexToUserEntity] with arguments: [org.springframework.data.mongodb.core.MongoTemplate]
[2025-04-04 08:19:57,715] [main] requestId= userEmail= traceId= spanId= - PASSED OVER - {"id"="add-compound-index-in-user-collection", "type"="execution", "author"="default_author", "class"="Migration048AddCompoundIndexToUserEntity", "method"="addMissingIndexInUserCollection"}
READY
RESULT 522
processname:backend groupname:backend pid:1723 channel:stdout
[2025-04-04 08:19:57,747] [main] requestId= userEmail= traceId= spanId= - method[com.appsmith.server.migrations.db.ce.Migration049RemoveLayoutBaseFields] with arguments: [org.springframework.data.mongodb.core.MongoTemplate]
[2025-04-04 08:19:57,747] [main] requestId= userEmail= traceId= spanId= - PASSED OVER - {"id"="remove-layout-base-fields", "type"="execution", "author"="default_author", "class"="Migration049RemoveLayoutBaseFields", "method"="execute"}
READY
RESULT 1571
processname:backend groupname:backend pid:1723 channel:stdout
[2025-04-04 08:19:57,764] [main] requestId= userEmail= traceId= spanId= - method[com.appsmith.server.migrations.db.ce.Migration050MoveAnthropicLegacyModelsInQueries] with arguments: [org.springframework.data.mongodb.core.MongoTemplate]
[2025-04-04 08:19:57,765] [main] requestId= userEmail= traceId= spanId= - PASSED OVER - {"id"="move-anthropic-legacy-models", "type"="execution", "author"="default_author", "class"="Migration050MoveAnthropicLegacyModelsInQueries", "method"="moveAnthropicLegacyModelsInQueries"}
[2025-04-04 08:19:57,768] [main] requestId= userEmail= traceId= spanId= - method[com.appsmith.server.migrations.db.ce.Migration051AddNewActionCollectionIdIndex] with arguments: [org.springframework.data.mongodb.core.MongoTemplate]
[2025-04-04 08:19:57,768] [main] requestId= userEmail= traceId= spanId= - PASSED OVER - {"id"="add-idx-new-action-coll-id", "type"="execution", "author"="default_author", "class"="Migration051AddNewActionCollectionIdIndex", "method"="addMissingIndexInNewActionCollection"}
[2025-04-04 08:19:57,771] [main] requestId= userEmail= traceId= spanId= - method[com.appsmith.server.migrations.db.ce.Migration052RemoveInvalidPluginsInWorkspaces] with arguments: [org.springframework.data.mongodb.core.MongoTemplate]
[2025-04-04 08:19:57,772] [main] requestId= userEmail= traceId= spanId= - PASSED OVER - {"id"="remove-invalid-plugins-in-workspaces", "type"="execution", "author"="default_author", "class"="Migration052RemoveInvalidPluginsInWorkspaces", "method"="execute"}
READY
RESULT 1194
processname:backend groupname:backend pid:1723 channel:stdout
[2025-04-04 08:19:57,786] [main] requestId= userEmail= traceId= spanId= - method[com.appsmith.server.migrations.db.ce.Migration053AddApplicationDeletePagePermissionToApplications] with arguments: [org.springframework.data.mongodb.core.MongoTemplate]
[2025-04-04 08:19:57,786] [main] requestId= userEmail= traceId= spanId= - PASSED OVER - {"id"="add-app-delete-pages-permission-to-application", "type"="execution", "author"="default_author", "class"="Migration053AddApplicationDeletePagePermissionToApplications", "method"="addApplicationDeletePagesPermissionToApplication"}
[2025-04-04 08:19:57,789] [main] requestId= userEmail= traceId= spanId= - method[com.appsmith.server.migrations.db.ce.Migration055AddIsAtomicPushAllowedEnvVarToTenantConfiguration] with arguments: [org.springframework.data.mongodb.core.MongoTemplate]
[2025-04-04 08:19:57,789] [main] requestId= userEmail= traceId= spanId= - PASSED OVER - {"id"="add-is-atomic-push-allowed-env-variable-tenant-configuration", "type"="execution", "author"="default_author", "class"="Migration055AddIsAtomicPushAllowedEnvVarToTenantConfiguration", "method"="executeMigration"}
READY
RESULT 1537
processname:backend groupname:backend pid:1723 channel:stdout
[2025-04-04 08:19:57,805] [main] requestId= userEmail= traceId= spanId= - method[com.appsmith.server.migrations.db.ce.Migration056AddBranchNameAndDefaultArtifactIndexToApplication] with arguments: [org.springframework.data.mongodb.core.MongoTemplate]
[2025-04-04 08:19:57,805] [main] requestId= userEmail= traceId= spanId= - PASSED OVER - {"id"="add-idx-branch-name-default-artifact-id", "type"="execution", "author"="default_author", "class"="Migration056AddBranchNameAndDefaultArtifactIndexToApplication", "method"="createIndexForApplication"}
[2025-04-04 08:19:57,821] [main] requestId= userEmail= traceId= spanId= - method[com.appsmith.server.migrations.db.ce.Migration057MoveDRToBaseIds] with arguments: [org.springframework.data.mongodb.core.MongoTemplate]
[2025-04-04 08:19:57,821] [main] requestId= userEmail= traceId= spanId= - PASSED OVER - {"id"="move-dr-to-base-ids", "type"="execution", "author"="default_author", "class"="Migration057MoveDRToBaseIds", "method"="executeMigration"}
[2025-04-04 08:19:57,824] [main] requestId= userEmail= traceId= spanId= - method[com.appsmith.server.migrations.db.ce.Migration058AddIndexesToBranchAwareDomains] with arguments: [org.springframework.data.mongodb.core.MongoTemplate]
[2025-04-04 08:19:57,824] [main] requestId= userEmail= traceId= spanId= - PASSED OVER - {"id"="add-idx-branch-aware", "type"="execution", "author"="default_author", "class"="Migration058AddIndexesToBranchAwareDomains", "method"="executeMigration"}
READY
RESULT 585
processname:backend groupname:backend pid:1723 channel:stdout
[2025-04-04 08:19:58,055] [main] requestId= userEmail= traceId= spanId= - method[com.appsmith.server.migrations.db.ce.Migration059PolicySetToPolicyMap] with arguments: [org.springframework.data.mongodb.core.ReactiveMongoTemplate, com.appsmith.server.repositories.CacheableRepositoryHelper]
[2025-04-04 08:19:58,056] [main] requestId= userEmail= traceId= spanId= - PASSED OVER - {"id"="policy-set-to-policy-map", "type"="execution", "author"="default_author", "class"="Migration059PolicySetToPolicyMap", "method"="execute"}
READY
RESULT 1068
processname:backend groupname:backend pid:1723 channel:stdout
[2025-04-04 08:19:58,085] [main] requestId= userEmail= traceId= spanId= - method[com.appsmith.server.migrations.db.ce.Migration060AddIndexesForPolicyMap] with arguments: [org.springframework.data.mongodb.core.MongoTemplate]
[2025-04-04 08:19:58,086] [main] requestId= userEmail= traceId= spanId= - PASSED OVER - {"id"="add-idx-policy-map", "type"="execution", "author"="default_author", "class"="Migration060AddIndexesForPolicyMap", "method"="executeMigration"}
[2025-04-04 08:19:58,089] [main] requestId= userEmail= traceId= spanId= - method[com.appsmith.server.migrations.db.ce.Migration061TenantPolicySetToPolicyMap] with arguments: [org.springframework.data.mongodb.core.MongoTemplate, com.appsmith.server.repositories.CacheableRepositoryHelper]
[2025-04-04 08:19:58,090] [main] requestId= userEmail= traceId= spanId= - PASSED OVER - {"id"="migrate-policy-set-to-map-tenant", "type"="execution", "author"="default_author", "class"="Migration061TenantPolicySetToPolicyMap", "method"="executeMigration"}
READY
RESULT 972
processname:backend groupname:backend pid:1723 channel:stdout
[2025-04-04 08:19:58,104] [main] requestId= userEmail= traceId= spanId= - method[com.appsmith.server.migrations.db.ce.Migration062AddEmptyPolicyMapForNullValues] with arguments: [org.springframework.data.mongodb.core.ReactiveMongoTemplate]
[2025-04-04 08:19:58,105] [main] requestId= userEmail= traceId= spanId= - PASSED OVER - {"id"="add_empty_policyMap_for_null_entries", "type"="execution", "author"="default_author", "class"="Migration062AddEmptyPolicyMapForNullValues", "method"="execute"}
[2025-04-04 08:19:58,118] [main] requestId= userEmail= traceId= spanId= - method[com.appsmith.server.migrations.db.ce.Migration063CacheBustSpringBoot3_3] with arguments: []
[2025-04-04 08:19:58,123] [main] requestId= userEmail= traceId= spanId= - PASSED OVER - {"id"="reset_session_oauth2_spring_3_3", "type"="execution", "author"="default_author", "class"="Migration063CacheBustSpringBoot3_3", "method"="execute"}
READY
RESULT 550
processname:backend groupname:backend pid:1723 channel:stdout
[2025-04-04 08:19:58,139] [main] requestId= userEmail= traceId= spanId= - method[com.appsmith.server.migrations.db.ce.Migration064AddPluginDocUrlToRestApiPlugin] with arguments: [org.springframework.data.mongodb.core.MongoTemplate]
[2025-04-04 08:19:58,139] [main] requestId= userEmail= traceId= spanId= - PASSED OVER - {"id"="add_plugin_doc_url_to_rest_api_plugin", "type"="execution", "author"="default_author", "class"="Migration064AddPluginDocUrlToRestApiPlugin", "method"="execute"}
READY
RESULT 399
processname:backend groupname:backend pid:1723 channel:stdout
[2025-04-04 08:19:58,389] [main] requestId= userEmail= traceId= spanId= - method[com.appsmith.server.migrations.db.ce.Migration065_CopyTenantIdToOrganizationId] with arguments: [org.springframework.data.redis.core.ReactiveRedisOperations, com.fasterxml.jackson.databind.ObjectMapper, org.springframework.data.mongodb.core.MongoTemplate]
READY
RESULT 313
processname:backend groupname:backend pid:1723 channel:stdout
[2025-04-04 08:19:58,403] [main] requestId= userEmail= traceId= spanId= - PASSED OVER - {"id"="copy-tenant-id-to-organization-id", "type"="execution", "author"="default_author", "class"="Migration065_CopyTenantIdToOrganizationId", "method"="execute"}
READY
RESULT 489
processname:backend groupname:backend pid:1723 channel:stdout
[2025-04-04 08:19:58,406] [main] requestId= userEmail= traceId= spanId= - method[com.appsmith.server.migrations.db.ce.Migration066_CacheBustTenantOrgMigration] with arguments: []
[2025-04-04 08:19:58,408] [main] requestId= userEmail= traceId= spanId= - PASSED OVER - {"id"="cache-bust-tenant-org-migration", "type"="execution", "author"="default_author", "class"="Migration066_CacheBustTenantOrgMigration", "method"="execute"}
READY
RESULT 298
processname:backend groupname:backend pid:1723 channel:stdout
[2025-04-04 08:19:58,425] [main] requestId= userEmail= traceId= spanId= - method[com.appsmith.server.migrations.db.ce.Migration066_RenameInstanceAdminRoleToOrgAdmin] with arguments: [org.springframework.data.mongodb.core.MongoTemplate]
READY
RESULT 734
processname:backend groupname:backend pid:1723 channel:stdout
[2025-04-04 08:19:58,428] [main] requestId= userEmail= traceId= spanId= - PASSED OVER - {"id"="rename-instance-admin-role-to-org-admin-role", "type"="execution", "author"="default_author", "class"="Migration066_RenameInstanceAdminRoleToOrgAdmin", "method"="execute"}
[2025-04-04 08:19:58,429] [main] requestId= userEmail= traceId= spanId= - method[com.appsmith.server.migrations.db.ce.Migration067_UpdateUserEmailIndex] with arguments: []
[2025-04-04 08:19:58,441] [main] requestId= userEmail= traceId= spanId= - PASSED OVER - {"id"="update-user-email-index", "type"="execution", "author"="default_author", "class"="Migration067_UpdateUserEmailIndex", "method"="execute"}
READY
RESULT 302
processname:backend groupname:backend pid:1723 channel:stdout
[2025-04-04 08:19:58,454] [main] requestId= userEmail= traceId= spanId= - method[com.appsmith.server.migrations.db.ce.Migration068_AddOrganizationIdToPasswordResetToken] with arguments: [org.springframework.data.mongodb.core.MongoTemplate]
READY
RESULT 332
processname:backend groupname:backend pid:1723 channel:stdout
[2025-04-04 08:19:58,460] [main] requestId= userEmail= traceId= spanId= - PASSED OVER - {"id"="add-organization-id-to-password-reset-token", "type"="execution", "author"="default_author", "class"="Migration068_AddOrganizationIdToPasswordResetToken", "method"="execute"}
READY
RESULT 305
processname:backend groupname:backend pid:1723 channel:stdout
[2025-04-04 08:19:58,495] [main] requestId= userEmail= traceId= spanId= - method[com.appsmith.server.migrations.db.ce.Migration069MigrateOrganizationConfigToInstanceConfig] with arguments: [org.springframework.data.mongodb.core.MongoTemplate]
READY
RESULT 928
processname:backend groupname:backend pid:1723 channel:stdout
[2025-04-04 08:19:58,495] [main] requestId= userEmail= traceId= spanId= - PASSED OVER - {"id"="migrate-organization-config-to-instance-config", "type"="execution", "author"="default_author", "class"="Migration069MigrateOrganizationConfigToInstanceConfig", "method"="migrateOrganizationConfigToInstanceConfig"}
[2025-04-04 08:19:58,498] [main] requestId= userEmail= traceId= spanId= - method[com.appsmith.server.migrations.db.ce.Migration070_AddOrganizationIdToEmailVerificationToken] with arguments: [org.springframework.data.mongodb.core.MongoTemplate]
[2025-04-04 08:19:58,498] [main] requestId= userEmail= traceId= spanId= - PASSED OVER - {"id"="add-organization-id-to-email-verification-token", "type"="execution", "author"="default_author", "class"="Migration070_AddOrganizationIdToEmailVerificationToken", "method"="addOrganizationIdToEmailVerificationToken"}
READY
RESULT 547
processname:backend groupname:backend pid:1723 channel:stdout
[2025-04-04 08:19:58,536] [main] requestId= userEmail= traceId= spanId= - method[com.appsmith.server.migrations.db.ce.Migration10000_UpdateSuperUser] with arguments: [org.springframework.data.mongodb.core.MongoTemplate, com.appsmith.server.repositories.CacheableRepositoryHelper, com.appsmith.server.solutions.PolicySolution, com.appsmith.server.acl.PolicyGenerator]
[2025-04-04 08:19:58,536] [main] requestId= userEmail= traceId= spanId= - method[executeMigration] with arguments: []
READY
RESULT 295
processname:backend groupname:backend pid:1723 channel:stdout
[2025-04-04 08:19:59,336] [main] requestId= userEmail= traceId= spanId= - RE-APPLIED - {"id"="update-super-users", "type"="execution", "author"="default_author", "class"="Migration10000_UpdateSuperUser", "method"="executeMigration"}
READY
RESULT 291
processname:backend groupname:backend pid:1723 channel:stdout
[2025-04-04 08:19:59,381] [main] requestId= userEmail= traceId= spanId= - method[com.appsmith.server.migrations.db.ce.Migration020TransferToDatasourceStorage] with arguments: [org.springframework.data.mongodb.core.MongoTemplate]
READY
RESULT 530
processname:backend groupname:backend pid:1723 channel:stdout
[2025-04-04 08:19:59,389] [main] requestId= userEmail= traceId= spanId= - PASSED OVER - {"id"="migrate-configurations-to-data-storage-v2", "type"="execution", "author"="default_author", "class"="Migration020TransferToDatasourceStorage", "method"="executeMigration"}
[2025-04-04 08:19:59,390] [main] requestId= userEmail= traceId= spanId= - Mongock releasing the lock
[2025-04-04 08:19:59,390] [main] requestId= userEmail= traceId= spanId= - Mongock releasing the lock
READY
RESULT 257
processname:backend groupname:backend pid:1723 channel:stdout
[2025-04-04 08:19:59,559] [main] requestId= userEmail= traceId= spanId= - Mongock released the lock
[2025-04-04 08:19:59,559] [main] requestId= userEmail= traceId= spanId= - Mongock has finished
READY
RESULT 656
processname:editor groupname:editor pid:1728 channel:stderr
{"level":"debug","ts":1743754801.107761,"logger":"http.handlers.rewrite","msg":"rewrote request","request":{"remote_ip":"::1","remote_port":"49128","client_ip":"::1","proto":"HTTP/1.1","method":"GET","host":"localhost","uri":"/loading.html","headers":{"User-Agent":["curl/7.68.0"],"Accept":["*/*"],"X-Request-Id":["invalid_request_id"]}},"method":"GET","uri":"/loading.html"}
{"level":"debug","ts":1743754801.1078284,"logger":"http.handlers.file_server","msg":"sanitized path join","site_root":"/tmp/appsmith/www","fs":"","request_path":"/loading.html","result":"/tmp/appsmith/www/loading.html"}
READY
RESULT 886
processname:editor groupname:editor pid:1728 channel:stdout
{"level":"info","ts":1743754801.1082706,"logger":"http.log.access.log0","msg":"handled request","request":{"remote_ip":"::1","remote_port":"49128","client_ip":"::1","proto":"HTTP/1.1","method":"GET","host":"localhost","uri":"/","headers":{"User-Agent":["curl/7.68.0"],"Accept":["*/*"]}},"bytes_read":0,"user_id":"","duration":0.000979197,"size":2026,"status":200,"resp_headers":{"X-Appsmith-Request-Id":["686bfbbd-aa55-4349-9dae-c8f8a0ea5fbb"],"X-Content-Type-Options":["nosniff"],"X-Request-Id":["invalid_request_id"],"Vary":["Accept-Encoding"],"Content-Type":["text/html; charset=utf-8"],"Last-Modified":["Fri, 04 Apr 2025 08:17:01 GMT"],"Accept-Ranges":["bytes"],"Etag":["\"d8xpfa8k72z31ka\""],"Content-Length":["2026"],"Content-Security-Policy":["frame-ancestors 'self' *"]},"uuid":"686bfbbd-aa55-4349-9dae-c8f8a0ea5fbb"}
READY
RESULT 204
processname:editor groupname:editor pid:1728 channel:stderr
{"level":"debug","ts":1743754801.1079056,"logger":"http.handlers.file_server","msg":"opening file","filename":"/tmp/appsmith/www/loading.html"}
READY
RESULT 186
processname:backend groupname:backend pid:1723 channel:stdout
[2025-04-04 08:20:06,418] [main] requestId= userEmail= traceId= spanId= - Exposing 1 endpoint beneath base path '/actuator'
READY
RESULT 170
processname:backend groupname:backend pid:1723 channel:stdout
[2025-04-04 08:20:09,163] [main] requestId= userEmail= traceId= spanId= - Netty started on port 8080 (http)
READY
RESULT 211
processname:backend groupname:backend pid:1723 channel:stdout
[2025-04-04 08:20:09,282] [main] requestId= userEmail= traceId= spanId= - Started ServerApplication in 148.149 seconds (process running for 162.018)
READY
RESULT 209
processname:backend groupname:backend pid:1723 channel:stdout
[2025-04-04 08:20:09,293] [main] requestId= userEmail= traceId= spanId= - Cleaning up and updating default organization policies on server startup
READY
RESULT 232
processname:backend groupname:backend pid:1723 channel:stdout
[2025-04-04 08:20:09,593] [main] requestId= userEmail= traceId=ce2392a93c6287c8a1885e9fd2362341 spanId=8e828655b9fe02b1 - Performing RTS health check of this instance...
READY
RESULT 296
processname:backend groupname:backend pid:1723 channel:stdout
[2025-04-04 08:20:09,650] [main] requestId= userEmail= traceId=ce2392a93c6287c8a1885e9fd2362341 spanId=8e828655b9fe02b1 - In memory cache miss for anonymous user permission groups. Fetching from DB and adding it to in memory storage.
READY
RESULT 208
processname:backend groupname:backend pid:1723 channel:stdout
[2025-04-04 08:20:09,689] [nioEventLoopGroup-3-8] requestId= userEmail= traceId= spanId= - Fetched and set conenncted mongo db version as: 5.0.30
READY
RESULT 179
processname:backend groupname:backend pid:1723 channel:stdout
[2025-04-04 08:20:10,285] [reactor-http-epoll-4] requestId= userEmail= traceId= spanId= - RTS health check succeeded
READY
RESULT 230
processname:backend groupname:backend pid:1723 channel:stdout
[2025-04-04 08:20:11,848] [parallel-1] requestId= userEmail=anonymousUser traceId=e203e554fd915716e9a71a0e0d90420a spanId=e276b44de323675d - Checking server health ...
READY
RESULT 170
processname:backend groupname:backend pid:1723 channel:stdout
[2025-04-04 08:20:14,089] [Thread-3] requestId= userEmail= traceId= spanId= - Cancelled mongock lock daemon
READY
RESULT 791
processname:editor groupname:editor pid:1728 channel:stderr
{"level":"debug","ts":1743754816.4699767,"logger":"http.handlers.rewrite","msg":"rewrote request","request":{"remote_ip":"::1","remote_port":"50608","client_ip":"::1","proto":"HTTP/1.1","method":"GET","host":"localhost","uri":"/index.html","headers":{"User-Agent":["curl/7.68.0"],"Accept":["*/*"],"X-Request-Id":["invalid_request_id"]}},"method":"GET","uri":"/index.html"}
{"level":"debug","ts":1743754816.4700742,"logger":"http.handlers.file_server","msg":"sanitized path join","site_root":"/tmp/appsmith/www","fs":"","request_path":"/index.html","result":"/tmp/appsmith/www/index.html"}
{"level":"debug","ts":1743754816.4701214,"logger":"http.handlers.file_server","msg":"opening file","filename":"/tmp/appsmith/www/index.html"}
READY
RESULT 886
processname:editor groupname:editor pid:1728 channel:stdout
{"level":"info","ts":1743754816.4704394,"logger":"http.log.access.log0","msg":"handled request","request":{"remote_ip":"::1","remote_port":"50608","client_ip":"::1","proto":"HTTP/1.1","method":"GET","host":"localhost","uri":"/","headers":{"User-Agent":["curl/7.68.0"],"Accept":["*/*"]}},"bytes_read":0,"user_id":"","duration":0.000869076,"size":5571,"status":200,"resp_headers":{"Last-Modified":["Fri, 04 Apr 2025 08:17:24 GMT"],"Accept-Ranges":["bytes"],"X-Appsmith-Request-Id":["4e3f89a3-f04f-4e1f-956a-7696784a0194"],"X-Content-Type-Options":["nosniff"],"Etag":["\"d8xpfkul02cr4ar\""],"Content-Type":["text/html; charset=utf-8"],"Content-Security-Policy":["frame-ancestors 'self' *"],"X-Request-Id":["invalid_request_id"],"Vary":["Accept-Encoding"],"Content-Length":["5571"]},"uuid":"4e3f89a3-f04f-4e1f-956a-7696784a0194"}
READY
RESULT 182
processname:backend groupname:backend pid:1723 channel:stdout
[2025-04-04 08:20:19,308] [scheduling-1] requestId= userEmail= traceId= spanId= - Acquired lock for: lock:fetchFeatures
READY
RESULT 228
processname:backend groupname:backend pid:1723 channel:stdout
[2025-04-04 08:20:19,309] [scheduling-1] requestId= userEmail= traceId=862370123549dca5f88829f6642c2338 spanId=4be668454edb68f5 - Fetching features for organizations
READY
RESULT 199
processname:redis groupname:redis pid:1718 channel:stdout
1718:M 04 Apr 2025 08:20:19.332 * 1 changes in 15 seconds. Saving...
1718:M 04 Apr 2025 08:20:19.333 * Background saving started by pid 2556
READY
RESULT 236
processname:backend groupname:backend pid:1723 channel:stdout
[2025-04-04 08:20:19,350] [lettuce-epollEventLoop-10-1] requestId= userEmail= traceId= spanId= - Cache entry evicted for key organizationNewFeatures:67ed7af229bfce1821ec8598
READY
RESULT 109
processname:redis groupname:redis pid:1718 channel:stdout
2556:C 04 Apr 2025 08:20:19.370 * DB saved on disk
READY
RESULT 134
processname:redis groupname:redis pid:1718 channel:stdout
2556:C 04 Apr 2025 08:20:19.373 * RDB: 0 MB of memory used by copy-on-write
READY
RESULT 227
processname:backend groupname:backend pid:1723 channel:stdout
[2025-04-04 08:20:19,378] [lettuce-epollEventLoop-10-1] requestId= userEmail= traceId= spanId= - Cache miss for key organizationNewFeatures:67ed7af229bfce1821ec8598
READY
RESULT 134
processname:redis groupname:redis pid:1718 channel:stdout
1718:M 04 Apr 2025 08:20:19.433 * Background saving terminated with success
READY
RESULT 227
processname:backend groupname:backend pid:1723 channel:stdout
[2025-04-04 08:20:21,572] [reactor-http-epoll-2] requestId= userEmail= traceId= spanId= - Cache entry added for key organizationNewFeatures:67ed7af229bfce1821ec8598
READY
RESULT 790
processname:editor groupname:editor pid:1728 channel:stderr
{"level":"debug","ts":1743754832.323235,"logger":"http.handlers.rewrite","msg":"rewrote request","request":{"remote_ip":"::1","remote_port":"58942","client_ip":"::1","proto":"HTTP/1.1","method":"GET","host":"localhost","uri":"/index.html","headers":{"User-Agent":["curl/7.68.0"],"Accept":["*/*"],"X-Request-Id":["invalid_request_id"]}},"method":"GET","uri":"/index.html"}
{"level":"debug","ts":1743754832.3233597,"logger":"http.handlers.file_server","msg":"sanitized path join","site_root":"/tmp/appsmith/www","fs":"","request_path":"/index.html","result":"/tmp/appsmith/www/index.html"}
{"level":"debug","ts":1743754832.3234282,"logger":"http.handlers.file_server","msg":"opening file","filename":"/tmp/appsmith/www/index.html"}
READY
RESULT 885
processname:editor groupname:editor pid:1728 channel:stdout
{"level":"info","ts":1743754832.324044,"logger":"http.log.access.log0","msg":"handled request","request":{"remote_ip":"::1","remote_port":"58942","client_ip":"::1","proto":"HTTP/1.1","method":"GET","host":"localhost","uri":"/","headers":{"User-Agent":["curl/7.68.0"],"Accept":["*/*"]}},"bytes_read":0,"user_id":"","duration":0.001465318,"size":5571,"status":200,"resp_headers":{"X-Request-Id":["invalid_request_id"],"Vary":["Accept-Encoding"],"Etag":["\"d8xpfkul02cr4ar\""],"Content-Type":["text/html; charset=utf-8"],"Last-Modified":["Fri, 04 Apr 2025 08:17:24 GMT"],"X-Content-Type-Options":["nosniff"],"Accept-Ranges":["bytes"],"Content-Length":["5571"],"Content-Security-Policy":["frame-ancestors 'self' *"],"X-Appsmith-Request-Id":["26e3f037-16ee-4257-b081-b8687f6fc53e"]},"uuid":"26e3f037-16ee-4257-b081-b8687f6fc53e"}
READY
RESULT 127
processname:redis groupname:redis pid:1718 channel:stdout
1718:M 04 Apr 2025 08:20:35.050 * 1 changes in 15 seconds. Saving...
READY
RESULT 130
processname:redis groupname:redis pid:1718 channel:stdout
1718:M 04 Apr 2025 08:20:35.051 * Background saving started by pid 2573
READY
RESULT 109
processname:redis groupname:redis pid:1718 channel:stdout
2573:C 04 Apr 2025 08:20:35.084 * DB saved on disk
READY
RESULT 134
processname:redis groupname:redis pid:1718 channel:stdout
2573:C 04 Apr 2025 08:20:35.085 * RDB: 0 MB of memory used by copy-on-write
READY
RESULT 134
processname:redis groupname:redis pid:1718 channel:stdout
1718:M 04 Apr 2025 08:20:35.151 * Background saving terminated with success
READY
RESULT 790
processname:editor groupname:editor pid:1728 channel:stderr
{"level":"debug","ts":1743754847.8440306,"logger":"http.handlers.rewrite","msg":"rewrote request","request":{"remote_ip":"::1","remote_port":"52858","client_ip":"::1","proto":"HTTP/1.1","method":"GET","host":"localhost","uri":"/index.html","headers":{"User-Agent":["curl/7.68.0"],"Accept":["*/*"],"X-Request-Id":["invalid_request_id"]}},"method":"GET","uri":"/index.html"}
{"level":"debug","ts":1743754847.844129,"logger":"http.handlers.file_server","msg":"sanitized path join","site_root":"/tmp/appsmith/www","fs":"","request_path":"/index.html","result":"/tmp/appsmith/www/index.html"}
{"level":"debug","ts":1743754847.8441782,"logger":"http.handlers.file_server","msg":"opening file","filename":"/tmp/appsmith/www/index.html"}
READY
RESULT 885
processname:editor groupname:editor pid:1728 channel:stdout
{"level":"info","ts":1743754847.844547,"logger":"http.log.access.log0","msg":"handled request","request":{"remote_ip":"::1","remote_port":"52858","client_ip":"::1","proto":"HTTP/1.1","method":"GET","host":"localhost","uri":"/","headers":{"User-Agent":["curl/7.68.0"],"Accept":["*/*"]}},"bytes_read":0,"user_id":"","duration":0.001015281,"size":5571,"status":200,"resp_headers":{"Content-Type":["text/html; charset=utf-8"],"Last-Modified":["Fri, 04 Apr 2025 08:17:24 GMT"],"Accept-Ranges":["bytes"],"Content-Length":["5571"],"X-Appsmith-Request-Id":["db3890f7-c995-4017-9ace-af4c89efcd03"],"Etag":["\"d8xpfkul02cr4ar\""],"X-Request-Id":["invalid_request_id"],"Vary":["Accept-Encoding"],"Content-Security-Policy":["frame-ancestors 'self' *"],"X-Content-Type-Options":["nosniff"]},"uuid":"db3890f7-c995-4017-9ace-af4c89efcd03"}
READY
RESULT 791
processname:editor groupname:editor pid:1728 channel:stderr
{"level":"debug","ts":1743754863.4568572,"logger":"http.handlers.rewrite","msg":"rewrote request","request":{"remote_ip":"::1","remote_port":"44520","client_ip":"::1","proto":"HTTP/1.1","method":"GET","host":"localhost","uri":"/index.html","headers":{"Accept":["*/*"],"X-Request-Id":["invalid_request_id"],"User-Agent":["curl/7.68.0"]}},"method":"GET","uri":"/index.html"}
{"level":"debug","ts":1743754863.4569485,"logger":"http.handlers.file_server","msg":"sanitized path join","site_root":"/tmp/appsmith/www","fs":"","request_path":"/index.html","result":"/tmp/appsmith/www/index.html"}
{"level":"debug","ts":1743754863.4569943,"logger":"http.handlers.file_server","msg":"opening file","filename":"/tmp/appsmith/www/index.html"}
READY
RESULT 885
processname:editor groupname:editor pid:1728 channel:stdout
{"level":"info","ts":1743754863.457296,"logger":"http.log.access.log0","msg":"handled request","request":{"remote_ip":"::1","remote_port":"44520","client_ip":"::1","proto":"HTTP/1.1","method":"GET","host":"localhost","uri":"/","headers":{"User-Agent":["curl/7.68.0"],"Accept":["*/*"]}},"bytes_read":0,"user_id":"","duration":0.000949076,"size":5571,"status":200,"resp_headers":{"Last-Modified":["Fri, 04 Apr 2025 08:17:24 GMT"],"Content-Security-Policy":["frame-ancestors 'self' *"],"X-Appsmith-Request-Id":["1131ddf8-cc83-47f1-a989-e5db2224fb09"],"X-Content-Type-Options":["nosniff"],"Vary":["Accept-Encoding"],"Content-Type":["text/html; charset=utf-8"],"Etag":["\"d8xpfkul02cr4ar\""],"Accept-Ranges":["bytes"],"Content-Length":["5571"],"X-Request-Id":["invalid_request_id"]},"uuid":"1131ddf8-cc83-47f1-a989-e5db2224fb09"}
READY
RESULT 791
processname:editor groupname:editor pid:1728 channel:stderr
{"level":"debug","ts":1743755360.6444836,"logger":"http.handlers.rewrite","msg":"rewrote request","request":{"remote_ip":"::1","remote_port":"44972","client_ip":"::1","proto":"HTTP/1.1","method":"GET","host":"localhost","uri":"/index.html","headers":{"User-Agent":["curl/7.68.0"],"Accept":["*/*"],"X-Request-Id":["invalid_request_id"]}},"method":"GET","uri":"/index.html"}
{"level":"debug","ts":1743755360.6445365,"logger":"http.handlers.file_server","msg":"sanitized path join","site_root":"/tmp/appsmith/www","fs":"","request_path":"/index.html","result":"/tmp/appsmith/www/index.html"}
{"level":"debug","ts":1743755360.6445866,"logger":"http.handlers.file_server","msg":"opening file","filename":"/tmp/appsmith/www/index.html"}
READY
RESULT 885
processname:editor groupname:editor pid:1728 channel:stdout
{"level":"info","ts":1743755360.644981,"logger":"http.log.access.log0","msg":"handled request","request":{"remote_ip":"::1","remote_port":"44972","client_ip":"::1","proto":"HTTP/1.1","method":"GET","host":"localhost","uri":"/","headers":{"User-Agent":["curl/7.68.0"],"Accept":["*/*"]}},"bytes_read":0,"user_id":"","duration":0.001146392,"size":5571,"status":200,"resp_headers":{"X-Request-Id":["invalid_request_id"],"Vary":["Accept-Encoding"],"Content-Type":["text/html; charset=utf-8"],"Accept-Ranges":["bytes"],"X-Appsmith-Request-Id":["4efb472f-643b-4bd5-83ff-06231b59fd1a"],"X-Content-Type-Options":["nosniff"],"Etag":["\"d8xpfkul02cr4ar\""],"Last-Modified":["Fri, 04 Apr 2025 08:17:24 GMT"],"Content-Length":["5571"],"Content-Security-Policy":["frame-ancestors 'self' *"]},"uuid":"4efb472f-643b-4bd5-83ff-06231b59fd1a"}
READY
RESULT 790
processname:editor groupname:editor pid:1728 channel:stderr
{"level":"debug","ts":1743755376.086837,"logger":"http.handlers.rewrite","msg":"rewrote request","request":{"remote_ip":"::1","remote_port":"40854","client_ip":"::1","proto":"HTTP/1.1","method":"GET","host":"localhost","uri":"/index.html","headers":{"Accept":["*/*"],"X-Request-Id":["invalid_request_id"],"User-Agent":["curl/7.68.0"]}},"method":"GET","uri":"/index.html"}
{"level":"debug","ts":1743755376.0868912,"logger":"http.handlers.file_server","msg":"sanitized path join","site_root":"/tmp/appsmith/www","fs":"","request_path":"/index.html","result":"/tmp/appsmith/www/index.html"}
{"level":"debug","ts":1743755376.0869174,"logger":"http.handlers.file_server","msg":"opening file","filename":"/tmp/appsmith/www/index.html"}
READY
RESULT 886
processname:editor groupname:editor pid:1728 channel:stdout
{"level":"info","ts":1743755376.0872035,"logger":"http.log.access.log0","msg":"handled request","request":{"remote_ip":"::1","remote_port":"40854","client_ip":"::1","proto":"HTTP/1.1","method":"GET","host":"localhost","uri":"/","headers":{"Accept":["*/*"],"User-Agent":["curl/7.68.0"]}},"bytes_read":0,"user_id":"","duration":0.000722157,"size":5571,"status":200,"resp_headers":{"Content-Length":["5571"],"X-Content-Type-Options":["nosniff"],"Accept-Ranges":["bytes"],"Etag":["\"d8xpfkul02cr4ar\""],"Content-Type":["text/html; charset=utf-8"],"Last-Modified":["Fri, 04 Apr 2025 08:17:24 GMT"],"Content-Security-Policy":["frame-ancestors 'self' *"],"X-Appsmith-Request-Id":["47c2b741-ac7e-4e28-bc7c-a357d1f4eea6"],"X-Request-Id":["invalid_request_id"],"Vary":["Accept-Encoding"]},"uuid":"47c2b741-ac7e-4e28-bc7c-a357d1f4eea6"}
READY
RESULT 790
processname:editor groupname:editor pid:1728 channel:stderr
{"level":"debug","ts":1743755391.736469,"logger":"http.handlers.rewrite","msg":"rewrote request","request":{"remote_ip":"::1","remote_port":"53552","client_ip":"::1","proto":"HTTP/1.1","method":"GET","host":"localhost","uri":"/index.html","headers":{"User-Agent":["curl/7.68.0"],"Accept":["*/*"],"X-Request-Id":["invalid_request_id"]}},"method":"GET","uri":"/index.html"}
{"level":"debug","ts":1743755391.7365885,"logger":"http.handlers.file_server","msg":"sanitized path join","site_root":"/tmp/appsmith/www","fs":"","request_path":"/index.html","result":"/tmp/appsmith/www/index.html"}
{"level":"debug","ts":1743755391.7366533,"logger":"http.handlers.file_server","msg":"opening file","filename":"/tmp/appsmith/www/index.html"}
READY
RESULT 886
processname:editor groupname:editor pid:1728 channel:stdout
{"level":"info","ts":1743755391.7371058,"logger":"http.log.access.log0","msg":"handled request","request":{"remote_ip":"::1","remote_port":"53552","client_ip":"::1","proto":"HTTP/1.1","method":"GET","host":"localhost","uri":"/","headers":{"User-Agent":["curl/7.68.0"],"Accept":["*/*"]}},"bytes_read":0,"user_id":"","duration":0.001260201,"size":5571,"status":200,"resp_headers":{"X-Request-Id":["invalid_request_id"],"Etag":["\"d8xpfkul02cr4ar\""],"Last-Modified":["Fri, 04 Apr 2025 08:17:24 GMT"],"Content-Length":["5571"],"Content-Security-Policy":["frame-ancestors 'self' *"],"X-Appsmith-Request-Id":["32062a2a-02db-4188-bb53-b27135eaf8b4"],"Vary":["Accept-Encoding"],"Content-Type":["text/html; charset=utf-8"],"Accept-Ranges":["bytes"],"X-Content-Type-Options":["nosniff"]},"uuid":"32062a2a-02db-4188-bb53-b27135eaf8b4"}
READY
RESULT 189
processname:backend groupname:backend pid:1723 channel:stdout
[2025-04-04 08:30:05,095] [scheduling-1] requestId= userEmail= traceId= spanId= - Lock already acquired for: lock:pingSchedule
READY
RESULT 186
processname:backend groupname:backend pid:1723 channel:stdout
[2025-04-04 08:30:05,104] [scheduling-1] requestId= userEmail= traceId= spanId= - Lock already acquired for: lock:pingStats
READY
RESULT 791
processname:editor groupname:editor pid:1728 channel:stderr
{"level":"debug","ts":1743755407.8880727,"logger":"http.handlers.rewrite","msg":"rewrote request","request":{"remote_ip":"::1","remote_port":"33870","client_ip":"::1","proto":"HTTP/1.1","method":"GET","host":"localhost","uri":"/index.html","headers":{"X-Request-Id":["invalid_request_id"],"User-Agent":["curl/7.68.0"],"Accept":["*/*"]}},"method":"GET","uri":"/index.html"}
{"level":"debug","ts":1743755407.8881586,"logger":"http.handlers.file_server","msg":"sanitized path join","site_root":"/tmp/appsmith/www","fs":"","request_path":"/index.html","result":"/tmp/appsmith/www/index.html"}
{"level":"debug","ts":1743755407.8882089,"logger":"http.handlers.file_server","msg":"opening file","filename":"/tmp/appsmith/www/index.html"}
READY
RESULT 886
processname:editor groupname:editor pid:1728 channel:stdout
{"level":"info","ts":1743755407.8885512,"logger":"http.log.access.log0","msg":"handled request","request":{"remote_ip":"::1","remote_port":"33870","client_ip":"::1","proto":"HTTP/1.1","method":"GET","host":"localhost","uri":"/","headers":{"User-Agent":["curl/7.68.0"],"Accept":["*/*"]}},"bytes_read":0,"user_id":"","duration":0.000927674,"size":5571,"status":200,"resp_headers":{"Etag":["\"d8xpfkul02cr4ar\""],"Last-Modified":["Fri, 04 Apr 2025 08:17:24 GMT"],"Content-Length":["5571"],"X-Appsmith-Request-Id":["5ab91bb7-2470-4cc0-96fa-6645629addef"],"X-Request-Id":["invalid_request_id"],"Accept-Ranges":["bytes"],"Content-Security-Policy":["frame-ancestors 'self' *"],"X-Content-Type-Options":["nosniff"],"Vary":["Accept-Encoding"],"Content-Type":["text/html; charset=utf-8"]},"uuid":"5ab91bb7-2470-4cc0-96fa-6645629addef"}
READY
RESULT 790
processname:editor groupname:editor pid:1728 channel:stderr
{"level":"debug","ts":1743755424.0427635,"logger":"http.handlers.rewrite","msg":"rewrote request","request":{"remote_ip":"::1","remote_port":"33886","client_ip":"::1","proto":"HTTP/1.1","method":"GET","host":"localhost","uri":"/index.html","headers":{"User-Agent":["curl/7.68.0"],"Accept":["*/*"],"X-Request-Id":["invalid_request_id"]}},"method":"GET","uri":"/index.html"}
{"level":"debug","ts":1743755424.042842,"logger":"http.handlers.file_server","msg":"sanitized path join","site_root":"/tmp/appsmith/www","fs":"","request_path":"/index.html","result":"/tmp/appsmith/www/index.html"}
{"level":"debug","ts":1743755424.0428803,"logger":"http.handlers.file_server","msg":"opening file","filename":"/tmp/appsmith/www/index.html"}
READY
RESULT 886
processname:editor groupname:editor pid:1728 channel:stdout
{"level":"info","ts":1743755424.0431793,"logger":"http.log.access.log0","msg":"handled request","request":{"remote_ip":"::1","remote_port":"33886","client_ip":"::1","proto":"HTTP/1.1","method":"GET","host":"localhost","uri":"/","headers":{"User-Agent":["curl/7.68.0"],"Accept":["*/*"]}},"bytes_read":0,"user_id":"","duration":0.000788263,"size":5571,"status":200,"resp_headers":{"Vary":["Accept-Encoding"],"Etag":["\"d8xpfkul02cr4ar\""],"Content-Type":["text/html; charset=utf-8"],"Accept-Ranges":["bytes"],"Content-Security-Policy":["frame-ancestors 'self' *"],"X-Appsmith-Request-Id":["d9efb65e-69d2-4055-bcc6-f992c1f3448d"],"X-Request-Id":["invalid_request_id"],"X-Content-Type-Options":["nosniff"],"Last-Modified":["Fri, 04 Apr 2025 08:17:24 GMT"],"Content-Length":["5571"]},"uuid":"d9efb65e-69d2-4055-bcc6-f992c1f3448d"}
READY
RESULT 353
processname:backend groupname:backend pid:1723 channel:stdout
[2025-04-04 08:30:26,890] [reactor-http-epoll-2] requestId= userEmail= traceId= spanId= - [9693898b-3, L:/172.18.0.2:59424 ! R:cs.appsmith.com/3.12.214.146:443] The connection observed an error
reactor.netty.http.client.PrematureCloseException: Connection prematurely closed BEFORE response
READY
RESULT 8521
processname:backend groupname:backend pid:1723 channel:stdout
[2025-04-04 08:30:26,909] [reactor-http-epoll-2] requestId= userEmail= traceId= spanId= - Error fetching release notes from cloud services
org.springframework.web.reactive.function.client.WebClientRequestException: Connection prematurely closed BEFORE response
	at org.springframework.web.reactive.function.client.ExchangeFunctions$DefaultExchangeFunction.lambda$wrapException$9(ExchangeFunctions.java:136)
	Suppressed: reactor.core.publisher.FluxOnAssembly$OnAssemblyException: 
Error has been observed at the following site(s):
	*__checkpoint ⇢ Request to GET https://cs.appsmith.com/api/v1/releases [DefaultWebClient]
Original Stack Trace:
		at org.springframework.web.reactive.function.client.ExchangeFunctions$DefaultExchangeFunction.lambda$wrapException$9(ExchangeFunctions.java:136)
		at reactor.core.publisher.MonoErrorSupplied.subscribe(MonoErrorSupplied.java:55)
		at reactor.core.publisher.Mono.subscribe(Mono.java:4576)
		at reactor.core.publisher.FluxOnErrorResume$ResumeSubscriber.onError(FluxOnErrorResume.java:103)
		at com.appsmith.server.configurations.MDCConfig$MdcContextLifter.onError(MDCConfig.java:64)
		at reactor.core.publisher.FluxPeek$PeekSubscriber.onError(FluxPeek.java:222)
		at com.appsmith.server.configurations.MDCConfig$MdcContextLifter.onError(MDCConfig.java:64)
		at reactor.core.publisher.FluxPeek$PeekSubscriber.onError(FluxPeek.java:222)
		at com.appsmith.server.configurations.MDCConfig$MdcContextLifter.onError(MDCConfig.java:64)
		at reactor.core.publisher.FluxPeek$PeekSubscriber.onError(FluxPeek.java:222)
		at com.appsmith.server.configurations.MDCConfig$MdcContextLifter.onError(MDCConfig.java:64)
		at reactor.core.publisher.MonoNext$NextSubscriber.onError(MonoNext.java:93)
		at com.appsmith.server.configurations.MDCConfig$MdcContextLifter.onError(MDCConfig.java:64)
		at reactor.core.publisher.MonoFlatMapMany$FlatMapManyMain.onError(MonoFlatMapMany.java:205)
		at com.appsmith.server.configurations.MDCConfig$MdcContextLifter.onError(MDCConfig.java:64)
		at reactor.core.publisher.SerializedSubscriber.onError(SerializedSubscriber.java:124)
		at reactor.core.publisher.FluxRetryWhen$RetryWhenMainSubscriber.whenError(FluxRetryWhen.java:229)
		at reactor.core.publisher.FluxRetryWhen$RetryWhenOtherSubscriber.onError(FluxRetryWhen.java:279)
		at com.appsmith.server.configurations.MDCConfig$MdcContextLifter.onError(MDCConfig.java:64)
		at com.appsmith.server.configurations.MDCConfig$MdcContextLifter.onError(MDCConfig.java:64)
		at reactor.core.publisher.FluxContextWrite$ContextWriteSubscriber.onError(FluxContextWrite.java:121)
		at com.appsmith.server.configurations.MDCConfig$MdcContextLifter.onError(MDCConfig.java:64)
		at reactor.core.publisher.FluxConcatMapNoPrefetch$FluxConcatMapNoPrefetchSubscriber.maybeOnError(FluxConcatMapNoPrefetch.java:327)
		at reactor.core.publisher.FluxConcatMapNoPrefetch$FluxConcatMapNoPrefetchSubscriber.innerError(FluxConcatMapNoPrefetch.java:298)
		at reactor.core.publisher.FluxConcatMap$ConcatMapInner.onError(FluxConcatMap.java:877)
		at com.appsmith.server.configurations.MDCConfig$MdcContextLifter.onError(MDCConfig.java:64)
		at reactor.core.publisher.Operators.error(Operators.java:198)
		at reactor.core.publisher.MonoError.subscribe(MonoError.java:53)
		at reactor.core.publisher.Mono.subscribe(Mono.java:4576)
		at reactor.core.publisher.FluxConcatMapNoPrefetch$FluxConcatMapNoPrefetchSubscriber.onNext(FluxConcatMapNoPrefetch.java:207)
		at com.appsmith.server.configurations.MDCConfig$MdcContextLifter.onNext(MDCConfig.java:59)
		at reactor.core.publisher.FluxContextWrite$ContextWriteSubscriber.onNext(FluxContextWrite.java:107)
		at reactor.core.publisher.SinkManyEmitterProcessor.drain(SinkManyEmitterProcessor.java:476)
		at reactor.core.publisher.SinkManyEmitterProcessor$EmitterInner.drainParent(SinkManyEmitterProcessor.java:620)
		at reactor.core.publisher.FluxPublish$PubSubInner.request(FluxPublish.java:874)
		at reactor.core.publisher.FluxContextWrite$ContextWriteSubscriber.request(FluxContextWrite.java:136)
		at reactor.core.publisher.FluxConcatMapNoPrefetch$FluxConcatMapNoPrefetchSubscriber.request(FluxConcatMapNoPrefetch.java:337)
		at reactor.core.publisher.FluxContextWrite$ContextWriteSubscriber.request(FluxContextWrite.java:136)
		at reactor.core.publisher.Operators$DeferredSubscription.request(Operators.java:1743)
		at reactor.core.publisher.FluxRetryWhen$RetryWhenMainSubscriber.onError(FluxRetryWhen.java:196)
		at com.appsmith.server.configurations.MDCConfig$MdcContextLifter.onError(MDCConfig.java:64)
		at reactor.core.publisher.MonoCreate$DefaultMonoSink.error(MonoCreate.java:205)
		at reactor.netty.http.client.HttpClientConnect$HttpObserver.onUncaughtException(HttpClientConnect.java:403)
		at reactor.netty.ReactorNetty$CompositeConnectionObserver.onUncaughtException(ReactorNetty.java:708)
		at reactor.netty.resources.DefaultPooledConnectionProvider$DisposableAcquire.onUncaughtException(DefaultPooledConnectionProvider.java:223)
		at reactor.netty.resources.DefaultPooledConnectionProvider$PooledConnection.onUncaughtException(DefaultPooledConnectionProvider.java:476)
		at reactor.netty.http.client.HttpClientOperations.onInboundClose(HttpClientOperations.java:325)
		at reactor.netty.channel.ChannelOperationsHandler.channelInactive(ChannelOperationsHandler.java:73)
		at io.netty.channel.AbstractChannelHandlerContext.invokeChannelInactive(AbstractChannelHandlerContext.java:303)
		at io.netty.channel.AbstractChannelHandlerContext.invokeChannelInactive(AbstractChannelHandlerContext.java:281)
		at io.netty.channel.AbstractChannelHandlerContext.fireChannelInactive(AbstractChannelHandlerContext.java:274)
		at io.netty.channel.CombinedChannelDuplexHandler$DelegatingChannelHandlerContext.fireChannelInactive(CombinedChannelDuplexHandler.java:418)
		at io.netty.handler.codec.ByteToMessageDecoder.channelInputClosed(ByteToMessageDecoder.java:412)
		at io.netty.handler.codec.ByteToMessageDecoder.channelInactive(ByteToMessageDecoder.java:377)
		at io.netty.handler.codec.http.HttpClientCodec$Decoder.channelInactive(HttpClientCodec.java:410)
		at io.netty.channel.CombinedChannelDuplexHandler.channelInactive(CombinedChannelDuplexHandler.java:221)
		at io.netty.channel.AbstractChannelHandlerContext.invokeChannelInactive(AbstractChannelHandlerContext.java:303)
		at io.netty.channel.AbstractChannelHandlerContext.invokeChannelInactive(AbstractChannelHandlerContext.java:281)
		at io.netty.channel.AbstractChannelHandlerContext.fireChannelInactive(AbstractChannelHandlerContext.java:274)
		at io.netty.handler.codec.ByteToMessageDecoder.channelInputClosed(ByteToMessageDecoder.java:412)
		at io.netty.handler.codec.ByteToMessageDecoder.channelInactive(ByteToMessageDecoder.java:377)
		at io.netty.handler.ssl.SslHandler.channelInactive(SslHandler.java:1172)
		at io.netty.channel.AbstractChannelHandlerContext.invokeChannelInactive(AbstractChannelHandlerContext.java:303)
		at io.netty.channel.AbstractChannelHandlerContext.invokeChannelInactive(AbstractChannelHandlerContext.java:281)
		at io.netty.channel.AbstractChannelHandlerContext.fireChannelInactive(AbstractChannelHandlerContext.java:274)
		at io.netty.channel.DefaultChannelPipeline$HeadContext.channelInactive(DefaultChannelPipeline.java:1402)
		at io.netty.channel.AbstractChannelHandlerContext.invokeChannelInactive(AbstractChannelHandlerContext.java:301)
		at io.netty.channel.AbstractChannelHandlerContext.invokeChannelInactive(AbstractChannelHandlerContext.java:281)
		at io.netty.channel.DefaultChannelPipeline.fireChannelInactive(DefaultChannelPipeline.java:900)
		at io.netty.channel.AbstractChannel$AbstractUnsafe$7.run(AbstractChannel.java:811)
		at io.netty.util.concurrent.AbstractEventExecutor.runTask(AbstractEventExecutor.java:173)
		at io.netty.util.concurrent.AbstractEventExecutor.safeExecute(AbstractEventExecutor.java:166)
		at io.netty.util.concurrent.SingleThreadEventExecutor.runAllTasks(SingleThreadEventExecutor.java:469)
		at io.netty.channel.epoll.EpollEventLoop.run(EpollEventLoop.java:405)
		at io.netty.util.concurrent.SingleThreadEventExecutor$4.run(SingleThreadEventExecutor.java:994)
		at io.netty.util.internal.ThreadExecutorMap$2.run(ThreadExecutorMap.java:74)
		at io.netty.util.concurrent.FastThreadLocalRunnable.run(FastThreadLocalRunnable.java:30)
		at java.base/java.lang.Thread.run(Thread.java:840)
Caused by: reactor.netty.http.client.PrematureCloseException: Connection prematurely closed BEFORE response
READY
RESULT 8697
processname:backend groupname:backend pid:1723 channel:stdout
[2025-04-04 08:30:26,928] [reactor-http-epoll-2] requestId= userEmail= traceId= spanId= - Operator called default onErrorDropped
reactor.core.Exceptions$ErrorCallbackNotImplemented: org.springframework.web.reactive.function.client.WebClientRequestException: Connection prematurely closed BEFORE response
Caused by: org.springframework.web.reactive.function.client.WebClientRequestException: Connection prematurely closed BEFORE response
	at org.springframework.web.reactive.function.client.ExchangeFunctions$DefaultExchangeFunction.lambda$wrapException$9(ExchangeFunctions.java:136)
	Suppressed: reactor.core.publisher.FluxOnAssembly$OnAssemblyException: 
Error has been observed at the following site(s):
	*__checkpoint ⇢ Request to GET https://cs.appsmith.com/api/v1/releases [DefaultWebClient]
Original Stack Trace:
		at org.springframework.web.reactive.function.client.ExchangeFunctions$DefaultExchangeFunction.lambda$wrapException$9(ExchangeFunctions.java:136)
		at reactor.core.publisher.MonoErrorSupplied.subscribe(MonoErrorSupplied.java:55)
		at reactor.core.publisher.Mono.subscribe(Mono.java:4576)
		at reactor.core.publisher.FluxOnErrorResume$ResumeSubscriber.onError(FluxOnErrorResume.java:103)
		at com.appsmith.server.configurations.MDCConfig$MdcContextLifter.onError(MDCConfig.java:64)
		at reactor.core.publisher.FluxPeek$PeekSubscriber.onError(FluxPeek.java:222)
		at com.appsmith.server.configurations.MDCConfig$MdcContextLifter.onError(MDCConfig.java:64)
		at reactor.core.publisher.FluxPeek$PeekSubscriber.onError(FluxPeek.java:222)
		at com.appsmith.server.configurations.MDCConfig$MdcContextLifter.onError(MDCConfig.java:64)
		at reactor.core.publisher.FluxPeek$PeekSubscriber.onError(FluxPeek.java:222)
		at com.appsmith.server.configurations.MDCConfig$MdcContextLifter.onError(MDCConfig.java:64)
		at reactor.core.publisher.MonoNext$NextSubscriber.onError(MonoNext.java:93)
		at com.appsmith.server.configurations.MDCConfig$MdcContextLifter.onError(MDCConfig.java:64)
		at reactor.core.publisher.MonoFlatMapMany$FlatMapManyMain.onError(MonoFlatMapMany.java:205)
		at com.appsmith.server.configurations.MDCConfig$MdcContextLifter.onError(MDCConfig.java:64)
		at reactor.core.publisher.SerializedSubscriber.onError(SerializedSubscriber.java:124)
		at reactor.core.publisher.FluxRetryWhen$RetryWhenMainSubscriber.whenError(FluxRetryWhen.java:229)
		at reactor.core.publisher.FluxRetryWhen$RetryWhenOtherSubscriber.onError(FluxRetryWhen.java:279)
		at com.appsmith.server.configurations.MDCConfig$MdcContextLifter.onError(MDCConfig.java:64)
		at com.appsmith.server.configurations.MDCConfig$MdcContextLifter.onError(MDCConfig.java:64)
		at reactor.core.publisher.FluxContextWrite$ContextWriteSubscriber.onError(FluxContextWrite.java:121)
		at com.appsmith.server.configurations.MDCConfig$MdcContextLifter.onError(MDCConfig.java:64)
		at reactor.core.publisher.FluxConcatMapNoPrefetch$FluxConcatMapNoPrefetchSubscriber.maybeOnError(FluxConcatMapNoPrefetch.java:327)
		at reactor.core.publisher.FluxConcatMapNoPrefetch$FluxConcatMapNoPrefetchSubscriber.innerError(FluxConcatMapNoPrefetch.java:298)
		at reactor.core.publisher.FluxConcatMap$ConcatMapInner.onError(FluxConcatMap.java:877)
		at com.appsmith.server.configurations.MDCConfig$MdcContextLifter.onError(MDCConfig.java:64)
		at reactor.core.publisher.Operators.error(Operators.java:198)
		at reactor.core.publisher.MonoError.subscribe(MonoError.java:53)
		at reactor.core.publisher.Mono.subscribe(Mono.java:4576)
		at reactor.core.publisher.FluxConcatMapNoPrefetch$FluxConcatMapNoPrefetchSubscriber.onNext(FluxConcatMapNoPrefetch.java:207)
		at com.appsmith.server.configurations.MDCConfig$MdcContextLifter.onNext(MDCConfig.java:59)
		at reactor.core.publisher.FluxContextWrite$ContextWriteSubscriber.onNext(FluxContextWrite.java:107)
		at reactor.core.publisher.SinkManyEmitterProcessor.drain(SinkManyEmitterProcessor.java:476)
		at reactor.core.publisher.SinkManyEmitterProcessor$EmitterInner.drainParent(SinkManyEmitterProcessor.java:620)
		at reactor.core.publisher.FluxPublish$PubSubInner.request(FluxPublish.java:874)
		at reactor.core.publisher.FluxContextWrite$ContextWriteSubscriber.request(FluxContextWrite.java:136)
		at reactor.core.publisher.FluxConcatMapNoPrefetch$FluxConcatMapNoPrefetchSubscriber.request(FluxConcatMapNoPrefetch.java:337)
		at reactor.core.publisher.FluxContextWrite$ContextWriteSubscriber.request(FluxContextWrite.java:136)
		at reactor.core.publisher.Operators$DeferredSubscription.request(Operators.java:1743)
		at reactor.core.publisher.FluxRetryWhen$RetryWhenMainSubscriber.onError(FluxRetryWhen.java:196)
		at com.appsmith.server.configurations.MDCConfig$MdcContextLifter.onError(MDCConfig.java:64)
		at reactor.core.publisher.MonoCreate$DefaultMonoSink.error(MonoCreate.java:205)
		at reactor.netty.http.client.HttpClientConnect$HttpObserver.onUncaughtException(HttpClientConnect.java:403)
		at reactor.netty.ReactorNetty$CompositeConnectionObserver.onUncaughtException(ReactorNetty.java:708)
		at reactor.netty.resources.DefaultPooledConnectionProvider$DisposableAcquire.onUncaughtException(DefaultPooledConnectionProvider.java:223)
		at reactor.netty.resources.DefaultPooledConnectionProvider$PooledConnection.onUncaughtException(DefaultPooledConnectionProvider.java:476)
		at reactor.netty.http.client.HttpClientOperations.onInboundClose(HttpClientOperations.java:325)
		at reactor.netty.channel.ChannelOperationsHandler.channelInactive(ChannelOperationsHandler.java:73)
		at io.netty.channel.AbstractChannelHandlerContext.invokeChannelInactive(AbstractChannelHandlerContext.java:303)
		at io.netty.channel.AbstractChannelHandlerContext.invokeChannelInactive(AbstractChannelHandlerContext.java:281)
		at io.netty.channel.AbstractChannelHandlerContext.fireChannelInactive(AbstractChannelHandlerContext.java:274)
		at io.netty.channel.CombinedChannelDuplexHandler$DelegatingChannelHandlerContext.fireChannelInactive(CombinedChannelDuplexHandler.java:418)
		at io.netty.handler.codec.ByteToMessageDecoder.channelInputClosed(ByteToMessageDecoder.java:412)
		at io.netty.handler.codec.ByteToMessageDecoder.channelInactive(ByteToMessageDecoder.java:377)
		at io.netty.handler.codec.http.HttpClientCodec$Decoder.channelInactive(HttpClientCodec.java:410)
		at io.netty.channel.CombinedChannelDuplexHandler.channelInactive(CombinedChannelDuplexHandler.java:221)
		at io.netty.channel.AbstractChannelHandlerContext.invokeChannelInactive(AbstractChannelHandlerContext.java:303)
		at io.netty.channel.AbstractChannelHandlerContext.invokeChannelInactive(AbstractChannelHandlerContext.java:281)
		at io.netty.channel.AbstractChannelHandlerContext.fireChannelInactive(AbstractChannelHandlerContext.java:274)
		at io.netty.handler.codec.ByteToMessageDecoder.channelInputClosed(ByteToMessageDecoder.java:412)
		at io.netty.handler.codec.ByteToMessageDecoder.channelInactive(ByteToMessageDecoder.java:377)
		at io.netty.handler.ssl.SslHandler.channelInactive(SslHandler.java:1172)
		at io.netty.channel.AbstractChannelHandlerContext.invokeChannelInactive(AbstractChannelHandlerContext.java:303)
		at io.netty.channel.AbstractChannelHandlerContext.invokeChannelInactive(AbstractChannelHandlerContext.java:281)
		at io.netty.channel.AbstractChannelHandlerContext.fireChannelInactive(AbstractChannelHandlerContext.java:274)
		at io.netty.channel.DefaultChannelPipeline$HeadContext.channelInactive(DefaultChannelPipeline.java:1402)
		at io.netty.channel.AbstractChannelHandlerContext.invokeChannelInactive(AbstractChannelHandlerContext.java:301)
		at io.netty.channel.AbstractChannelHandlerContext.invokeChannelInactive(AbstractChannelHandlerContext.java:281)
		at io.netty.channel.DefaultChannelPipeline.fireChannelInactive(DefaultChannelPipeline.java:900)
		at io.netty.channel.AbstractChannel$AbstractUnsafe$7.run(AbstractChannel.java:811)
		at io.netty.util.concurrent.AbstractEventExecutor.runTask(AbstractEventExecutor.java:173)
		at io.netty.util.concurrent.AbstractEventExecutor.safeExecute(AbstractEventExecutor.java:166)
		at io.netty.util.concurrent.SingleThreadEventExecutor.runAllTasks(SingleThreadEventExecutor.java:469)
		at io.netty.channel.epoll.EpollEventLoop.run(EpollEventLoop.java:405)
		at io.netty.util.concurrent.SingleThreadEventExecutor$4.run(SingleThreadEventExecutor.java:994)
		at io.netty.util.internal.ThreadExecutorMap$2.run(ThreadExecutorMap.java:74)
		at io.netty.util.concurrent.FastThreadLocalRunnable.run(FastThreadLocalRunnable.java:30)
		at java.base/java.lang.Thread.run(Thread.java:840)
Caused by: reactor.netty.http.client.PrematureCloseException: Connection prematurely closed BEFORE response
READY
RESULT 791
processname:editor groupname:editor pid:1728 channel:stderr
{"level":"debug","ts":1743755440.7702622,"logger":"http.handlers.rewrite","msg":"rewrote request","request":{"remote_ip":"::1","remote_port":"38754","client_ip":"::1","proto":"HTTP/1.1","method":"GET","host":"localhost","uri":"/index.html","headers":{"User-Agent":["curl/7.68.0"],"Accept":["*/*"],"X-Request-Id":["invalid_request_id"]}},"method":"GET","uri":"/index.html"}
{"level":"debug","ts":1743755440.7703164,"logger":"http.handlers.file_server","msg":"sanitized path join","site_root":"/tmp/appsmith/www","fs":"","request_path":"/index.html","result":"/tmp/appsmith/www/index.html"}
{"level":"debug","ts":1743755440.7703578,"logger":"http.handlers.file_server","msg":"opening file","filename":"/tmp/appsmith/www/index.html"}
READY
RESULT 886
processname:editor groupname:editor pid:1728 channel:stdout
{"level":"info","ts":1743755440.7707036,"logger":"http.log.access.log0","msg":"handled request","request":{"remote_ip":"::1","remote_port":"38754","client_ip":"::1","proto":"HTTP/1.1","method":"GET","host":"localhost","uri":"/","headers":{"User-Agent":["curl/7.68.0"],"Accept":["*/*"]}},"bytes_read":0,"user_id":"","duration":0.000879769,"size":5571,"status":200,"resp_headers":{"X-Content-Type-Options":["nosniff"],"X-Request-Id":["invalid_request_id"],"Etag":["\"d8xpfkul02cr4ar\""],"Content-Type":["text/html; charset=utf-8"],"Last-Modified":["Fri, 04 Apr 2025 08:17:24 GMT"],"X-Appsmith-Request-Id":["af3eedee-cdfe-469d-8d26-acc9597c9886"],"Vary":["Accept-Encoding"],"Accept-Ranges":["bytes"],"Content-Length":["5571"],"Content-Security-Policy":["frame-ancestors 'self' *"]},"uuid":"af3eedee-cdfe-469d-8d26-acc9597c9886"}
READY
RESULT 790
processname:editor groupname:editor pid:1728 channel:stderr
{"level":"debug","ts":1743755457.4703426,"logger":"http.handlers.rewrite","msg":"rewrote request","request":{"remote_ip":"::1","remote_port":"60810","client_ip":"::1","proto":"HTTP/1.1","method":"GET","host":"localhost","uri":"/index.html","headers":{"User-Agent":["curl/7.68.0"],"Accept":["*/*"],"X-Request-Id":["invalid_request_id"]}},"method":"GET","uri":"/index.html"}
{"level":"debug","ts":1743755457.4704325,"logger":"http.handlers.file_server","msg":"sanitized path join","site_root":"/tmp/appsmith/www","fs":"","request_path":"/index.html","result":"/tmp/appsmith/www/index.html"}
{"level":"debug","ts":1743755457.470475,"logger":"http.handlers.file_server","msg":"opening file","filename":"/tmp/appsmith/www/index.html"}
READY
RESULT 886
processname:editor groupname:editor pid:1728 channel:stdout
{"level":"info","ts":1743755457.4707801,"logger":"http.log.access.log0","msg":"handled request","request":{"remote_ip":"::1","remote_port":"60810","client_ip":"::1","proto":"HTTP/1.1","method":"GET","host":"localhost","uri":"/","headers":{"User-Agent":["curl/7.68.0"],"Accept":["*/*"]}},"bytes_read":0,"user_id":"","duration":0.206849072,"size":5571,"status":200,"resp_headers":{"X-Content-Type-Options":["nosniff"],"Vary":["Accept-Encoding"],"Last-Modified":["Fri, 04 Apr 2025 08:17:24 GMT"],"Accept-Ranges":["bytes"],"X-Appsmith-Request-Id":["05fc09d5-025c-492a-8c8d-af89c521e8ef"],"X-Request-Id":["invalid_request_id"],"Etag":["\"d8xpfkul02cr4ar\""],"Content-Type":["text/html; charset=utf-8"],"Content-Length":["5571"],"Content-Security-Policy":["frame-ancestors 'self' *"]},"uuid":"05fc09d5-025c-492a-8c8d-af89c521e8ef"}
READY
RESULT 789
processname:editor groupname:editor pid:1728 channel:stderr
{"level":"debug","ts":1743755478.4204156,"logger":"http.handlers.rewrite","msg":"rewrote request","request":{"remote_ip":"::1","remote_port":"35132","client_ip":"::1","proto":"HTTP/1.1","method":"GET","host":"localhost","uri":"/index.html","headers":{"User-Agent":["curl/7.68.0"],"Accept":["*/*"],"X-Request-Id":["invalid_request_id"]}},"method":"GET","uri":"/index.html"}
{"level":"debug","ts":1743755478.420486,"logger":"http.handlers.file_server","msg":"sanitized path join","site_root":"/tmp/appsmith/www","fs":"","request_path":"/index.html","result":"/tmp/appsmith/www/index.html"}
{"level":"debug","ts":1743755478.420524,"logger":"http.handlers.file_server","msg":"opening file","filename":"/tmp/appsmith/www/index.html"}
READY
RESULT 884
processname:editor groupname:editor pid:1728 channel:stdout
{"level":"info","ts":1743755478.42077,"logger":"http.log.access.log0","msg":"handled request","request":{"remote_ip":"::1","remote_port":"35132","client_ip":"::1","proto":"HTTP/1.1","method":"GET","host":"localhost","uri":"/","headers":{"User-Agent":["curl/7.68.0"],"Accept":["*/*"]}},"bytes_read":0,"user_id":"","duration":0.000690733,"size":5571,"status":200,"resp_headers":{"X-Content-Type-Options":["nosniff"],"X-Request-Id":["invalid_request_id"],"Vary":["Accept-Encoding"],"Etag":["\"d8xpfkul02cr4ar\""],"Last-Modified":["Fri, 04 Apr 2025 08:17:24 GMT"],"Accept-Ranges":["bytes"],"Content-Length":["5571"],"Content-Security-Policy":["frame-ancestors 'self' *"],"Content-Type":["text/html; charset=utf-8"],"X-Appsmith-Request-Id":["6b5d27e7-874b-45b5-bf00-a8ede3855fd3"]},"uuid":"6b5d27e7-874b-45b5-bf00-a8ede3855fd3"}
READY
RESULT 791
processname:editor groupname:editor pid:1728 channel:stderr
{"level":"debug","ts":1743755494.4494781,"logger":"http.handlers.rewrite","msg":"rewrote request","request":{"remote_ip":"::1","remote_port":"59542","client_ip":"::1","proto":"HTTP/1.1","method":"GET","host":"localhost","uri":"/index.html","headers":{"User-Agent":["curl/7.68.0"],"Accept":["*/*"],"X-Request-Id":["invalid_request_id"]}},"method":"GET","uri":"/index.html"}
{"level":"debug","ts":1743755494.4495268,"logger":"http.handlers.file_server","msg":"sanitized path join","site_root":"/tmp/appsmith/www","fs":"","request_path":"/index.html","result":"/tmp/appsmith/www/index.html"}
{"level":"debug","ts":1743755494.4495695,"logger":"http.handlers.file_server","msg":"opening file","filename":"/tmp/appsmith/www/index.html"}
READY
RESULT 884
processname:editor groupname:editor pid:1728 channel:stdout
{"level":"info","ts":1743755494.449933,"logger":"http.log.access.log0","msg":"handled request","request":{"remote_ip":"::1","remote_port":"59542","client_ip":"::1","proto":"HTTP/1.1","method":"GET","host":"localhost","uri":"/","headers":{"Accept":["*/*"],"User-Agent":["curl/7.68.0"]}},"bytes_read":0,"user_id":"","duration":0.00113327,"size":5571,"status":200,"resp_headers":{"X-Appsmith-Request-Id":["97391ced-e682-45e2-8280-4c326909b9d1"],"X-Request-Id":["invalid_request_id"],"Vary":["Accept-Encoding"],"Content-Type":["text/html; charset=utf-8"],"Last-Modified":["Fri, 04 Apr 2025 08:17:24 GMT"],"Etag":["\"d8xpfkul02cr4ar\""],"Accept-Ranges":["bytes"],"Content-Length":["5571"],"Content-Security-Policy":["frame-ancestors 'self' *"],"X-Content-Type-Options":["nosniff"]},"uuid":"97391ced-e682-45e2-8280-4c326909b9d1"}
READY
RESULT 790
processname:editor groupname:editor pid:1728 channel:stderr
{"level":"debug","ts":1743755510.116594,"logger":"http.handlers.rewrite","msg":"rewrote request","request":{"remote_ip":"::1","remote_port":"47006","client_ip":"::1","proto":"HTTP/1.1","method":"GET","host":"localhost","uri":"/index.html","headers":{"User-Agent":["curl/7.68.0"],"Accept":["*/*"],"X-Request-Id":["invalid_request_id"]}},"method":"GET","uri":"/index.html"}
{"level":"debug","ts":1743755510.1166735,"logger":"http.handlers.file_server","msg":"sanitized path join","site_root":"/tmp/appsmith/www","fs":"","request_path":"/index.html","result":"/tmp/appsmith/www/index.html"}
{"level":"debug","ts":1743755510.1167157,"logger":"http.handlers.file_server","msg":"opening file","filename":"/tmp/appsmith/www/index.html"}
READY
RESULT 886
processname:editor groupname:editor pid:1728 channel:stdout
{"level":"info","ts":1743755510.1169984,"logger":"http.log.access.log0","msg":"handled request","request":{"remote_ip":"::1","remote_port":"47006","client_ip":"::1","proto":"HTTP/1.1","method":"GET","host":"localhost","uri":"/","headers":{"User-Agent":["curl/7.68.0"],"Accept":["*/*"]}},"bytes_read":0,"user_id":"","duration":0.000741077,"size":5571,"status":200,"resp_headers":{"Etag":["\"d8xpfkul02cr4ar\""],"Last-Modified":["Fri, 04 Apr 2025 08:17:24 GMT"],"Content-Length":["5571"],"Content-Security-Policy":["frame-ancestors 'self' *"],"X-Appsmith-Request-Id":["9ed63309-7bb6-4b4f-a6bd-cf03d33cece0"],"X-Request-Id":["invalid_request_id"],"Vary":["Accept-Encoding"],"Content-Type":["text/html; charset=utf-8"],"Accept-Ranges":["bytes"],"X-Content-Type-Options":["nosniff"]},"uuid":"9ed63309-7bb6-4b4f-a6bd-cf03d33cece0"}
READY
RESULT 791
processname:editor groupname:editor pid:1728 channel:stderr
{"level":"debug","ts":1743755526.1740506,"logger":"http.handlers.rewrite","msg":"rewrote request","request":{"remote_ip":"::1","remote_port":"34668","client_ip":"::1","proto":"HTTP/1.1","method":"GET","host":"localhost","uri":"/index.html","headers":{"User-Agent":["curl/7.68.0"],"Accept":["*/*"],"X-Request-Id":["invalid_request_id"]}},"method":"GET","uri":"/index.html"}
{"level":"debug","ts":1743755526.1741621,"logger":"http.handlers.file_server","msg":"sanitized path join","site_root":"/tmp/appsmith/www","fs":"","request_path":"/index.html","result":"/tmp/appsmith/www/index.html"}
{"level":"debug","ts":1743755526.1742117,"logger":"http.handlers.file_server","msg":"opening file","filename":"/tmp/appsmith/www/index.html"}
READY
RESULT 886
processname:editor groupname:editor pid:1728 channel:stdout
{"level":"info","ts":1743755526.1745758,"logger":"http.log.access.log0","msg":"handled request","request":{"remote_ip":"::1","remote_port":"34668","client_ip":"::1","proto":"HTTP/1.1","method":"GET","host":"localhost","uri":"/","headers":{"User-Agent":["curl/7.68.0"],"Accept":["*/*"]}},"bytes_read":0,"user_id":"","duration":0.000899419,"size":5571,"status":200,"resp_headers":{"Accept-Ranges":["bytes"],"Content-Length":["5571"],"X-Appsmith-Request-Id":["38120abe-1107-4dd8-ac2b-85f24c0a35e3"],"X-Content-Type-Options":["nosniff"],"Content-Security-Policy":["frame-ancestors 'self' *"],"X-Request-Id":["invalid_request_id"],"Vary":["Accept-Encoding"],"Etag":["\"d8xpfkul02cr4ar\""],"Content-Type":["text/html; charset=utf-8"],"Last-Modified":["Fri, 04 Apr 2025 08:17:24 GMT"]},"uuid":"38120abe-1107-4dd8-ac2b-85f24c0a35e3"}
READY
RESULT 790
processname:editor groupname:editor pid:1728 channel:stderr
{"level":"debug","ts":1743755542.2270093,"logger":"http.handlers.rewrite","msg":"rewrote request","request":{"remote_ip":"::1","remote_port":"42844","client_ip":"::1","proto":"HTTP/1.1","method":"GET","host":"localhost","uri":"/index.html","headers":{"User-Agent":["curl/7.68.0"],"Accept":["*/*"],"X-Request-Id":["invalid_request_id"]}},"method":"GET","uri":"/index.html"}
{"level":"debug","ts":1743755542.2271044,"logger":"http.handlers.file_server","msg":"sanitized path join","site_root":"/tmp/appsmith/www","fs":"","request_path":"/index.html","result":"/tmp/appsmith/www/index.html"}
{"level":"debug","ts":1743755542.227156,"logger":"http.handlers.file_server","msg":"opening file","filename":"/tmp/appsmith/www/index.html"}
READY
RESULT 886
processname:editor groupname:editor pid:1728 channel:stdout
{"level":"info","ts":1743755542.2274544,"logger":"http.log.access.log0","msg":"handled request","request":{"remote_ip":"::1","remote_port":"42844","client_ip":"::1","proto":"HTTP/1.1","method":"GET","host":"localhost","uri":"/","headers":{"User-Agent":["curl/7.68.0"],"Accept":["*/*"]}},"bytes_read":0,"user_id":"","duration":0.000989584,"size":5571,"status":200,"resp_headers":{"X-Content-Type-Options":["nosniff"],"Vary":["Accept-Encoding"],"Etag":["\"d8xpfkul02cr4ar\""],"Content-Type":["text/html; charset=utf-8"],"Accept-Ranges":["bytes"],"Content-Length":["5571"],"Content-Security-Policy":["frame-ancestors 'self' *"],"X-Appsmith-Request-Id":["02358c4a-ef9c-4799-878b-c08c992a730c"],"X-Request-Id":["invalid_request_id"],"Last-Modified":["Fri, 04 Apr 2025 08:17:24 GMT"]},"uuid":"02358c4a-ef9c-4799-878b-c08c992a730c"}
READY
RESULT 790
processname:editor groupname:editor pid:1728 channel:stderr
{"level":"debug","ts":1743755558.1231165,"logger":"http.handlers.rewrite","msg":"rewrote request","request":{"remote_ip":"::1","remote_port":"36656","client_ip":"::1","proto":"HTTP/1.1","method":"GET","host":"localhost","uri":"/index.html","headers":{"User-Agent":["curl/7.68.0"],"Accept":["*/*"],"X-Request-Id":["invalid_request_id"]}},"method":"GET","uri":"/index.html"}
{"level":"debug","ts":1743755558.1231909,"logger":"http.handlers.file_server","msg":"sanitized path join","site_root":"/tmp/appsmith/www","fs":"","request_path":"/index.html","result":"/tmp/appsmith/www/index.html"}
{"level":"debug","ts":1743755558.123232,"logger":"http.handlers.file_server","msg":"opening file","filename":"/tmp/appsmith/www/index.html"}
READY
RESULT 886
processname:editor groupname:editor pid:1728 channel:stdout
{"level":"info","ts":1743755558.1235204,"logger":"http.log.access.log0","msg":"handled request","request":{"remote_ip":"::1","remote_port":"36656","client_ip":"::1","proto":"HTTP/1.1","method":"GET","host":"localhost","uri":"/","headers":{"User-Agent":["curl/7.68.0"],"Accept":["*/*"]}},"bytes_read":0,"user_id":"","duration":0.000824653,"size":5571,"status":200,"resp_headers":{"X-Request-Id":["invalid_request_id"],"Last-Modified":["Fri, 04 Apr 2025 08:17:24 GMT"],"X-Appsmith-Request-Id":["333ecd74-d46b-41c9-9874-3b5a377faefc"],"Content-Security-Policy":["frame-ancestors 'self' *"],"X-Content-Type-Options":["nosniff"],"Vary":["Accept-Encoding"],"Etag":["\"d8xpfkul02cr4ar\""],"Content-Type":["text/html; charset=utf-8"],"Accept-Ranges":["bytes"],"Content-Length":["5571"]},"uuid":"333ecd74-d46b-41c9-9874-3b5a377faefc"}
READY
RESULT 789
processname:editor groupname:editor pid:1728 channel:stderr
{"level":"debug","ts":1743755573.5025437,"logger":"http.handlers.rewrite","msg":"rewrote request","request":{"remote_ip":"::1","remote_port":"40780","client_ip":"::1","proto":"HTTP/1.1","method":"GET","host":"localhost","uri":"/index.html","headers":{"Accept":["*/*"],"X-Request-Id":["invalid_request_id"],"User-Agent":["curl/7.68.0"]}},"method":"GET","uri":"/index.html"}
{"level":"debug","ts":1743755573.502612,"logger":"http.handlers.file_server","msg":"sanitized path join","site_root":"/tmp/appsmith/www","fs":"","request_path":"/index.html","result":"/tmp/appsmith/www/index.html"}
{"level":"debug","ts":1743755573.502656,"logger":"http.handlers.file_server","msg":"opening file","filename":"/tmp/appsmith/www/index.html"}
READY
RESULT 886
processname:editor groupname:editor pid:1728 channel:stdout
{"level":"info","ts":1743755573.5030377,"logger":"http.log.access.log0","msg":"handled request","request":{"remote_ip":"::1","remote_port":"40780","client_ip":"::1","proto":"HTTP/1.1","method":"GET","host":"localhost","uri":"/","headers":{"User-Agent":["curl/7.68.0"],"Accept":["*/*"]}},"bytes_read":0,"user_id":"","duration":0.000860662,"size":5571,"status":200,"resp_headers":{"X-Request-Id":["invalid_request_id"],"Vary":["Accept-Encoding"],"Etag":["\"d8xpfkul02cr4ar\""],"Content-Security-Policy":["frame-ancestors 'self' *"],"Content-Type":["text/html; charset=utf-8"],"Last-Modified":["Fri, 04 Apr 2025 08:17:24 GMT"],"Accept-Ranges":["bytes"],"Content-Length":["5571"],"X-Appsmith-Request-Id":["f6789631-49ff-442e-92c2-6c4461b010cc"],"X-Content-Type-Options":["nosniff"]},"uuid":"f6789631-49ff-442e-92c2-6c4461b010cc"}
READY
RESULT 791
processname:editor groupname:editor pid:1728 channel:stderr
{"level":"debug","ts":1743755590.1400878,"logger":"http.handlers.rewrite","msg":"rewrote request","request":{"remote_ip":"::1","remote_port":"41940","client_ip":"::1","proto":"HTTP/1.1","method":"GET","host":"localhost","uri":"/index.html","headers":{"User-Agent":["curl/7.68.0"],"Accept":["*/*"],"X-Request-Id":["invalid_request_id"]}},"method":"GET","uri":"/index.html"}
{"level":"debug","ts":1743755590.1401818,"logger":"http.handlers.file_server","msg":"sanitized path join","site_root":"/tmp/appsmith/www","fs":"","request_path":"/index.html","result":"/tmp/appsmith/www/index.html"}
{"level":"debug","ts":1743755590.1402438,"logger":"http.handlers.file_server","msg":"opening file","filename":"/tmp/appsmith/www/index.html"}
READY
RESULT 886
processname:editor groupname:editor pid:1728 channel:stdout
{"level":"info","ts":1743755590.1406267,"logger":"http.log.access.log0","msg":"handled request","request":{"remote_ip":"::1","remote_port":"41940","client_ip":"::1","proto":"HTTP/1.1","method":"GET","host":"localhost","uri":"/","headers":{"Accept":["*/*"],"User-Agent":["curl/7.68.0"]}},"bytes_read":0,"user_id":"","duration":0.000951607,"size":5571,"status":200,"resp_headers":{"Content-Type":["text/html; charset=utf-8"],"Accept-Ranges":["bytes"],"Content-Length":["5571"],"Content-Security-Policy":["frame-ancestors 'self' *"],"X-Appsmith-Request-Id":["6a5d75b1-80ea-4045-b03a-1f84257735ca"],"X-Request-Id":["invalid_request_id"],"Vary":["Accept-Encoding"],"Etag":["\"d8xpfkul02cr4ar\""],"Last-Modified":["Fri, 04 Apr 2025 08:17:24 GMT"],"X-Content-Type-Options":["nosniff"]},"uuid":"6a5d75b1-80ea-4045-b03a-1f84257735ca"}
READY
RESULT 789
processname:editor groupname:editor pid:1728 channel:stderr
{"level":"debug","ts":1743755605.525479,"logger":"http.handlers.rewrite","msg":"rewrote request","request":{"remote_ip":"::1","remote_port":"52668","client_ip":"::1","proto":"HTTP/1.1","method":"GET","host":"localhost","uri":"/index.html","headers":{"User-Agent":["curl/7.68.0"],"Accept":["*/*"],"X-Request-Id":["invalid_request_id"]}},"method":"GET","uri":"/index.html"}
{"level":"debug","ts":1743755605.5255442,"logger":"http.handlers.file_server","msg":"sanitized path join","site_root":"/tmp/appsmith/www","fs":"","request_path":"/index.html","result":"/tmp/appsmith/www/index.html"}
{"level":"debug","ts":1743755605.525582,"logger":"http.handlers.file_server","msg":"opening file","filename":"/tmp/appsmith/www/index.html"}
READY
RESULT 886
processname:editor groupname:editor pid:1728 channel:stdout
{"level":"info","ts":1743755605.5258777,"logger":"http.log.access.log0","msg":"handled request","request":{"remote_ip":"::1","remote_port":"52668","client_ip":"::1","proto":"HTTP/1.1","method":"GET","host":"localhost","uri":"/","headers":{"Accept":["*/*"],"User-Agent":["curl/7.68.0"]}},"bytes_read":0,"user_id":"","duration":0.000735504,"size":5571,"status":200,"resp_headers":{"Etag":["\"d8xpfkul02cr4ar\""],"Content-Type":["text/html; charset=utf-8"],"Last-Modified":["Fri, 04 Apr 2025 08:17:24 GMT"],"Content-Security-Policy":["frame-ancestors 'self' *"],"X-Request-Id":["invalid_request_id"],"Content-Length":["5571"],"X-Appsmith-Request-Id":["60c6ada4-a31a-42c2-a5d9-a1cfc883bacc"],"X-Content-Type-Options":["nosniff"],"Vary":["Accept-Encoding"],"Accept-Ranges":["bytes"]},"uuid":"60c6ada4-a31a-42c2-a5d9-a1cfc883bacc"}
READY
RESULT 886
processname:editor groupname:editor pid:1728 channel:stdout
{"level":"info","ts":1743755621.3854256,"logger":"http.log.access.log0","msg":"handled request","request":{"remote_ip":"::1","remote_port":"38186","client_ip":"::1","proto":"HTTP/1.1","method":"GET","host":"localhost","uri":"/","headers":{"Accept":["*/*"],"User-Agent":["curl/7.68.0"]}},"bytes_read":0,"user_id":"","duration":0.001183569,"size":5571,"status":200,"resp_headers":{"Etag":["\"d8xpfkul02cr4ar\""],"Content-Type":["text/html; charset=utf-8"],"Last-Modified":["Fri, 04 Apr 2025 08:17:24 GMT"],"Accept-Ranges":["bytes"],"X-Content-Type-Options":["nosniff"],"X-Request-Id":["invalid_request_id"],"Content-Security-Policy":["frame-ancestors 'self' *"],"X-Appsmith-Request-Id":["9bf263f0-5636-4c2d-baa7-c99f519f4404"],"Vary":["Accept-Encoding"],"Content-Length":["5571"]},"uuid":"9bf263f0-5636-4c2d-baa7-c99f519f4404"}
READY
RESULT 791
processname:editor groupname:editor pid:1728 channel:stderr
{"level":"debug","ts":1743755621.3847857,"logger":"http.handlers.rewrite","msg":"rewrote request","request":{"remote_ip":"::1","remote_port":"38186","client_ip":"::1","proto":"HTTP/1.1","method":"GET","host":"localhost","uri":"/index.html","headers":{"User-Agent":["curl/7.68.0"],"Accept":["*/*"],"X-Request-Id":["invalid_request_id"]}},"method":"GET","uri":"/index.html"}
{"level":"debug","ts":1743755621.3848906,"logger":"http.handlers.file_server","msg":"sanitized path join","site_root":"/tmp/appsmith/www","fs":"","request_path":"/index.html","result":"/tmp/appsmith/www/index.html"}
{"level":"debug","ts":1743755621.3849752,"logger":"http.handlers.file_server","msg":"opening file","filename":"/tmp/appsmith/www/index.html"}
READY
RESULT 791
processname:editor groupname:editor pid:1728 channel:stderr
{"level":"debug","ts":1743755636.8322403,"logger":"http.handlers.rewrite","msg":"rewrote request","request":{"remote_ip":"::1","remote_port":"60026","client_ip":"::1","proto":"HTTP/1.1","method":"GET","host":"localhost","uri":"/index.html","headers":{"User-Agent":["curl/7.68.0"],"Accept":["*/*"],"X-Request-Id":["invalid_request_id"]}},"method":"GET","uri":"/index.html"}
{"level":"debug","ts":1743755636.8323135,"logger":"http.handlers.file_server","msg":"sanitized path join","site_root":"/tmp/appsmith/www","fs":"","request_path":"/index.html","result":"/tmp/appsmith/www/index.html"}
{"level":"debug","ts":1743755636.8323557,"logger":"http.handlers.file_server","msg":"opening file","filename":"/tmp/appsmith/www/index.html"}
READY
RESULT 886
processname:editor groupname:editor pid:1728 channel:stdout
{"level":"info","ts":1743755636.8326707,"logger":"http.log.access.log0","msg":"handled request","request":{"remote_ip":"::1","remote_port":"60026","client_ip":"::1","proto":"HTTP/1.1","method":"GET","host":"localhost","uri":"/","headers":{"User-Agent":["curl/7.68.0"],"Accept":["*/*"]}},"bytes_read":0,"user_id":"","duration":0.000857394,"size":5571,"status":200,"resp_headers":{"Content-Type":["text/html; charset=utf-8"],"Last-Modified":["Fri, 04 Apr 2025 08:17:24 GMT"],"Accept-Ranges":["bytes"],"X-Appsmith-Request-Id":["1399d8cf-03a1-438a-8d51-5eacf78243e3"],"X-Request-Id":["invalid_request_id"],"Vary":["Accept-Encoding"],"Etag":["\"d8xpfkul02cr4ar\""],"Content-Length":["5571"],"Content-Security-Policy":["frame-ancestors 'self' *"],"X-Content-Type-Options":["nosniff"]},"uuid":"1399d8cf-03a1-438a-8d51-5eacf78243e3"}
READY
RESULT 790
processname:editor groupname:editor pid:1728 channel:stderr
{"level":"debug","ts":1743755652.4015355,"logger":"http.handlers.rewrite","msg":"rewrote request","request":{"remote_ip":"::1","remote_port":"57696","client_ip":"::1","proto":"HTTP/1.1","method":"GET","host":"localhost","uri":"/index.html","headers":{"User-Agent":["curl/7.68.0"],"Accept":["*/*"],"X-Request-Id":["invalid_request_id"]}},"method":"GET","uri":"/index.html"}
{"level":"debug","ts":1743755652.401622,"logger":"http.handlers.file_server","msg":"sanitized path join","site_root":"/tmp/appsmith/www","fs":"","request_path":"/index.html","result":"/tmp/appsmith/www/index.html"}
{"level":"debug","ts":1743755652.4016776,"logger":"http.handlers.file_server","msg":"opening file","filename":"/tmp/appsmith/www/index.html"}
READY
RESULT 886
processname:editor groupname:editor pid:1728 channel:stdout
{"level":"info","ts":1743755652.4019845,"logger":"http.log.access.log0","msg":"handled request","request":{"remote_ip":"::1","remote_port":"57696","client_ip":"::1","proto":"HTTP/1.1","method":"GET","host":"localhost","uri":"/","headers":{"User-Agent":["curl/7.68.0"],"Accept":["*/*"]}},"bytes_read":0,"user_id":"","duration":0.000868187,"size":5571,"status":200,"resp_headers":{"X-Request-Id":["invalid_request_id"],"Vary":["Accept-Encoding"],"Content-Type":["text/html; charset=utf-8"],"Content-Length":["5571"],"X-Appsmith-Request-Id":["cd6f93d7-9cac-4c5a-96f0-7a9826782d4a"],"X-Content-Type-Options":["nosniff"],"Etag":["\"d8xpfkul02cr4ar\""],"Last-Modified":["Fri, 04 Apr 2025 08:17:24 GMT"],"Accept-Ranges":["bytes"],"Content-Security-Policy":["frame-ancestors 'self' *"]},"uuid":"cd6f93d7-9cac-4c5a-96f0-7a9826782d4a"}
READY
RESULT 791
processname:editor groupname:editor pid:1728 channel:stderr
{"level":"debug","ts":1743755668.3781214,"logger":"http.handlers.rewrite","msg":"rewrote request","request":{"remote_ip":"::1","remote_port":"40108","client_ip":"::1","proto":"HTTP/1.1","method":"GET","host":"localhost","uri":"/index.html","headers":{"User-Agent":["curl/7.68.0"],"Accept":["*/*"],"X-Request-Id":["invalid_request_id"]}},"method":"GET","uri":"/index.html"}
{"level":"debug","ts":1743755668.3781993,"logger":"http.handlers.file_server","msg":"sanitized path join","site_root":"/tmp/appsmith/www","fs":"","request_path":"/index.html","result":"/tmp/appsmith/www/index.html"}
{"level":"debug","ts":1743755668.3782444,"logger":"http.handlers.file_server","msg":"opening file","filename":"/tmp/appsmith/www/index.html"}
READY
RESULT 886
processname:editor groupname:editor pid:1728 channel:stdout
{"level":"info","ts":1743755668.3785403,"logger":"http.log.access.log0","msg":"handled request","request":{"remote_ip":"::1","remote_port":"40108","client_ip":"::1","proto":"HTTP/1.1","method":"GET","host":"localhost","uri":"/","headers":{"User-Agent":["curl/7.68.0"],"Accept":["*/*"]}},"bytes_read":0,"user_id":"","duration":0.000797567,"size":5571,"status":200,"resp_headers":{"Content-Type":["text/html; charset=utf-8"],"Last-Modified":["Fri, 04 Apr 2025 08:17:24 GMT"],"Accept-Ranges":["bytes"],"X-Appsmith-Request-Id":["3d076f4f-00e8-46d3-9f26-77e425c77434"],"X-Request-Id":["invalid_request_id"],"Vary":["Accept-Encoding"],"X-Content-Type-Options":["nosniff"],"Etag":["\"d8xpfkul02cr4ar\""],"Content-Length":["5571"],"Content-Security-Policy":["frame-ancestors 'self' *"]},"uuid":"3d076f4f-00e8-46d3-9f26-77e425c77434"}
READY
RESULT 1897
processname:editor groupname:editor pid:1728 channel:stderr
{"level":"debug","ts":1743755676.353312,"logger":"http.handlers.rewrite","msg":"rewrote request","request":{"remote_ip":"172.18.0.1","remote_port":"34170","client_ip":"172.18.0.1","proto":"HTTP/1.1","method":"GET","host":"localhost:8080","uri":"/index.html","headers":{"Sec-Ch-Ua":["\"Not A(Brand\";v=\"8\", \"Chromium\";v=\"132\", \"Opera\";v=\"117\""],"Sec-Purpose":["prefetch;prerender"],"Accept-Encoding":["gzip, deflate, br, zstd"],"Cookie":["REDACTED"],"Connection":["keep-alive"],"User-Agent":["Mozilla/5.0 (Windows NT 10.0; Win64; x64) AppleWebKit/537.36 (KHTML, like Gecko) Chrome/132.0.0.0 Safari/537.36 OPR/117.0.0.0"],"X-Request-Id":["invalid_request_id"],"Sec-Ch-Ua-Mobile":["?0"],"Sec-Fetch-Dest":["empty"],"Accept-Language":["tr-TR,tr;q=0.9,en-US;q=0.8,en;q=0.7"],"If-Modified-Since":["Fri, 04 Apr 2025 06:15:31 GMT"],"Sec-Fetch-Site":["same-origin"],"Sec-Fetch-Mode":["navigate"],"If-None-Match":["\"d8xmu994z0fo1qf\""],"Sec-Ch-Ua-Platform":["\"Windows\""],"Purpose":["prefetch"],"Upgrade-Insecure-Requests":["1"],"Accept":["text/html,application/xhtml+xml,application/xml;q=0.9,image/avif,image/webp,image/apng,*/*;q=0.8,application/signed-exchange;v=b3;q=0.7"]}},"method":"GET","uri":"/index.html"}
{"level":"debug","ts":1743755676.3533993,"logger":"http.handlers.file_server","msg":"sanitized path join","site_root":"/tmp/appsmith/www","fs":"","request_path":"/index.html","result":"/tmp/appsmith/www/index.html"}
{"level":"debug","ts":1743755676.3534641,"logger":"http.handlers.file_server","msg":"precompressed file not accessible","filename":"/tmp/appsmith/www/index.html.br","error":"open /tmp/appsmith/www/index.html.br: no such file or directory"}
{"level":"debug","ts":1743755676.3534958,"logger":"http.handlers.file_server","msg":"opening compressed sidecar file","filename":"/tmp/appsmith/www/index.html.gz"}
READY
RESULT 1733
processname:editor groupname:editor pid:1728 channel:stdout
{"level":"info","ts":1743755676.3537831,"logger":"http.log.access.log0","msg":"handled request","request":{"remote_ip":"172.18.0.1","remote_port":"34170","client_ip":"172.18.0.1","proto":"HTTP/1.1","method":"GET","host":"localhost:8080","uri":"/","headers":{"Sec-Ch-Ua-Mobile":["?0"],"Purpose":["prefetch"],"Sec-Ch-Ua-Platform":["\"Windows\""],"Upgrade-Insecure-Requests":["1"],"Sec-Ch-Ua":["\"Not A(Brand\";v=\"8\", \"Chromium\";v=\"132\", \"Opera\";v=\"117\""],"Cookie":["REDACTED"],"Connection":["keep-alive"],"Sec-Fetch-Dest":["empty"],"If-None-Match":["\"d8xmu994z0fo1qf\""],"Sec-Purpose":["prefetch;prerender"],"Accept-Encoding":["gzip, deflate, br, zstd"],"User-Agent":["Mozilla/5.0 (Windows NT 10.0; Win64; x64) AppleWebKit/537.36 (KHTML, like Gecko) Chrome/132.0.0.0 Safari/537.36 OPR/117.0.0.0"],"If-Modified-Since":["Fri, 04 Apr 2025 06:15:31 GMT"],"Accept-Language":["tr-TR,tr;q=0.9,en-US;q=0.8,en;q=0.7"],"Sec-Fetch-Site":["same-origin"],"Sec-Fetch-Mode":["navigate"],"Accept":["text/html,application/xhtml+xml,application/xml;q=0.9,image/avif,image/webp,image/apng,*/*;q=0.8,application/signed-exchange;v=b3;q=0.7"]}},"bytes_read":0,"user_id":"","duration":0.000828481,"size":2245,"status":200,"resp_headers":{"X-Request-Id":["invalid_request_id"],"Accept-Ranges":["bytes"],"Content-Security-Policy":["frame-ancestors 'self' *"],"X-Appsmith-Request-Id":["d5a81a56-52f3-49ea-addc-40c2c317cbbf"],"X-Content-Type-Options":["nosniff"],"Vary":["Accept-Encoding"],"Content-Encoding":["gzip"],"Etag":["\"d8xpfkul02cr1qd\""],"Content-Type":["text/html; charset=utf-8"],"Last-Modified":["Fri, 04 Apr 2025 08:17:24 GMT"]},"uuid":"d5a81a56-52f3-49ea-addc-40c2c317cbbf"}
READY
RESULT 211
processname:editor groupname:editor pid:1728 channel:stderr
{"level":"debug","ts":1743755679.0517728,"logger":"http.handlers.reverse_proxy","msg":"selected upstream","dial":"127.0.0.1:8080","total_upstreams":1}
READY
RESULT 378
processname:backend groupname:backend pid:1723 channel:stdout
[2025-04-04 08:34:39,272] [lettuce-epollEventLoop-10-1] requestId=2acf88a4-eb14-4bfe-8740-20d174aeb8a8 userEmail=ulvibolge@gmail.com traceId=8ebeb52dd26899a42a4799e86df1b45b spanId=e859e60bc8060292 - Going to fetch consolidatedAPI response for applicationId: null, defaultPageId: null, branch: null, mode: PUBLISHED
READY
RESULT 367
processname:backend groupname:backend pid:1723 channel:stdout
[2025-04-04 08:34:39,595] [lettuce-epollEventLoop-10-1] requestId=2acf88a4-eb14-4bfe-8740-20d174aeb8a8 userEmail=ulvibolge@gmail.com traceId=8ebeb52dd26899a42a4799e86df1b45b spanId=744e9fb658b4692d - Cache entry evicted for key featureFlag:6aa6680bb032c0d4d9253a435537608c385b555928d67746b98d71b69f8cfd8e
READY
RESULT 127
processname:redis groupname:redis pid:1718 channel:stdout
1718:M 04 Apr 2025 08:34:39.729 * 1 changes in 15 seconds. Saving...
READY
RESULT 130
processname:redis groupname:redis pid:1718 channel:stdout
1718:M 04 Apr 2025 08:34:39.729 * Background saving started by pid 2811
READY
RESULT 358
processname:backend groupname:backend pid:1723 channel:stdout
[2025-04-04 08:34:39,743] [lettuce-epollEventLoop-10-1] requestId=2acf88a4-eb14-4bfe-8740-20d174aeb8a8 userEmail=ulvibolge@gmail.com traceId=8ebeb52dd26899a42a4799e86df1b45b spanId=744e9fb658b4692d - Cache miss for key featureFlag:6aa6680bb032c0d4d9253a435537608c385b555928d67746b98d71b69f8cfd8e
READY
RESULT 109
processname:redis groupname:redis pid:1718 channel:stdout
2811:C 04 Apr 2025 08:34:39.972 * DB saved on disk
READY
RESULT 134
processname:redis groupname:redis pid:1718 channel:stdout
2811:C 04 Apr 2025 08:34:39.976 * RDB: 0 MB of memory used by copy-on-write
READY
RESULT 134
processname:redis groupname:redis pid:1718 channel:stdout
1718:M 04 Apr 2025 08:34:39.992 * Background saving terminated with success
READY
RESULT 358
processname:backend groupname:backend pid:1723 channel:stdout
[2025-04-04 08:34:41,017] [reactor-http-epoll-4] requestId=2acf88a4-eb14-4bfe-8740-20d174aeb8a8 userEmail=ulvibolge@gmail.com traceId=8ebeb52dd26899a42a4799e86df1b45b spanId=744e9fb658b4692d - Cache entry added for key featureFlag:6aa6680bb032c0d4d9253a435537608c385b555928d67746b98d71b69f8cfd8e
READY
RESULT 584
processname:backend groupname:backend pid:1723 channel:stdout
[2025-04-04 08:34:41,036] [lettuce-epollEventLoop-10-1] requestId=2acf88a4-eb14-4bfe-8740-20d174aeb8a8 userEmail=ulvibolge@gmail.com traceId=8ebeb52dd26899a42a4799e86df1b45b spanId=5215ee5f40311175 - Skipping etag computation: Both defaultPageId 'null', and applicationId 'null' are blank
[2025-04-04 08:34:41,036] [lettuce-epollEventLoop-10-1] requestId=2acf88a4-eb14-4bfe-8740-20d174aeb8a8 userEmail=ulvibolge@gmail.com traceId=8ebeb52dd26899a42a4799e86df1b45b spanId=5215ee5f40311175 - Time taken to compute ETag: 0 ms
READY
RESULT 1742
processname:editor groupname:editor pid:1728 channel:stdout
{"level":"info","ts":1743755681.2330227,"logger":"http.log.access.log0","msg":"handled request","request":{"remote_ip":"172.18.0.1","remote_port":"37082","client_ip":"172.18.0.1","proto":"HTTP/1.1","method":"GET","host":"localhost:8080","uri":"/api/v1/consolidated-api/view?","headers":{"Accept-Language":["tr-TR,tr;q=0.9,en-US;q=0.8,en;q=0.7"],"Cookie":["REDACTED"],"Timer":["4205.199999999255"],"Connection":["keep-alive"],"Sec-Ch-Ua-Platform":["\"Windows\""],"Referer":["http://localhost:8080/"],"Sec-Purpose":["prefetch;prerender"],"X-Appsmith-Version":["v1.65"],"X-Anonymous-User-Id":["2d40d7a7-7249-40b9-9138-3d2349ac5009"],"Sec-Fetch-Dest":["empty"],"X-Xsrf-Token":["7863a868-431b-47eb-b783-567a29844d9e"],"User-Agent":["Mozilla/5.0 (Windows NT 10.0; Win64; x64) AppleWebKit/537.36 (KHTML, like Gecko) Chrome/132.0.0.0 Safari/537.36 OPR/117.0.0.0"],"Sec-Fetch-Mode":["cors"],"Accept-Encoding":["gzip, deflate, br, zstd"],"Sec-Fetch-Site":["same-origin"],"Sec-Ch-Ua":["\"Not A(Brand\";v=\"8\", \"Chromium\";v=\"132\", \"Opera\";v=\"117\""],"Accept":["application/json, text/plain, */*"],"Sec-Ch-Ua-Mobile":["?0"]}},"bytes_read":0,"user_id":"","duration":2.181691008,"size":6929,"status":200,"resp_headers":{"Pragma":["no-cache"],"X-Xss-Protection":["0"],"X-Appsmith-Request-Id":["2acf88a4-eb14-4bfe-8740-20d174aeb8a8"],"Content-Length":["6929"],"X-Content-Type-Options":["nosniff"],"Content-Security-Policy":["frame-ancestors 'self' *"],"X-Request-Id":["invalid_request_id"],"Cache-Control":["no-cache, no-store, max-age=0, must-revalidate"],"Expires":["0"],"Referrer-Policy":["no-referrer"],"Content-Type":["application/json"]},"uuid":"2acf88a4-eb14-4bfe-8740-20d174aeb8a8"}
READY
RESULT 1670
processname:editor groupname:editor pid:1728 channel:stderr
{"level":"debug","ts":1743755681.2325292,"logger":"http.handlers.reverse_proxy","msg":"upstream roundtrip","upstream":"127.0.0.1:8080","duration":2.180612104,"request":{"remote_ip":"172.18.0.1","remote_port":"37082","client_ip":"172.18.0.1","proto":"HTTP/1.1","method":"GET","host":"localhost:8080","uri":"/api/v1/consolidated-api/view?","headers":{"X-Appsmith-Request-Id":["2acf88a4-eb14-4bfe-8740-20d174aeb8a8"],"Sec-Purpose":["prefetch;prerender"],"User-Agent":["Mozilla/5.0 (Windows NT 10.0; Win64; x64) AppleWebKit/537.36 (KHTML, like Gecko) Chrome/132.0.0.0 Safari/537.36 OPR/117.0.0.0"],"Timer":["4205.199999999255"],"Referer":["http://localhost:8080/"],"Sec-Fetch-Site":["same-origin"],"Cookie":["REDACTED"],"Sec-Ch-Ua-Platform":["\"Windows\""],"X-Forwarded-Host":["localhost:8080"],"Sec-Ch-Ua-Mobile":["?0"],"X-Appsmith-Version":["v1.65"],"Sec-Fetch-Mode":["cors"],"Accept-Encoding":["gzip, deflate, br, zstd"],"X-Forwarded-For":["172.18.0.1"],"X-Forwarded-Proto":["http"],"X-Anonymous-User-Id":["2d40d7a7-7249-40b9-9138-3d2349ac5009"],"X-Xsrf-Token":["7863a868-431b-47eb-b783-567a29844d9e"],"Sec-Fetch-Dest":["empty"],"X-Request-Id":["invalid_request_id"],"Accept":["application/json, text/plain, */*"],"Accept-Language":["tr-TR,tr;q=0.9,en-US;q=0.8,en;q=0.7"],"Sec-Ch-Ua":["\"Not A(Brand\";v=\"8\", \"Chromium\";v=\"132\", \"Opera\";v=\"117\""]}},"headers":{"Pragma":["no-cache"],"Expires":["0"],"X-Xss-Protection":["0"],"Referrer-Policy":["no-referrer"],"Content-Type":["application/json"],"Content-Length":["6929"],"Cache-Control":["no-cache, no-store, max-age=0, must-revalidate"]},"status":200}
READY
RESULT 791
processname:editor groupname:editor pid:1728 channel:stderr
{"level":"debug","ts":1743755684.5768533,"logger":"http.handlers.rewrite","msg":"rewrote request","request":{"remote_ip":"::1","remote_port":"54976","client_ip":"::1","proto":"HTTP/1.1","method":"GET","host":"localhost","uri":"/index.html","headers":{"User-Agent":["curl/7.68.0"],"Accept":["*/*"],"X-Request-Id":["invalid_request_id"]}},"method":"GET","uri":"/index.html"}
{"level":"debug","ts":1743755684.5769508,"logger":"http.handlers.file_server","msg":"sanitized path join","site_root":"/tmp/appsmith/www","fs":"","request_path":"/index.html","result":"/tmp/appsmith/www/index.html"}
{"level":"debug","ts":1743755684.5770028,"logger":"http.handlers.file_server","msg":"opening file","filename":"/tmp/appsmith/www/index.html"}
READY
RESULT 886
processname:editor groupname:editor pid:1728 channel:stdout
{"level":"info","ts":1743755684.5773945,"logger":"http.log.access.log0","msg":"handled request","request":{"remote_ip":"::1","remote_port":"54976","client_ip":"::1","proto":"HTTP/1.1","method":"GET","host":"localhost","uri":"/","headers":{"User-Agent":["curl/7.68.0"],"Accept":["*/*"]}},"bytes_read":0,"user_id":"","duration":0.000936591,"size":5571,"status":200,"resp_headers":{"Etag":["\"d8xpfkul02cr4ar\""],"Content-Type":["text/html; charset=utf-8"],"Content-Security-Policy":["frame-ancestors 'self' *"],"X-Content-Type-Options":["nosniff"],"X-Request-Id":["invalid_request_id"],"Vary":["Accept-Encoding"],"Last-Modified":["Fri, 04 Apr 2025 08:17:24 GMT"],"Accept-Ranges":["bytes"],"Content-Length":["5571"],"X-Appsmith-Request-Id":["8f7ccba2-1088-4b6a-9570-e3ea3f2fa42f"]},"uuid":"8f7ccba2-1088-4b6a-9570-e3ea3f2fa42f"}
READY
RESULT 210
processname:editor groupname:editor pid:1728 channel:stderr
{"level":"debug","ts":1743755687.450508,"logger":"http.handlers.reverse_proxy","msg":"selected upstream","dial":"127.0.0.1:8080","total_upstreams":1}
READY
RESULT 1647
processname:editor groupname:editor pid:1728 channel:stdout
{"level":"info","ts":1743755687.947493,"logger":"http.log.access.log0","msg":"handled request","request":{"remote_ip":"172.18.0.1","remote_port":"59156","client_ip":"172.18.0.1","proto":"HTTP/1.1","method":"GET","host":"localhost:8080","uri":"/api/v1/workspaces/home","headers":{"Timer":["12598.799999998882"],"Connection":["keep-alive"],"Accept-Encoding":["gzip, deflate, br, zstd"],"Referer":["http://localhost:8080/applications"],"Sec-Ch-Ua":["\"Not A(Brand\";v=\"8\", \"Chromium\";v=\"132\", \"Opera\";v=\"117\""],"User-Agent":["Mozilla/5.0 (Windows NT 10.0; Win64; x64) AppleWebKit/537.36 (KHTML, like Gecko) Chrome/132.0.0.0 Safari/537.36 OPR/117.0.0.0"],"Sec-Fetch-Dest":["empty"],"Sec-Ch-Ua-Platform":["\"Windows\""],"Sec-Fetch-Site":["same-origin"],"Cookie":["REDACTED"],"X-Xsrf-Token":["7863a868-431b-47eb-b783-567a29844d9e"],"Accept":["application/json, text/plain, */*"],"Sec-Fetch-Mode":["cors"],"Sec-Ch-Ua-Mobile":["?0"],"Accept-Language":["tr-TR,tr;q=0.9,en-US;q=0.8,en;q=0.7"],"X-Appsmith-Version":["v1.65"]}},"bytes_read":0,"user_id":"","duration":0.497239197,"size":2380,"status":200,"resp_headers":{"X-Request-Id":["invalid_request_id"],"Referrer-Policy":["no-referrer"],"Pragma":["no-cache"],"Content-Security-Policy":["frame-ancestors 'self' *"],"Expires":["0"],"X-Appsmith-Request-Id":["b7b8d8b4-35b7-4ee7-8e53-62fd241433c4"],"X-Content-Type-Options":["nosniff"],"X-Xss-Protection":["0"],"Content-Type":["application/json"],"Content-Length":["2380"],"Cache-Control":["no-cache, no-store, max-age=0, must-revalidate"]},"uuid":"b7b8d8b4-35b7-4ee7-8e53-62fd241433c4"}
READY
RESULT 1576
processname:editor groupname:editor pid:1728 channel:stderr
{"level":"debug","ts":1743755687.9472816,"logger":"http.handlers.reverse_proxy","msg":"upstream roundtrip","upstream":"127.0.0.1:8080","duration":0.496651106,"request":{"remote_ip":"172.18.0.1","remote_port":"59156","client_ip":"172.18.0.1","proto":"HTTP/1.1","method":"GET","host":"localhost:8080","uri":"/api/v1/workspaces/home","headers":{"Cookie":["REDACTED"],"Sec-Ch-Ua":["\"Not A(Brand\";v=\"8\", \"Chromium\";v=\"132\", \"Opera\";v=\"117\""],"X-Appsmith-Request-Id":["b7b8d8b4-35b7-4ee7-8e53-62fd241433c4"],"X-Request-Id":["invalid_request_id"],"Sec-Fetch-Site":["same-origin"],"Sec-Ch-Ua-Mobile":["?0"],"X-Forwarded-For":["172.18.0.1"],"User-Agent":["Mozilla/5.0 (Windows NT 10.0; Win64; x64) AppleWebKit/537.36 (KHTML, like Gecko) Chrome/132.0.0.0 Safari/537.36 OPR/117.0.0.0"],"X-Forwarded-Host":["localhost:8080"],"Accept-Encoding":["gzip, deflate, br, zstd"],"Accept":["application/json, text/plain, */*"],"Sec-Fetch-Mode":["cors"],"X-Xsrf-Token":["7863a868-431b-47eb-b783-567a29844d9e"],"Sec-Fetch-Dest":["empty"],"X-Appsmith-Version":["v1.65"],"Sec-Ch-Ua-Platform":["\"Windows\""],"Timer":["12598.799999998882"],"Referer":["http://localhost:8080/applications"],"Accept-Language":["tr-TR,tr;q=0.9,en-US;q=0.8,en;q=0.7"],"X-Forwarded-Proto":["http"]}},"headers":{"Cache-Control":["no-cache, no-store, max-age=0, must-revalidate"],"Pragma":["no-cache"],"Expires":["0"],"X-Xss-Protection":["0"],"Referrer-Policy":["no-referrer"],"Content-Type":["application/json"],"Content-Length":["2380"]},"status":200}
READY
RESULT 210
processname:editor groupname:editor pid:1728 channel:stderr
{"level":"debug","ts":1743755689.348156,"logger":"http.handlers.reverse_proxy","msg":"selected upstream","dial":"127.0.0.1:8080","total_upstreams":1}
READY
RESULT 211
processname:editor groupname:editor pid:1728 channel:stderr
{"level":"debug","ts":1743755689.3772438,"logger":"http.handlers.reverse_proxy","msg":"selected upstream","dial":"127.0.0.1:8080","total_upstreams":1}
READY
RESULT 362
processname:editor groupname:editor pid:1728 channel:stderr
{"level":"debug","ts":1743755689.4074023,"logger":"http.handlers.reverse_proxy","msg":"selected upstream","dial":"127.0.0.1:8080","total_upstreams":1}
{"level":"debug","ts":1743755689.4078386,"logger":"http.handlers.reverse_proxy","msg":"selected upstream","dial":"127.0.0.1:8080","total_upstreams":1}
READY
RESULT 211
processname:editor groupname:editor pid:1728 channel:stderr
{"level":"debug","ts":1743755689.4235654,"logger":"http.handlers.reverse_proxy","msg":"selected upstream","dial":"127.0.0.1:8080","total_upstreams":1}
READY
RESULT 333
processname:backend groupname:backend pid:1723 channel:stdout
[2025-04-04 08:34:49,733] [lettuce-epollEventLoop-10-1] requestId=f04964c6-f954-493f-a747-9bbebbb70f1a userEmail=ulvibolge@gmail.com traceId=ca29e6303765c425598f9990dcd23595 spanId=c5c443de89a9a96a - Going to get all applications by workspace id 67ef7a3f17ee9f609d553b3b
READY
RESULT 1582
processname:editor groupname:editor pid:1728 channel:stderr
{"level":"debug","ts":1743755690.0934174,"logger":"http.handlers.reverse_proxy","msg":"upstream roundtrip","upstream":"127.0.0.1:8080","duration":0.715973319,"request":{"remote_ip":"172.18.0.1","remote_port":"59170","client_ip":"172.18.0.1","proto":"HTTP/1.1","method":"GET","host":"localhost:8080","uri":"/api/v1/plugins/default/icons","headers":{"X-Forwarded-For":["172.18.0.1"],"Cookie":["REDACTED"],"Accept":["application/json, text/plain, */*"],"X-Forwarded-Proto":["http"],"X-Appsmith-Request-Id":["974eb6aa-dac6-4986-9b3c-a1c4172861d1"],"Timer":["14512.199999999255"],"X-Forwarded-Host":["localhost:8080"],"Sec-Ch-Ua-Platform":["\"Windows\""],"X-Request-Id":["invalid_request_id"],"Sec-Fetch-Dest":["empty"],"Sec-Fetch-Site":["same-origin"],"X-Appsmith-Version":["v1.65"],"Accept-Encoding":["gzip, deflate, br, zstd"],"Sec-Ch-Ua-Mobile":["?0"],"X-Xsrf-Token":["7863a868-431b-47eb-b783-567a29844d9e"],"Sec-Ch-Ua":["\"Not A(Brand\";v=\"8\", \"Chromium\";v=\"132\", \"Opera\";v=\"117\""],"Accept-Language":["tr-TR,tr;q=0.9,en-US;q=0.8,en;q=0.7"],"Referer":["http://localhost:8080/applications"],"User-Agent":["Mozilla/5.0 (Windows NT 10.0; Win64; x64) AppleWebKit/537.36 (KHTML, like Gecko) Chrome/132.0.0.0 Safari/537.36 OPR/117.0.0.0"],"Sec-Fetch-Mode":["cors"]}},"headers":{"Cache-Control":["no-cache, no-store, max-age=0, must-revalidate"],"Pragma":["no-cache"],"Expires":["0"],"X-Xss-Protection":["0"],"Referrer-Policy":["no-referrer"],"Content-Type":["application/json"],"Content-Length":["6618"]},"status":200}
READY
RESULT 1654
processname:editor groupname:editor pid:1728 channel:stdout
{"level":"info","ts":1743755690.0945647,"logger":"http.log.access.log0","msg":"handled request","request":{"remote_ip":"172.18.0.1","remote_port":"59170","client_ip":"172.18.0.1","proto":"HTTP/1.1","method":"GET","host":"localhost:8080","uri":"/api/v1/plugins/default/icons","headers":{"Cookie":["REDACTED"],"Sec-Ch-Ua":["\"Not A(Brand\";v=\"8\", \"Chromium\";v=\"132\", \"Opera\";v=\"117\""],"Sec-Ch-Ua-Mobile":["?0"],"Accept-Language":["tr-TR,tr;q=0.9,en-US;q=0.8,en;q=0.7"],"Accept-Encoding":["gzip, deflate, br, zstd"],"Sec-Fetch-Site":["same-origin"],"Sec-Fetch-Mode":["cors"],"Sec-Ch-Ua-Platform":["\"Windows\""],"X-Xsrf-Token":["7863a868-431b-47eb-b783-567a29844d9e"],"Connection":["keep-alive"],"X-Appsmith-Version":["v1.65"],"Accept":["application/json, text/plain, */*"],"User-Agent":["Mozilla/5.0 (Windows NT 10.0; Win64; x64) AppleWebKit/537.36 (KHTML, like Gecko) Chrome/132.0.0.0 Safari/537.36 OPR/117.0.0.0"],"Sec-Fetch-Dest":["empty"],"Referer":["http://localhost:8080/applications"],"Timer":["14512.199999999255"]}},"bytes_read":0,"user_id":"","duration":0.717735491,"size":6618,"status":200,"resp_headers":{"Cache-Control":["no-cache, no-store, max-age=0, must-revalidate"],"Pragma":["no-cache"],"Expires":["0"],"X-Xss-Protection":["0"],"Referrer-Policy":["no-referrer"],"Content-Security-Policy":["frame-ancestors 'self' *"],"X-Appsmith-Request-Id":["974eb6aa-dac6-4986-9b3c-a1c4172861d1"],"X-Content-Type-Options":["nosniff"],"Content-Type":["application/json"],"Content-Length":["6618"],"X-Request-Id":["invalid_request_id"]},"uuid":"974eb6aa-dac6-4986-9b3c-a1c4172861d1"}
READY
RESULT 1562
processname:editor groupname:editor pid:1728 channel:stderr
{"level":"debug","ts":1743755690.4656692,"logger":"http.handlers.reverse_proxy","msg":"upstream roundtrip","upstream":"127.0.0.1:8080","duration":1.122770752,"request":{"remote_ip":"172.18.0.1","remote_port":"59156","client_ip":"172.18.0.1","proto":"HTTP/1.1","method":"GET","host":"localhost:8080","uri":"/api/v1/app-templates","headers":{"Sec-Fetch-Dest":["empty"],"Accept":["application/json, text/plain, */*"],"X-Appsmith-Request-Id":["67e0436b-2cd9-4608-a261-4d8399088698"],"Sec-Ch-Ua-Platform":["\"Windows\""],"X-Forwarded-For":["172.18.0.1"],"X-Forwarded-Host":["localhost:8080"],"Sec-Fetch-Mode":["cors"],"Referer":["http://localhost:8080/applications"],"X-Request-Id":["invalid_request_id"],"X-Appsmith-Version":["v1.65"],"Sec-Fetch-Site":["same-origin"],"Sec-Ch-Ua-Mobile":["?0"],"Timer":["14512"],"Accept-Language":["tr-TR,tr;q=0.9,en-US;q=0.8,en;q=0.7"],"X-Forwarded-Proto":["http"],"User-Agent":["Mozilla/5.0 (Windows NT 10.0; Win64; x64) AppleWebKit/537.36 (KHTML, like Gecko) Chrome/132.0.0.0 Safari/537.36 OPR/117.0.0.0"],"Cookie":["REDACTED"],"Accept-Encoding":["gzip, deflate, br, zstd"],"X-Xsrf-Token":["7863a868-431b-47eb-b783-567a29844d9e"],"Sec-Ch-Ua":["\"Not A(Brand\";v=\"8\", \"Chromium\";v=\"132\", \"Opera\";v=\"117\""]}},"headers":{"Pragma":["no-cache"],"Expires":["0"],"X-Xss-Protection":["0"],"Referrer-Policy":["no-referrer"],"Content-Type":["application/json"],"Content-Length":["54038"],"Cache-Control":["no-cache, no-store, max-age=0, must-revalidate"]},"status":200}
READY
RESULT 1635
processname:editor groupname:editor pid:1728 channel:stdout
{"level":"info","ts":1743755690.4662254,"logger":"http.log.access.log0","msg":"handled request","request":{"remote_ip":"172.18.0.1","remote_port":"59156","client_ip":"172.18.0.1","proto":"HTTP/1.1","method":"GET","host":"localhost:8080","uri":"/api/v1/app-templates","headers":{"Connection":["keep-alive"],"Timer":["14512"],"X-Appsmith-Version":["v1.65"],"Cookie":["REDACTED"],"Sec-Fetch-Dest":["empty"],"Accept":["application/json, text/plain, */*"],"Sec-Ch-Ua":["\"Not A(Brand\";v=\"8\", \"Chromium\";v=\"132\", \"Opera\";v=\"117\""],"User-Agent":["Mozilla/5.0 (Windows NT 10.0; Win64; x64) AppleWebKit/537.36 (KHTML, like Gecko) Chrome/132.0.0.0 Safari/537.36 OPR/117.0.0.0"],"Referer":["http://localhost:8080/applications"],"Accept-Encoding":["gzip, deflate, br, zstd"],"Sec-Ch-Ua-Mobile":["?0"],"Sec-Ch-Ua-Platform":["\"Windows\""],"Sec-Fetch-Mode":["cors"],"Sec-Fetch-Site":["same-origin"],"Accept-Language":["tr-TR,tr;q=0.9,en-US;q=0.8,en;q=0.7"],"X-Xsrf-Token":["7863a868-431b-47eb-b783-567a29844d9e"]}},"bytes_read":0,"user_id":"","duration":1.123651438,"size":54038,"status":200,"resp_headers":{"Expires":["0"],"X-Xss-Protection":["0"],"Content-Security-Policy":["frame-ancestors 'self' *"],"X-Appsmith-Request-Id":["67e0436b-2cd9-4608-a261-4d8399088698"],"X-Request-Id":["invalid_request_id"],"Referrer-Policy":["no-referrer"],"Content-Length":["54038"],"Content-Type":["application/json"],"Cache-Control":["no-cache, no-store, max-age=0, must-revalidate"],"Pragma":["no-cache"],"X-Content-Type-Options":["nosniff"]},"uuid":"67e0436b-2cd9-4608-a261-4d8399088698"}
READY
RESULT 1663
processname:editor groupname:editor pid:1728 channel:stdout
{"level":"info","ts":1743755690.5229042,"logger":"http.log.access.log0","msg":"handled request","request":{"remote_ip":"172.18.0.1","remote_port":"59208","client_ip":"172.18.0.1","proto":"HTTP/1.1","method":"GET","host":"localhost:8080","uri":"/api/v1/workspaces/67ef7a3f17ee9f609d553b3b/members","headers":{"Sec-Ch-Ua-Mobile":["?0"],"X-Xsrf-Token":["7863a868-431b-47eb-b783-567a29844d9e"],"Sec-Fetch-Mode":["cors"],"Connection":["keep-alive"],"X-Appsmith-Version":["v1.65"],"Sec-Fetch-Dest":["empty"],"Accept-Language":["tr-TR,tr;q=0.9,en-US;q=0.8,en;q=0.7"],"Sec-Ch-Ua-Platform":["\"Windows\""],"User-Agent":["Mozilla/5.0 (Windows NT 10.0; Win64; x64) AppleWebKit/537.36 (KHTML, like Gecko) Chrome/132.0.0.0 Safari/537.36 OPR/117.0.0.0"],"Sec-Fetch-Site":["same-origin"],"Accept-Encoding":["gzip, deflate, br, zstd"],"Referer":["http://localhost:8080/applications"],"Sec-Ch-Ua":["\"Not A(Brand\";v=\"8\", \"Chromium\";v=\"132\", \"Opera\";v=\"117\""],"Accept":["application/json, text/plain, */*"],"Timer":["14512.5"],"Cookie":["REDACTED"]}},"bytes_read":0,"user_id":"","duration":1.105131033,"size":437,"status":200,"resp_headers":{"Pragma":["no-cache"],"Expires":["0"],"X-Xss-Protection":["0"],"Content-Security-Policy":["frame-ancestors 'self' *"],"X-Content-Type-Options":["nosniff"],"Content-Length":["437"],"Cache-Control":["no-cache, no-store, max-age=0, must-revalidate"],"Referrer-Policy":["no-referrer"],"Content-Type":["application/json"],"X-Appsmith-Request-Id":["63abe13d-6dd9-4b43-84c9-149f21540d8c"],"X-Request-Id":["invalid_request_id"]},"uuid":"63abe13d-6dd9-4b43-84c9-149f21540d8c"}
READY
RESULT 1590
processname:editor groupname:editor pid:1728 channel:stderr
{"level":"debug","ts":1743755690.521819,"logger":"http.handlers.reverse_proxy","msg":"upstream roundtrip","upstream":"127.0.0.1:8080","duration":1.10338716,"request":{"remote_ip":"172.18.0.1","remote_port":"59208","client_ip":"172.18.0.1","proto":"HTTP/1.1","method":"GET","host":"localhost:8080","uri":"/api/v1/workspaces/67ef7a3f17ee9f609d553b3b/members","headers":{"Sec-Ch-Ua-Mobile":["?0"],"Sec-Fetch-Dest":["empty"],"X-Forwarded-For":["172.18.0.1"],"Sec-Ch-Ua-Platform":["\"Windows\""],"X-Request-Id":["invalid_request_id"],"X-Appsmith-Request-Id":["63abe13d-6dd9-4b43-84c9-149f21540d8c"],"User-Agent":["Mozilla/5.0 (Windows NT 10.0; Win64; x64) AppleWebKit/537.36 (KHTML, like Gecko) Chrome/132.0.0.0 Safari/537.36 OPR/117.0.0.0"],"Accept-Encoding":["gzip, deflate, br, zstd"],"X-Forwarded-Proto":["http"],"X-Forwarded-Host":["localhost:8080"],"Sec-Fetch-Site":["same-origin"],"Sec-Fetch-Mode":["cors"],"X-Xsrf-Token":["7863a868-431b-47eb-b783-567a29844d9e"],"Cookie":["REDACTED"],"Accept":["application/json, text/plain, */*"],"X-Appsmith-Version":["v1.65"],"Sec-Ch-Ua":["\"Not A(Brand\";v=\"8\", \"Chromium\";v=\"132\", \"Opera\";v=\"117\""],"Referer":["http://localhost:8080/applications"],"Timer":["14512.5"],"Accept-Language":["tr-TR,tr;q=0.9,en-US;q=0.8,en;q=0.7"]}},"headers":{"X-Xss-Protection":["0"],"Referrer-Policy":["no-referrer"],"Content-Type":["application/json"],"Content-Length":["437"],"Cache-Control":["no-cache, no-store, max-age=0, must-revalidate"],"Pragma":["no-cache"],"Expires":["0"]},"status":200}
READY
RESULT 1654
processname:editor groupname:editor pid:1728 channel:stdout
{"level":"info","ts":1743755690.6337085,"logger":"http.log.access.log0","msg":"handled request","request":{"remote_ip":"172.18.0.1","remote_port":"59194","client_ip":"172.18.0.1","proto":"HTTP/1.1","method":"GET","host":"localhost:8080","uri":"/api/v1/app-templates/filters","headers":{"Connection":["keep-alive"],"Sec-Fetch-Site":["same-origin"],"Sec-Ch-Ua-Mobile":["?0"],"Accept-Encoding":["gzip, deflate, br, zstd"],"Sec-Ch-Ua":["\"Not A(Brand\";v=\"8\", \"Chromium\";v=\"132\", \"Opera\";v=\"117\""],"Sec-Fetch-Mode":["cors"],"Sec-Fetch-Dest":["empty"],"Cookie":["REDACTED"],"Referer":["http://localhost:8080/applications"],"X-Xsrf-Token":["7863a868-431b-47eb-b783-567a29844d9e"],"Sec-Ch-Ua-Platform":["\"Windows\""],"X-Appsmith-Version":["v1.65"],"User-Agent":["Mozilla/5.0 (Windows NT 10.0; Win64; x64) AppleWebKit/537.36 (KHTML, like Gecko) Chrome/132.0.0.0 Safari/537.36 OPR/117.0.0.0"],"Timer":["14512.299999998882"],"Accept-Language":["tr-TR,tr;q=0.9,en-US;q=0.8,en;q=0.7"],"Accept":["application/json, text/plain, */*"]}},"bytes_read":0,"user_id":"","duration":1.232051515,"size":2255,"status":200,"resp_headers":{"Cache-Control":["no-cache, no-store, max-age=0, must-revalidate"],"Pragma":["no-cache"],"Expires":["0"],"X-Xss-Protection":["0"],"Referrer-Policy":["no-referrer"],"X-Request-Id":["invalid_request_id"],"Content-Length":["2255"],"Content-Security-Policy":["frame-ancestors 'self' *"],"Content-Type":["application/json"],"X-Content-Type-Options":["nosniff"],"X-Appsmith-Request-Id":["f02ff913-2268-442b-8af8-767793cec465"]},"uuid":"f02ff913-2268-442b-8af8-767793cec465"}
READY
RESULT 1582
processname:editor groupname:editor pid:1728 channel:stderr
{"level":"debug","ts":1743755690.6333947,"logger":"http.handlers.reverse_proxy","msg":"upstream roundtrip","upstream":"127.0.0.1:8080","duration":1.231224728,"request":{"remote_ip":"172.18.0.1","remote_port":"59194","client_ip":"172.18.0.1","proto":"HTTP/1.1","method":"GET","host":"localhost:8080","uri":"/api/v1/app-templates/filters","headers":{"Sec-Fetch-Dest":["empty"],"User-Agent":["Mozilla/5.0 (Windows NT 10.0; Win64; x64) AppleWebKit/537.36 (KHTML, like Gecko) Chrome/132.0.0.0 Safari/537.36 OPR/117.0.0.0"],"Cookie":["REDACTED"],"X-Forwarded-Proto":["http"],"Accept-Encoding":["gzip, deflate, br, zstd"],"Sec-Fetch-Site":["same-origin"],"Accept-Language":["tr-TR,tr;q=0.9,en-US;q=0.8,en;q=0.7"],"Accept":["application/json, text/plain, */*"],"X-Appsmith-Request-Id":["f02ff913-2268-442b-8af8-767793cec465"],"Sec-Ch-Ua-Mobile":["?0"],"Referer":["http://localhost:8080/applications"],"Sec-Ch-Ua-Platform":["\"Windows\""],"X-Forwarded-Host":["localhost:8080"],"X-Request-Id":["invalid_request_id"],"X-Xsrf-Token":["7863a868-431b-47eb-b783-567a29844d9e"],"Sec-Ch-Ua":["\"Not A(Brand\";v=\"8\", \"Chromium\";v=\"132\", \"Opera\";v=\"117\""],"Timer":["14512.299999998882"],"Sec-Fetch-Mode":["cors"],"X-Appsmith-Version":["v1.65"],"X-Forwarded-For":["172.18.0.1"]}},"headers":{"Pragma":["no-cache"],"Expires":["0"],"X-Xss-Protection":["0"],"Referrer-Policy":["no-referrer"],"Content-Type":["application/json"],"Content-Length":["2255"],"Cache-Control":["no-cache, no-store, max-age=0, must-revalidate"]},"status":200}
READY
RESULT 1687
processname:editor groupname:editor pid:1728 channel:stdout
{"level":"info","ts":1743755690.7310433,"logger":"http.log.access.log0","msg":"handled request","request":{"remote_ip":"172.18.0.1","remote_port":"59182","client_ip":"172.18.0.1","proto":"HTTP/1.1","method":"GET","host":"localhost:8080","uri":"/api/v1/applications/home?workspaceId=67ef7a3f17ee9f609d553b3b","headers":{"User-Agent":["Mozilla/5.0 (Windows NT 10.0; Win64; x64) AppleWebKit/537.36 (KHTML, like Gecko) Chrome/132.0.0.0 Safari/537.36 OPR/117.0.0.0"],"Connection":["keep-alive"],"X-Xsrf-Token":["7863a868-431b-47eb-b783-567a29844d9e"],"Cookie":["REDACTED"],"Sec-Fetch-Site":["same-origin"],"Sec-Ch-Ua-Platform":["\"Windows\""],"Accept":["application/json, text/plain, */*"],"Referer":["http://localhost:8080/applications"],"Accept-Encoding":["gzip, deflate, br, zstd"],"Sec-Ch-Ua-Mobile":["?0"],"Accept-Language":["tr-TR,tr;q=0.9,en-US;q=0.8,en;q=0.7"],"Sec-Fetch-Dest":["empty"],"X-Appsmith-Version":["v1.65"],"Sec-Ch-Ua":["\"Not A(Brand\";v=\"8\", \"Chromium\";v=\"132\", \"Opera\";v=\"117\""],"Timer":["14512.400000000373"],"Sec-Fetch-Mode":["cors"]}},"bytes_read":0,"user_id":"","duration":1.328855376,"size":1133,"status":200,"resp_headers":{"X-Request-Id":["invalid_request_id"],"Content-Type":["application/json"],"Expires":["0"],"X-Appsmith-Request-Id":["f04964c6-f954-493f-a747-9bbebbb70f1a"],"X-Content-Type-Options":["nosniff"],"X-Xss-Protection":["0"],"Referrer-Policy":["no-referrer"],"Content-Length":["1133"],"Cache-Control":["no-cache, no-store, max-age=0, must-revalidate"],"Pragma":["no-cache"],"Content-Security-Policy":["frame-ancestors 'self' *"]},"uuid":"f04964c6-f954-493f-a747-9bbebbb70f1a"}
READY
RESULT 1615
processname:editor groupname:editor pid:1728 channel:stderr
{"level":"debug","ts":1743755690.7308288,"logger":"http.handlers.reverse_proxy","msg":"upstream roundtrip","upstream":"127.0.0.1:8080","duration":1.328293885,"request":{"remote_ip":"172.18.0.1","remote_port":"59182","client_ip":"172.18.0.1","proto":"HTTP/1.1","method":"GET","host":"localhost:8080","uri":"/api/v1/applications/home?workspaceId=67ef7a3f17ee9f609d553b3b","headers":{"Timer":["14512.400000000373"],"Sec-Ch-Ua-Platform":["\"Windows\""],"Sec-Fetch-Dest":["empty"],"X-Forwarded-For":["172.18.0.1"],"Sec-Ch-Ua-Mobile":["?0"],"X-Forwarded-Host":["localhost:8080"],"User-Agent":["Mozilla/5.0 (Windows NT 10.0; Win64; x64) AppleWebKit/537.36 (KHTML, like Gecko) Chrome/132.0.0.0 Safari/537.36 OPR/117.0.0.0"],"X-Appsmith-Version":["v1.65"],"Sec-Ch-Ua":["\"Not A(Brand\";v=\"8\", \"Chromium\";v=\"132\", \"Opera\";v=\"117\""],"Accept":["application/json, text/plain, */*"],"Accept-Language":["tr-TR,tr;q=0.9,en-US;q=0.8,en;q=0.7"],"Sec-Fetch-Site":["same-origin"],"X-Appsmith-Request-Id":["f04964c6-f954-493f-a747-9bbebbb70f1a"],"Referer":["http://localhost:8080/applications"],"Accept-Encoding":["gzip, deflate, br, zstd"],"Sec-Fetch-Mode":["cors"],"Cookie":["REDACTED"],"X-Request-Id":["invalid_request_id"],"X-Xsrf-Token":["7863a868-431b-47eb-b783-567a29844d9e"],"X-Forwarded-Proto":["http"]}},"headers":{"Pragma":["no-cache"],"Expires":["0"],"X-Xss-Protection":["0"],"Referrer-Policy":["no-referrer"],"Content-Type":["application/json"],"Content-Length":["1133"],"Cache-Control":["no-cache, no-store, max-age=0, must-revalidate"]},"status":200}
READY
RESULT 460
processname:editor groupname:editor pid:1728 channel:stderr
{"level":"debug","ts":1743755692.861624,"logger":"http.handlers.file_server","msg":"sanitized path join","site_root":"/opt/appsmith/editor","fs":"","request_path":"/pageService.js","result":"/opt/appsmith/editor/pageService.js"}
{"level":"debug","ts":1743755692.8617718,"logger":"http.handlers.file_server","msg":"opening compressed sidecar file","filename":"/opt/appsmith/editor/pageService.js.br"}
READY
RESULT 1341
processname:editor groupname:editor pid:1728 channel:stdout
{"level":"info","ts":1743755692.862054,"logger":"http.log.access.log0","msg":"handled request","request":{"remote_ip":"172.18.0.1","remote_port":"59182","client_ip":"172.18.0.1","proto":"HTTP/1.1","method":"GET","host":"localhost:8080","uri":"/pageService.js","headers":{"If-Modified-Since":["Fri, 28 Mar 2025 09:55:02 GMT"],"Cookie":["REDACTED"],"User-Agent":["Mozilla/5.0 (Windows NT 10.0; Win64; x64) AppleWebKit/537.36 (KHTML, like Gecko) Chrome/132.0.0.0 Safari/537.36 OPR/117.0.0.0"],"Service-Worker":["script"],"Sec-Fetch-Dest":["serviceworker"],"Sec-Fetch-Mode":["same-origin"],"Accept":["*/*"],"Referer":["http://localhost:8080/pageService.js"],"Accept-Language":["tr-TR,tr;q=0.9,en-US;q=0.8,en;q=0.7"],"Connection":["keep-alive"],"Cache-Control":["max-age=0"],"Sec-Fetch-Site":["same-origin"],"If-None-Match":["\"d8rt4iuzon40c1h\""],"Accept-Encoding":["gzip, deflate, br, zstd"]}},"bytes_read":0,"user_id":"","duration":0.000653557,"size":0,"status":304,"resp_headers":{"X-Request-Id":["invalid_request_id"],"Vary":["Accept-Encoding"],"Content-Security-Policy":["frame-ancestors 'self' *"],"Etag":["\"d8rt4iuzon40c1h\""],"X-Appsmith-Request-Id":["e5a81543-8415-43f7-8479-88aae6803b9d"],"X-Content-Type-Options":["nosniff"]},"uuid":"e5a81543-8415-43f7-8479-88aae6803b9d"}
READY
RESULT 127
processname:redis groupname:redis pid:1718 channel:stdout
1718:M 04 Apr 2025 08:34:55.076 * 1 changes in 15 seconds. Saving...
READY
RESULT 130
processname:redis groupname:redis pid:1718 channel:stdout
1718:M 04 Apr 2025 08:34:55.077 * Background saving started by pid 2828
READY
RESULT 109
processname:redis groupname:redis pid:1718 channel:stdout
2828:C 04 Apr 2025 08:34:55.127 * DB saved on disk
READY
RESULT 134
processname:redis groupname:redis pid:1718 channel:stdout
2828:C 04 Apr 2025 08:34:55.128 * RDB: 0 MB of memory used by copy-on-write
READY
RESULT 134
processname:redis groupname:redis pid:1718 channel:stdout
1718:M 04 Apr 2025 08:34:55.177 * Background saving terminated with success
READY
RESULT 790
processname:editor groupname:editor pid:1728 channel:stderr
{"level":"debug","ts":1743755700.0745149,"logger":"http.handlers.rewrite","msg":"rewrote request","request":{"remote_ip":"::1","remote_port":"37338","client_ip":"::1","proto":"HTTP/1.1","method":"GET","host":"localhost","uri":"/index.html","headers":{"User-Agent":["curl/7.68.0"],"Accept":["*/*"],"X-Request-Id":["invalid_request_id"]}},"method":"GET","uri":"/index.html"}
{"level":"debug","ts":1743755700.0745926,"logger":"http.handlers.file_server","msg":"sanitized path join","site_root":"/tmp/appsmith/www","fs":"","request_path":"/index.html","result":"/tmp/appsmith/www/index.html"}
{"level":"debug","ts":1743755700.074634,"logger":"http.handlers.file_server","msg":"opening file","filename":"/tmp/appsmith/www/index.html"}
READY
RESULT 885
processname:editor groupname:editor pid:1728 channel:stdout
{"level":"info","ts":1743755700.0748677,"logger":"http.log.access.log0","msg":"handled request","request":{"remote_ip":"::1","remote_port":"37338","client_ip":"::1","proto":"HTTP/1.1","method":"GET","host":"localhost","uri":"/","headers":{"Accept":["*/*"],"User-Agent":["curl/7.68.0"]}},"bytes_read":0,"user_id":"","duration":0.00071762,"size":5571,"status":200,"resp_headers":{"Content-Security-Policy":["frame-ancestors 'self' *"],"X-Content-Type-Options":["nosniff"],"X-Request-Id":["invalid_request_id"],"Vary":["Accept-Encoding"],"Content-Length":["5571"],"Last-Modified":["Fri, 04 Apr 2025 08:17:24 GMT"],"Accept-Ranges":["bytes"],"X-Appsmith-Request-Id":["73c2b9cf-b7ee-4cd9-beea-ee6d3006768d"],"Etag":["\"d8xpfkul02cr4ar\""],"Content-Type":["text/html; charset=utf-8"]},"uuid":"73c2b9cf-b7ee-4cd9-beea-ee6d3006768d"}
READY
RESULT 290
processname:editor groupname:editor pid:1728 channel:stderr
{"level":"debug","ts":1743755715.5112717,"logger":"http.handlers.file_server","msg":"sanitized path join","site_root":"/opt/appsmith/editor","fs":"","request_path":"/pageService.js","result":"/opt/appsmith/editor/pageService.js"}
READY
RESULT 1342
processname:editor groupname:editor pid:1728 channel:stdout
{"level":"info","ts":1743755715.5124342,"logger":"http.log.access.log0","msg":"handled request","request":{"remote_ip":"172.18.0.1","remote_port":"38008","client_ip":"172.18.0.1","proto":"HTTP/1.1","method":"GET","host":"localhost:8080","uri":"/pageService.js","headers":{"If-Modified-Since":["Fri, 28 Mar 2025 09:55:02 GMT"],"Service-Worker":["script"],"Cache-Control":["max-age=0"],"If-None-Match":["\"d8rt4iuzon40c1h\""],"Connection":["keep-alive"],"User-Agent":["Mozilla/5.0 (Windows NT 10.0; Win64; x64) AppleWebKit/537.36 (KHTML, like Gecko) Chrome/132.0.0.0 Safari/537.36 OPR/117.0.0.0"],"Accept-Encoding":["gzip, deflate, br, zstd"],"Referer":["http://localhost:8080/pageService.js"],"Sec-Fetch-Site":["same-origin"],"Sec-Fetch-Mode":["same-origin"],"Sec-Fetch-Dest":["serviceworker"],"Cookie":["REDACTED"],"Accept":["*/*"],"Accept-Language":["tr-TR,tr;q=0.9,en-US;q=0.8,en;q=0.7"]}},"bytes_read":0,"user_id":"","duration":0.001374995,"size":0,"status":304,"resp_headers":{"Content-Security-Policy":["frame-ancestors 'self' *"],"Etag":["\"d8rt4iuzon40c1h\""],"X-Appsmith-Request-Id":["e1ed74f0-7315-40a1-ae1d-00de1035d6c3"],"X-Content-Type-Options":["nosniff"],"X-Request-Id":["invalid_request_id"],"Vary":["Accept-Encoding"]},"uuid":"e1ed74f0-7315-40a1-ae1d-00de1035d6c3"}
READY
RESULT 231
processname:editor groupname:editor pid:1728 channel:stderr
{"level":"debug","ts":1743755715.5114415,"logger":"http.handlers.file_server","msg":"opening compressed sidecar file","filename":"/opt/appsmith/editor/pageService.js.br"}
READY
RESULT 791
processname:editor groupname:editor pid:1728 channel:stderr
{"level":"debug","ts":1743755715.8899875,"logger":"http.handlers.rewrite","msg":"rewrote request","request":{"remote_ip":"::1","remote_port":"45300","client_ip":"::1","proto":"HTTP/1.1","method":"GET","host":"localhost","uri":"/index.html","headers":{"X-Request-Id":["invalid_request_id"],"User-Agent":["curl/7.68.0"],"Accept":["*/*"]}},"method":"GET","uri":"/index.html"}
{"level":"debug","ts":1743755715.8900826,"logger":"http.handlers.file_server","msg":"sanitized path join","site_root":"/tmp/appsmith/www","fs":"","request_path":"/index.html","result":"/tmp/appsmith/www/index.html"}
{"level":"debug","ts":1743755715.8901381,"logger":"http.handlers.file_server","msg":"opening file","filename":"/tmp/appsmith/www/index.html"}
READY
RESULT 885
processname:editor groupname:editor pid:1728 channel:stdout
{"level":"info","ts":1743755715.8905528,"logger":"http.log.access.log0","msg":"handled request","request":{"remote_ip":"::1","remote_port":"45300","client_ip":"::1","proto":"HTTP/1.1","method":"GET","host":"localhost","uri":"/","headers":{"User-Agent":["curl/7.68.0"],"Accept":["*/*"]}},"bytes_read":0,"user_id":"","duration":0.00105655,"size":5571,"status":200,"resp_headers":{"Vary":["Accept-Encoding"],"Etag":["\"d8xpfkul02cr4ar\""],"Content-Type":["text/html; charset=utf-8"],"Last-Modified":["Fri, 04 Apr 2025 08:17:24 GMT"],"Accept-Ranges":["bytes"],"Content-Length":["5571"],"X-Appsmith-Request-Id":["4d2b6154-4cf6-4dcb-94dd-f3757cd7fd8c"],"X-Request-Id":["invalid_request_id"],"Content-Security-Policy":["frame-ancestors 'self' *"],"X-Content-Type-Options":["nosniff"]},"uuid":"4d2b6154-4cf6-4dcb-94dd-f3757cd7fd8c"}
READY
RESULT 789
processname:editor groupname:editor pid:1728 channel:stderr
{"level":"debug","ts":1743755731.7527022,"logger":"http.handlers.rewrite","msg":"rewrote request","request":{"remote_ip":"::1","remote_port":"57768","client_ip":"::1","proto":"HTTP/1.1","method":"GET","host":"localhost","uri":"/index.html","headers":{"User-Agent":["curl/7.68.0"],"Accept":["*/*"],"X-Request-Id":["invalid_request_id"]}},"method":"GET","uri":"/index.html"}
{"level":"debug","ts":1743755731.752801,"logger":"http.handlers.file_server","msg":"sanitized path join","site_root":"/tmp/appsmith/www","fs":"","request_path":"/index.html","result":"/tmp/appsmith/www/index.html"}
{"level":"debug","ts":1743755731.752857,"logger":"http.handlers.file_server","msg":"opening file","filename":"/tmp/appsmith/www/index.html"}
READY
RESULT 885
processname:editor groupname:editor pid:1728 channel:stdout
{"level":"info","ts":1743755731.7532032,"logger":"http.log.access.log0","msg":"handled request","request":{"remote_ip":"::1","remote_port":"57768","client_ip":"::1","proto":"HTTP/1.1","method":"GET","host":"localhost","uri":"/","headers":{"Accept":["*/*"],"User-Agent":["curl/7.68.0"]}},"bytes_read":0,"user_id":"","duration":0.00094833,"size":5571,"status":200,"resp_headers":{"Last-Modified":["Fri, 04 Apr 2025 08:17:24 GMT"],"Content-Length":["5571"],"X-Request-Id":["invalid_request_id"],"Vary":["Accept-Encoding"],"Etag":["\"d8xpfkul02cr4ar\""],"Content-Security-Policy":["frame-ancestors 'self' *"],"X-Appsmith-Request-Id":["64e59987-64ff-420b-be5b-600fa0cb4139"],"X-Content-Type-Options":["nosniff"],"Content-Type":["text/html; charset=utf-8"],"Accept-Ranges":["bytes"]},"uuid":"64e59987-64ff-420b-be5b-600fa0cb4139"}
READY
RESULT 790
processname:editor groupname:editor pid:1728 channel:stderr
{"level":"debug","ts":1743755748.288383,"logger":"http.handlers.rewrite","msg":"rewrote request","request":{"remote_ip":"::1","remote_port":"33206","client_ip":"::1","proto":"HTTP/1.1","method":"GET","host":"localhost","uri":"/index.html","headers":{"User-Agent":["curl/7.68.0"],"Accept":["*/*"],"X-Request-Id":["invalid_request_id"]}},"method":"GET","uri":"/index.html"}
{"level":"debug","ts":1743755748.2884743,"logger":"http.handlers.file_server","msg":"sanitized path join","site_root":"/tmp/appsmith/www","fs":"","request_path":"/index.html","result":"/tmp/appsmith/www/index.html"}
{"level":"debug","ts":1743755748.2885196,"logger":"http.handlers.file_server","msg":"opening file","filename":"/tmp/appsmith/www/index.html"}
READY
RESULT 886
processname:editor groupname:editor pid:1728 channel:stdout
{"level":"info","ts":1743755748.2889323,"logger":"http.log.access.log0","msg":"handled request","request":{"remote_ip":"::1","remote_port":"33206","client_ip":"::1","proto":"HTTP/1.1","method":"GET","host":"localhost","uri":"/","headers":{"User-Agent":["curl/7.68.0"],"Accept":["*/*"]}},"bytes_read":0,"user_id":"","duration":0.001421477,"size":5571,"status":200,"resp_headers":{"Etag":["\"d8xpfkul02cr4ar\""],"Content-Type":["text/html; charset=utf-8"],"Content-Security-Policy":["frame-ancestors 'self' *"],"X-Appsmith-Request-Id":["16924cf5-36ce-4420-9308-4f8ae437e13e"],"X-Request-Id":["invalid_request_id"],"Accept-Ranges":["bytes"],"Content-Length":["5571"],"X-Content-Type-Options":["nosniff"],"Vary":["Accept-Encoding"],"Last-Modified":["Fri, 04 Apr 2025 08:17:24 GMT"]},"uuid":"16924cf5-36ce-4420-9308-4f8ae437e13e"}
READY
RESULT 790
processname:editor groupname:editor pid:1728 channel:stderr
{"level":"debug","ts":1743755763.972898,"logger":"http.handlers.rewrite","msg":"rewrote request","request":{"remote_ip":"::1","remote_port":"55018","client_ip":"::1","proto":"HTTP/1.1","method":"GET","host":"localhost","uri":"/index.html","headers":{"User-Agent":["curl/7.68.0"],"Accept":["*/*"],"X-Request-Id":["invalid_request_id"]}},"method":"GET","uri":"/index.html"}
{"level":"debug","ts":1743755763.9729908,"logger":"http.handlers.file_server","msg":"sanitized path join","site_root":"/tmp/appsmith/www","fs":"","request_path":"/index.html","result":"/tmp/appsmith/www/index.html"}
{"level":"debug","ts":1743755763.9730358,"logger":"http.handlers.file_server","msg":"opening file","filename":"/tmp/appsmith/www/index.html"}
READY
RESULT 886
processname:editor groupname:editor pid:1728 channel:stdout
{"level":"info","ts":1743755763.9733672,"logger":"http.log.access.log0","msg":"handled request","request":{"remote_ip":"::1","remote_port":"55018","client_ip":"::1","proto":"HTTP/1.1","method":"GET","host":"localhost","uri":"/","headers":{"User-Agent":["curl/7.68.0"],"Accept":["*/*"]}},"bytes_read":0,"user_id":"","duration":0.000913579,"size":5571,"status":200,"resp_headers":{"Vary":["Accept-Encoding"],"Etag":["\"d8xpfkul02cr4ar\""],"Content-Security-Policy":["frame-ancestors 'self' *"],"X-Content-Type-Options":["nosniff"],"X-Request-Id":["invalid_request_id"],"Accept-Ranges":["bytes"],"Content-Length":["5571"],"X-Appsmith-Request-Id":["6e440d9d-611f-4c41-a210-aaa6e2655d2c"],"Content-Type":["text/html; charset=utf-8"],"Last-Modified":["Fri, 04 Apr 2025 08:17:24 GMT"]},"uuid":"6e440d9d-611f-4c41-a210-aaa6e2655d2c"}
READY
RESULT 789
processname:editor groupname:editor pid:1728 channel:stderr
{"level":"debug","ts":1743755779.6758375,"logger":"http.handlers.rewrite","msg":"rewrote request","request":{"remote_ip":"::1","remote_port":"37938","client_ip":"::1","proto":"HTTP/1.1","method":"GET","host":"localhost","uri":"/index.html","headers":{"User-Agent":["curl/7.68.0"],"Accept":["*/*"],"X-Request-Id":["invalid_request_id"]}},"method":"GET","uri":"/index.html"}
{"level":"debug","ts":1743755779.675919,"logger":"http.handlers.file_server","msg":"sanitized path join","site_root":"/tmp/appsmith/www","fs":"","request_path":"/index.html","result":"/tmp/appsmith/www/index.html"}
{"level":"debug","ts":1743755779.675966,"logger":"http.handlers.file_server","msg":"opening file","filename":"/tmp/appsmith/www/index.html"}
READY
RESULT 884
processname:editor groupname:editor pid:1728 channel:stdout
{"level":"info","ts":1743755779.67632,"logger":"http.log.access.log0","msg":"handled request","request":{"remote_ip":"::1","remote_port":"37938","client_ip":"::1","proto":"HTTP/1.1","method":"GET","host":"localhost","uri":"/","headers":{"Accept":["*/*"],"User-Agent":["curl/7.68.0"]}},"bytes_read":0,"user_id":"","duration":0.000848147,"size":5571,"status":200,"resp_headers":{"Vary":["Accept-Encoding"],"Last-Modified":["Fri, 04 Apr 2025 08:17:24 GMT"],"X-Appsmith-Request-Id":["ab808723-d2e7-4305-8ad1-466d8a5ec5af"],"Content-Type":["text/html; charset=utf-8"],"Accept-Ranges":["bytes"],"Content-Length":["5571"],"X-Content-Type-Options":["nosniff"],"Content-Security-Policy":["frame-ancestors 'self' *"],"X-Request-Id":["invalid_request_id"],"Etag":["\"d8xpfkul02cr4ar\""]},"uuid":"ab808723-d2e7-4305-8ad1-466d8a5ec5af"}
READY
RESULT 791
processname:editor groupname:editor pid:1728 channel:stderr
{"level":"debug","ts":1743755795.1223218,"logger":"http.handlers.rewrite","msg":"rewrote request","request":{"remote_ip":"::1","remote_port":"36728","client_ip":"::1","proto":"HTTP/1.1","method":"GET","host":"localhost","uri":"/index.html","headers":{"User-Agent":["curl/7.68.0"],"Accept":["*/*"],"X-Request-Id":["invalid_request_id"]}},"method":"GET","uri":"/index.html"}
{"level":"debug","ts":1743755795.1224124,"logger":"http.handlers.file_server","msg":"sanitized path join","site_root":"/tmp/appsmith/www","fs":"","request_path":"/index.html","result":"/tmp/appsmith/www/index.html"}
{"level":"debug","ts":1743755795.1224556,"logger":"http.handlers.file_server","msg":"opening file","filename":"/tmp/appsmith/www/index.html"}
READY
RESULT 886
processname:editor groupname:editor pid:1728 channel:stdout
{"level":"info","ts":1743755795.1227098,"logger":"http.log.access.log0","msg":"handled request","request":{"remote_ip":"::1","remote_port":"36728","client_ip":"::1","proto":"HTTP/1.1","method":"GET","host":"localhost","uri":"/","headers":{"Accept":["*/*"],"User-Agent":["curl/7.68.0"]}},"bytes_read":0,"user_id":"","duration":0.000911129,"size":5571,"status":200,"resp_headers":{"X-Request-Id":["invalid_request_id"],"Vary":["Accept-Encoding"],"Last-Modified":["Fri, 04 Apr 2025 08:17:24 GMT"],"Content-Length":["5571"],"X-Appsmith-Request-Id":["c8594420-0311-4eac-9c49-bfd8929bbd76"],"X-Content-Type-Options":["nosniff"],"Etag":["\"d8xpfkul02cr4ar\""],"Content-Type":["text/html; charset=utf-8"],"Accept-Ranges":["bytes"],"Content-Security-Policy":["frame-ancestors 'self' *"]},"uuid":"c8594420-0311-4eac-9c49-bfd8929bbd76"}
READY
RESULT 790
processname:editor groupname:editor pid:1728 channel:stderr
{"level":"debug","ts":1743755810.5090985,"logger":"http.handlers.rewrite","msg":"rewrote request","request":{"remote_ip":"::1","remote_port":"37140","client_ip":"::1","proto":"HTTP/1.1","method":"GET","host":"localhost","uri":"/index.html","headers":{"User-Agent":["curl/7.68.0"],"Accept":["*/*"],"X-Request-Id":["invalid_request_id"]}},"method":"GET","uri":"/index.html"}
{"level":"debug","ts":1743755810.509166,"logger":"http.handlers.file_server","msg":"sanitized path join","site_root":"/tmp/appsmith/www","fs":"","request_path":"/index.html","result":"/tmp/appsmith/www/index.html"}
{"level":"debug","ts":1743755810.5091963,"logger":"http.handlers.file_server","msg":"opening file","filename":"/tmp/appsmith/www/index.html"}
READY
RESULT 886
processname:editor groupname:editor pid:1728 channel:stdout
{"level":"info","ts":1743755810.5095603,"logger":"http.log.access.log0","msg":"handled request","request":{"remote_ip":"::1","remote_port":"37140","client_ip":"::1","proto":"HTTP/1.1","method":"GET","host":"localhost","uri":"/","headers":{"User-Agent":["curl/7.68.0"],"Accept":["*/*"]}},"bytes_read":0,"user_id":"","duration":0.000785819,"size":5571,"status":200,"resp_headers":{"Content-Type":["text/html; charset=utf-8"],"Accept-Ranges":["bytes"],"Content-Security-Policy":["frame-ancestors 'self' *"],"X-Appsmith-Request-Id":["5745e29e-52ba-4e80-9e82-4a9c06acf429"],"X-Request-Id":["invalid_request_id"],"Vary":["Accept-Encoding"],"Etag":["\"d8xpfkul02cr4ar\""],"Last-Modified":["Fri, 04 Apr 2025 08:17:24 GMT"],"Content-Length":["5571"],"X-Content-Type-Options":["nosniff"]},"uuid":"5745e29e-52ba-4e80-9e82-4a9c06acf429"}
READY
RESULT 791
processname:editor groupname:editor pid:1728 channel:stderr
{"level":"debug","ts":1743755825.8854566,"logger":"http.handlers.rewrite","msg":"rewrote request","request":{"remote_ip":"::1","remote_port":"44128","client_ip":"::1","proto":"HTTP/1.1","method":"GET","host":"localhost","uri":"/index.html","headers":{"X-Request-Id":["invalid_request_id"],"User-Agent":["curl/7.68.0"],"Accept":["*/*"]}},"method":"GET","uri":"/index.html"}
{"level":"debug","ts":1743755825.8855174,"logger":"http.handlers.file_server","msg":"sanitized path join","site_root":"/tmp/appsmith/www","fs":"","request_path":"/index.html","result":"/tmp/appsmith/www/index.html"}
{"level":"debug","ts":1743755825.8855462,"logger":"http.handlers.file_server","msg":"opening file","filename":"/tmp/appsmith/www/index.html"}
READY
RESULT 885
processname:editor groupname:editor pid:1728 channel:stdout
{"level":"info","ts":1743755825.885816,"logger":"http.log.access.log0","msg":"handled request","request":{"remote_ip":"::1","remote_port":"44128","client_ip":"::1","proto":"HTTP/1.1","method":"GET","host":"localhost","uri":"/","headers":{"User-Agent":["curl/7.68.0"],"Accept":["*/*"]}},"bytes_read":0,"user_id":"","duration":0.000662232,"size":5571,"status":200,"resp_headers":{"X-Appsmith-Request-Id":["6a39c8d1-0bb4-4f26-b5f3-3d3f33e370e2"],"X-Request-Id":["invalid_request_id"],"Vary":["Accept-Encoding"],"Etag":["\"d8xpfkul02cr4ar\""],"Content-Type":["text/html; charset=utf-8"],"Last-Modified":["Fri, 04 Apr 2025 08:17:24 GMT"],"Accept-Ranges":["bytes"],"Content-Length":["5571"],"Content-Security-Policy":["frame-ancestors 'self' *"],"X-Content-Type-Options":["nosniff"]},"uuid":"6a39c8d1-0bb4-4f26-b5f3-3d3f33e370e2"}
READY
RESULT 789
processname:editor groupname:editor pid:1728 channel:stderr
{"level":"debug","ts":1743755841.321141,"logger":"http.handlers.rewrite","msg":"rewrote request","request":{"remote_ip":"::1","remote_port":"47296","client_ip":"::1","proto":"HTTP/1.1","method":"GET","host":"localhost","uri":"/index.html","headers":{"User-Agent":["curl/7.68.0"],"Accept":["*/*"],"X-Request-Id":["invalid_request_id"]}},"method":"GET","uri":"/index.html"}
{"level":"debug","ts":1743755841.3212254,"logger":"http.handlers.file_server","msg":"sanitized path join","site_root":"/tmp/appsmith/www","fs":"","request_path":"/index.html","result":"/tmp/appsmith/www/index.html"}
{"level":"debug","ts":1743755841.321274,"logger":"http.handlers.file_server","msg":"opening file","filename":"/tmp/appsmith/www/index.html"}
READY
RESULT 886
processname:editor groupname:editor pid:1728 channel:stdout
{"level":"info","ts":1743755841.3215952,"logger":"http.log.access.log0","msg":"handled request","request":{"remote_ip":"::1","remote_port":"47296","client_ip":"::1","proto":"HTTP/1.1","method":"GET","host":"localhost","uri":"/","headers":{"User-Agent":["curl/7.68.0"],"Accept":["*/*"]}},"bytes_read":0,"user_id":"","duration":0.000936486,"size":5571,"status":200,"resp_headers":{"Vary":["Accept-Encoding"],"Content-Type":["text/html; charset=utf-8"],"Last-Modified":["Fri, 04 Apr 2025 08:17:24 GMT"],"Content-Length":["5571"],"Content-Security-Policy":["frame-ancestors 'self' *"],"X-Appsmith-Request-Id":["d24ad542-9bcc-4b11-b3ac-5ad33cf85065"],"X-Content-Type-Options":["nosniff"],"X-Request-Id":["invalid_request_id"],"Etag":["\"d8xpfkul02cr4ar\""],"Accept-Ranges":["bytes"]},"uuid":"d24ad542-9bcc-4b11-b3ac-5ad33cf85065"}
READY
RESULT 790
processname:editor groupname:editor pid:1728 channel:stderr
{"level":"debug","ts":1743755856.820408,"logger":"http.handlers.rewrite","msg":"rewrote request","request":{"remote_ip":"::1","remote_port":"58252","client_ip":"::1","proto":"HTTP/1.1","method":"GET","host":"localhost","uri":"/index.html","headers":{"User-Agent":["curl/7.68.0"],"Accept":["*/*"],"X-Request-Id":["invalid_request_id"]}},"method":"GET","uri":"/index.html"}
{"level":"debug","ts":1743755856.8204877,"logger":"http.handlers.file_server","msg":"sanitized path join","site_root":"/tmp/appsmith/www","fs":"","request_path":"/index.html","result":"/tmp/appsmith/www/index.html"}
{"level":"debug","ts":1743755856.8205276,"logger":"http.handlers.file_server","msg":"opening file","filename":"/tmp/appsmith/www/index.html"}
READY
RESULT 886
processname:editor groupname:editor pid:1728 channel:stdout
{"level":"info","ts":1743755856.8208077,"logger":"http.log.access.log0","msg":"handled request","request":{"remote_ip":"::1","remote_port":"58252","client_ip":"::1","proto":"HTTP/1.1","method":"GET","host":"localhost","uri":"/","headers":{"User-Agent":["curl/7.68.0"],"Accept":["*/*"]}},"bytes_read":0,"user_id":"","duration":0.000781515,"size":5571,"status":200,"resp_headers":{"Content-Type":["text/html; charset=utf-8"],"Last-Modified":["Fri, 04 Apr 2025 08:17:24 GMT"],"Content-Length":["5571"],"X-Appsmith-Request-Id":["c68e1ab3-5dad-46c5-bb94-30766f42ed1b"],"X-Content-Type-Options":["nosniff"],"X-Request-Id":["invalid_request_id"],"Etag":["\"d8xpfkul02cr4ar\""],"Vary":["Accept-Encoding"],"Accept-Ranges":["bytes"],"Content-Security-Policy":["frame-ancestors 'self' *"]},"uuid":"c68e1ab3-5dad-46c5-bb94-30766f42ed1b"}
READY
RESULT 648
processname:editor groupname:editor pid:1728 channel:stderr
{"level":"debug","ts":1743755872.473804,"logger":"http.handlers.rewrite","msg":"rewrote request","request":{"remote_ip":"::1","remote_port":"39412","client_ip":"::1","proto":"HTTP/1.1","method":"GET","host":"localhost","uri":"/index.html","headers":{"User-Agent":["curl/7.68.0"],"Accept":["*/*"],"X-Request-Id":["invalid_request_id"]}},"method":"GET","uri":"/index.html"}
{"level":"debug","ts":1743755872.4745593,"logger":"http.handlers.file_server","msg":"sanitized path join","site_root":"/tmp/appsmith/www","fs":"","request_path":"/index.html","result":"/tmp/appsmith/www/index.html"}
READY
RESULT 886
processname:editor groupname:editor pid:1728 channel:stdout
{"level":"info","ts":1743755872.4771504,"logger":"http.log.access.log0","msg":"handled request","request":{"remote_ip":"::1","remote_port":"39412","client_ip":"::1","proto":"HTTP/1.1","method":"GET","host":"localhost","uri":"/","headers":{"Accept":["*/*"],"User-Agent":["curl/7.68.0"]}},"bytes_read":0,"user_id":"","duration":0.007480855,"size":5571,"status":200,"resp_headers":{"Accept-Ranges":["bytes"],"X-Content-Type-Options":["nosniff"],"X-Appsmith-Request-Id":["50ee106d-9409-43ec-82a6-c2097c57d818"],"Vary":["Accept-Encoding"],"Etag":["\"d8xpfkul02cr4ar\""],"Content-Type":["text/html; charset=utf-8"],"Last-Modified":["Fri, 04 Apr 2025 08:17:24 GMT"],"Content-Length":["5571"],"Content-Security-Policy":["frame-ancestors 'self' *"],"X-Request-Id":["invalid_request_id"]},"uuid":"50ee106d-9409-43ec-82a6-c2097c57d818"}
READY
RESULT 202
processname:editor groupname:editor pid:1728 channel:stderr
{"level":"debug","ts":1743755872.4767644,"logger":"http.handlers.file_server","msg":"opening file","filename":"/tmp/appsmith/www/index.html"}
READY
RESULT 790
processname:editor groupname:editor pid:1728 channel:stderr
{"level":"debug","ts":1743755888.5125117,"logger":"http.handlers.rewrite","msg":"rewrote request","request":{"remote_ip":"::1","remote_port":"49686","client_ip":"::1","proto":"HTTP/1.1","method":"GET","host":"localhost","uri":"/index.html","headers":{"Accept":["*/*"],"X-Request-Id":["invalid_request_id"],"User-Agent":["curl/7.68.0"]}},"method":"GET","uri":"/index.html"}
{"level":"debug","ts":1743755888.5125878,"logger":"http.handlers.file_server","msg":"sanitized path join","site_root":"/tmp/appsmith/www","fs":"","request_path":"/index.html","result":"/tmp/appsmith/www/index.html"}
{"level":"debug","ts":1743755888.512624,"logger":"http.handlers.file_server","msg":"opening file","filename":"/tmp/appsmith/www/index.html"}
READY
RESULT 886
processname:editor groupname:editor pid:1728 channel:stdout
{"level":"info","ts":1743755888.5128903,"logger":"http.log.access.log0","msg":"handled request","request":{"remote_ip":"::1","remote_port":"49686","client_ip":"::1","proto":"HTTP/1.1","method":"GET","host":"localhost","uri":"/","headers":{"User-Agent":["curl/7.68.0"],"Accept":["*/*"]}},"bytes_read":0,"user_id":"","duration":0.000725884,"size":5571,"status":200,"resp_headers":{"X-Request-Id":["invalid_request_id"],"Vary":["Accept-Encoding"],"Content-Type":["text/html; charset=utf-8"],"Last-Modified":["Fri, 04 Apr 2025 08:17:24 GMT"],"Accept-Ranges":["bytes"],"Content-Security-Policy":["frame-ancestors 'self' *"],"X-Appsmith-Request-Id":["d39264e3-faca-43bc-8ee3-032581adca12"],"Etag":["\"d8xpfkul02cr4ar\""],"Content-Length":["5571"],"X-Content-Type-Options":["nosniff"]},"uuid":"d39264e3-faca-43bc-8ee3-032581adca12"}
READY
RESULT 791
processname:editor groupname:editor pid:1728 channel:stderr
{"level":"debug","ts":1743755904.0701928,"logger":"http.handlers.rewrite","msg":"rewrote request","request":{"remote_ip":"::1","remote_port":"50060","client_ip":"::1","proto":"HTTP/1.1","method":"GET","host":"localhost","uri":"/index.html","headers":{"Accept":["*/*"],"X-Request-Id":["invalid_request_id"],"User-Agent":["curl/7.68.0"]}},"method":"GET","uri":"/index.html"}
{"level":"debug","ts":1743755904.0703006,"logger":"http.handlers.file_server","msg":"sanitized path join","site_root":"/tmp/appsmith/www","fs":"","request_path":"/index.html","result":"/tmp/appsmith/www/index.html"}
{"level":"debug","ts":1743755904.0703514,"logger":"http.handlers.file_server","msg":"opening file","filename":"/tmp/appsmith/www/index.html"}
READY
RESULT 886
processname:editor groupname:editor pid:1728 channel:stdout
{"level":"info","ts":1743755904.0707881,"logger":"http.log.access.log0","msg":"handled request","request":{"remote_ip":"::1","remote_port":"50060","client_ip":"::1","proto":"HTTP/1.1","method":"GET","host":"localhost","uri":"/","headers":{"User-Agent":["curl/7.68.0"],"Accept":["*/*"]}},"bytes_read":0,"user_id":"","duration":0.000952371,"size":5571,"status":200,"resp_headers":{"Content-Security-Policy":["frame-ancestors 'self' *"],"Vary":["Accept-Encoding"],"Last-Modified":["Fri, 04 Apr 2025 08:17:24 GMT"],"Accept-Ranges":["bytes"],"X-Content-Type-Options":["nosniff"],"X-Request-Id":["invalid_request_id"],"Etag":["\"d8xpfkul02cr4ar\""],"Content-Type":["text/html; charset=utf-8"],"Content-Length":["5571"],"X-Appsmith-Request-Id":["b3af5f95-5fe8-4206-996e-0c8f85a22e41"]},"uuid":"b3af5f95-5fe8-4206-996e-0c8f85a22e41"}
READY
RESULT 790
processname:editor groupname:editor pid:1728 channel:stderr
{"level":"debug","ts":1743755919.5030239,"logger":"http.handlers.rewrite","msg":"rewrote request","request":{"remote_ip":"::1","remote_port":"52010","client_ip":"::1","proto":"HTTP/1.1","method":"GET","host":"localhost","uri":"/index.html","headers":{"User-Agent":["curl/7.68.0"],"Accept":["*/*"],"X-Request-Id":["invalid_request_id"]}},"method":"GET","uri":"/index.html"}
{"level":"debug","ts":1743755919.503075,"logger":"http.handlers.file_server","msg":"sanitized path join","site_root":"/tmp/appsmith/www","fs":"","request_path":"/index.html","result":"/tmp/appsmith/www/index.html"}
{"level":"debug","ts":1743755919.5031273,"logger":"http.handlers.file_server","msg":"opening file","filename":"/tmp/appsmith/www/index.html"}
READY
RESULT 886
processname:editor groupname:editor pid:1728 channel:stdout
{"level":"info","ts":1743755919.5034425,"logger":"http.log.access.log0","msg":"handled request","request":{"remote_ip":"::1","remote_port":"52010","client_ip":"::1","proto":"HTTP/1.1","method":"GET","host":"localhost","uri":"/","headers":{"Accept":["*/*"],"User-Agent":["curl/7.68.0"]}},"bytes_read":0,"user_id":"","duration":0.000819371,"size":5571,"status":200,"resp_headers":{"X-Appsmith-Request-Id":["f242f966-60ca-43cd-b5c9-780d2e4fdac5"],"Vary":["Accept-Encoding"],"Last-Modified":["Fri, 04 Apr 2025 08:17:24 GMT"],"Etag":["\"d8xpfkul02cr4ar\""],"Content-Type":["text/html; charset=utf-8"],"Accept-Ranges":["bytes"],"Content-Length":["5571"],"Content-Security-Policy":["frame-ancestors 'self' *"],"X-Content-Type-Options":["nosniff"],"X-Request-Id":["invalid_request_id"]},"uuid":"f242f966-60ca-43cd-b5c9-780d2e4fdac5"}
READY
RESULT 790
processname:editor groupname:editor pid:1728 channel:stderr
{"level":"debug","ts":1743755935.3428977,"logger":"http.handlers.rewrite","msg":"rewrote request","request":{"remote_ip":"::1","remote_port":"59370","client_ip":"::1","proto":"HTTP/1.1","method":"GET","host":"localhost","uri":"/index.html","headers":{"User-Agent":["curl/7.68.0"],"Accept":["*/*"],"X-Request-Id":["invalid_request_id"]}},"method":"GET","uri":"/index.html"}
{"level":"debug","ts":1743755935.342983,"logger":"http.handlers.file_server","msg":"sanitized path join","site_root":"/tmp/appsmith/www","fs":"","request_path":"/index.html","result":"/tmp/appsmith/www/index.html"}
{"level":"debug","ts":1743755935.3430376,"logger":"http.handlers.file_server","msg":"opening file","filename":"/tmp/appsmith/www/index.html"}
READY
RESULT 885
processname:editor groupname:editor pid:1728 channel:stdout
{"level":"info","ts":1743755935.343546,"logger":"http.log.access.log0","msg":"handled request","request":{"remote_ip":"::1","remote_port":"59370","client_ip":"::1","proto":"HTTP/1.1","method":"GET","host":"localhost","uri":"/","headers":{"User-Agent":["curl/7.68.0"],"Accept":["*/*"]}},"bytes_read":0,"user_id":"","duration":0.001087392,"size":5571,"status":200,"resp_headers":{"Etag":["\"d8xpfkul02cr4ar\""],"Content-Type":["text/html; charset=utf-8"],"Last-Modified":["Fri, 04 Apr 2025 08:17:24 GMT"],"Accept-Ranges":["bytes"],"Content-Length":["5571"],"Content-Security-Policy":["frame-ancestors 'self' *"],"X-Request-Id":["invalid_request_id"],"Vary":["Accept-Encoding"],"X-Appsmith-Request-Id":["5860c01c-46fb-4694-81d4-5f473f60abbf"],"X-Content-Type-Options":["nosniff"]},"uuid":"5860c01c-46fb-4694-81d4-5f473f60abbf"}
READY
RESULT 790
processname:editor groupname:editor pid:1728 channel:stderr
{"level":"debug","ts":1743755951.6641772,"logger":"http.handlers.rewrite","msg":"rewrote request","request":{"remote_ip":"::1","remote_port":"47262","client_ip":"::1","proto":"HTTP/1.1","method":"GET","host":"localhost","uri":"/index.html","headers":{"User-Agent":["curl/7.68.0"],"Accept":["*/*"],"X-Request-Id":["invalid_request_id"]}},"method":"GET","uri":"/index.html"}
{"level":"debug","ts":1743755951.6642537,"logger":"http.handlers.file_server","msg":"sanitized path join","site_root":"/tmp/appsmith/www","fs":"","request_path":"/index.html","result":"/tmp/appsmith/www/index.html"}
{"level":"debug","ts":1743755951.664309,"logger":"http.handlers.file_server","msg":"opening file","filename":"/tmp/appsmith/www/index.html"}
READY
RESULT 885
processname:editor groupname:editor pid:1728 channel:stdout
{"level":"info","ts":1743755951.664704,"logger":"http.log.access.log0","msg":"handled request","request":{"remote_ip":"::1","remote_port":"47262","client_ip":"::1","proto":"HTTP/1.1","method":"GET","host":"localhost","uri":"/","headers":{"User-Agent":["curl/7.68.0"],"Accept":["*/*"]}},"bytes_read":0,"user_id":"","duration":0.000978767,"size":5571,"status":200,"resp_headers":{"Content-Type":["text/html; charset=utf-8"],"Content-Length":["5571"],"X-Content-Type-Options":["nosniff"],"Vary":["Accept-Encoding"],"Etag":["\"d8xpfkul02cr4ar\""],"Content-Security-Policy":["frame-ancestors 'self' *"],"X-Appsmith-Request-Id":["ab93f29a-8a2a-40b5-b1ef-c8221dd1f4fc"],"X-Request-Id":["invalid_request_id"],"Last-Modified":["Fri, 04 Apr 2025 08:17:24 GMT"],"Accept-Ranges":["bytes"]},"uuid":"ab93f29a-8a2a-40b5-b1ef-c8221dd1f4fc"}
READY
RESULT 791
processname:editor groupname:editor pid:1728 channel:stderr
{"level":"debug","ts":1743755967.5495243,"logger":"http.handlers.rewrite","msg":"rewrote request","request":{"remote_ip":"::1","remote_port":"51056","client_ip":"::1","proto":"HTTP/1.1","method":"GET","host":"localhost","uri":"/index.html","headers":{"X-Request-Id":["invalid_request_id"],"User-Agent":["curl/7.68.0"],"Accept":["*/*"]}},"method":"GET","uri":"/index.html"}
{"level":"debug","ts":1743755967.5495968,"logger":"http.handlers.file_server","msg":"sanitized path join","site_root":"/tmp/appsmith/www","fs":"","request_path":"/index.html","result":"/tmp/appsmith/www/index.html"}
{"level":"debug","ts":1743755967.5496328,"logger":"http.handlers.file_server","msg":"opening file","filename":"/tmp/appsmith/www/index.html"}
READY
RESULT 886
processname:editor groupname:editor pid:1728 channel:stdout
{"level":"info","ts":1743755967.5499017,"logger":"http.log.access.log0","msg":"handled request","request":{"remote_ip":"::1","remote_port":"51056","client_ip":"::1","proto":"HTTP/1.1","method":"GET","host":"localhost","uri":"/","headers":{"User-Agent":["curl/7.68.0"],"Accept":["*/*"]}},"bytes_read":0,"user_id":"","duration":0.000757486,"size":5571,"status":200,"resp_headers":{"Last-Modified":["Fri, 04 Apr 2025 08:17:24 GMT"],"Accept-Ranges":["bytes"],"X-Appsmith-Request-Id":["e02b7cff-5510-4740-baec-c33d0d5c11bf"],"X-Content-Type-Options":["nosniff"],"Vary":["Accept-Encoding"],"Content-Type":["text/html; charset=utf-8"],"Content-Length":["5571"],"Content-Security-Policy":["frame-ancestors 'self' *"],"X-Request-Id":["invalid_request_id"],"Etag":["\"d8xpfkul02cr4ar\""]},"uuid":"e02b7cff-5510-4740-baec-c33d0d5c11bf"}
READY
RESULT 791
processname:editor groupname:editor pid:1728 channel:stderr
{"level":"debug","ts":1743755983.1997292,"logger":"http.handlers.rewrite","msg":"rewrote request","request":{"remote_ip":"::1","remote_port":"56666","client_ip":"::1","proto":"HTTP/1.1","method":"GET","host":"localhost","uri":"/index.html","headers":{"X-Request-Id":["invalid_request_id"],"User-Agent":["curl/7.68.0"],"Accept":["*/*"]}},"method":"GET","uri":"/index.html"}
{"level":"debug","ts":1743755983.1997793,"logger":"http.handlers.file_server","msg":"sanitized path join","site_root":"/tmp/appsmith/www","fs":"","request_path":"/index.html","result":"/tmp/appsmith/www/index.html"}
{"level":"debug","ts":1743755983.1998153,"logger":"http.handlers.file_server","msg":"opening file","filename":"/tmp/appsmith/www/index.html"}
READY
RESULT 886
processname:editor groupname:editor pid:1728 channel:stdout
{"level":"info","ts":1743755983.2001958,"logger":"http.log.access.log0","msg":"handled request","request":{"remote_ip":"::1","remote_port":"56666","client_ip":"::1","proto":"HTTP/1.1","method":"GET","host":"localhost","uri":"/","headers":{"User-Agent":["curl/7.68.0"],"Accept":["*/*"]}},"bytes_read":0,"user_id":"","duration":0.000803754,"size":5571,"status":200,"resp_headers":{"X-Request-Id":["invalid_request_id"],"Vary":["Accept-Encoding"],"Last-Modified":["Fri, 04 Apr 2025 08:17:24 GMT"],"Accept-Ranges":["bytes"],"X-Content-Type-Options":["nosniff"],"Etag":["\"d8xpfkul02cr4ar\""],"Content-Type":["text/html; charset=utf-8"],"Content-Length":["5571"],"Content-Security-Policy":["frame-ancestors 'self' *"],"X-Appsmith-Request-Id":["1cb361e1-a3c1-43b9-aa23-429ee27963ce"]},"uuid":"1cb361e1-a3c1-43b9-aa23-429ee27963ce"}
READY
RESULT 885
processname:editor groupname:editor pid:1728 channel:stdout
{"level":"info","ts":1743755998.601894,"logger":"http.log.access.log0","msg":"handled request","request":{"remote_ip":"::1","remote_port":"51872","client_ip":"::1","proto":"HTTP/1.1","method":"GET","host":"localhost","uri":"/","headers":{"Accept":["*/*"],"User-Agent":["curl/7.68.0"]}},"bytes_read":0,"user_id":"","duration":0.001001624,"size":5571,"status":200,"resp_headers":{"X-Content-Type-Options":["nosniff"],"Content-Security-Policy":["frame-ancestors 'self' *"],"X-Appsmith-Request-Id":["45331d34-aaf8-4aa6-ac62-e4c8114dcab3"],"X-Request-Id":["invalid_request_id"],"Vary":["Accept-Encoding"],"Etag":["\"d8xpfkul02cr4ar\""],"Content-Length":["5571"],"Content-Type":["text/html; charset=utf-8"],"Last-Modified":["Fri, 04 Apr 2025 08:17:24 GMT"],"Accept-Ranges":["bytes"]},"uuid":"45331d34-aaf8-4aa6-ac62-e4c8114dcab3"}
READY
RESULT 789
processname:editor groupname:editor pid:1728 channel:stderr
{"level":"debug","ts":1743755998.60148,"logger":"http.handlers.rewrite","msg":"rewrote request","request":{"remote_ip":"::1","remote_port":"51872","client_ip":"::1","proto":"HTTP/1.1","method":"GET","host":"localhost","uri":"/index.html","headers":{"User-Agent":["curl/7.68.0"],"Accept":["*/*"],"X-Request-Id":["invalid_request_id"]}},"method":"GET","uri":"/index.html"}
{"level":"debug","ts":1743755998.6015275,"logger":"http.handlers.file_server","msg":"sanitized path join","site_root":"/tmp/appsmith/www","fs":"","request_path":"/index.html","result":"/tmp/appsmith/www/index.html"}
{"level":"debug","ts":1743755998.6015632,"logger":"http.handlers.file_server","msg":"opening file","filename":"/tmp/appsmith/www/index.html"}
READY
RESULT 886
processname:editor groupname:editor pid:1728 channel:stdout
{"level":"info","ts":1743756014.2317414,"logger":"http.log.access.log0","msg":"handled request","request":{"remote_ip":"::1","remote_port":"47096","client_ip":"::1","proto":"HTTP/1.1","method":"GET","host":"localhost","uri":"/","headers":{"User-Agent":["curl/7.68.0"],"Accept":["*/*"]}},"bytes_read":0,"user_id":"","duration":0.000824864,"size":5571,"status":200,"resp_headers":{"Last-Modified":["Fri, 04 Apr 2025 08:17:24 GMT"],"X-Content-Type-Options":["nosniff"],"Content-Security-Policy":["frame-ancestors 'self' *"],"Content-Length":["5571"],"X-Appsmith-Request-Id":["2b2190c9-b513-4d90-9e2e-6111e4c492ec"],"X-Request-Id":["invalid_request_id"],"Vary":["Accept-Encoding"],"Etag":["\"d8xpfkul02cr4ar\""],"Content-Type":["text/html; charset=utf-8"],"Accept-Ranges":["bytes"]},"uuid":"2b2190c9-b513-4d90-9e2e-6111e4c492ec"}
READY
RESULT 790
processname:editor groupname:editor pid:1728 channel:stderr
{"level":"debug","ts":1743756014.2313232,"logger":"http.handlers.rewrite","msg":"rewrote request","request":{"remote_ip":"::1","remote_port":"47096","client_ip":"::1","proto":"HTTP/1.1","method":"GET","host":"localhost","uri":"/index.html","headers":{"User-Agent":["curl/7.68.0"],"Accept":["*/*"],"X-Request-Id":["invalid_request_id"]}},"method":"GET","uri":"/index.html"}
{"level":"debug","ts":1743756014.2314005,"logger":"http.handlers.file_server","msg":"sanitized path join","site_root":"/tmp/appsmith/www","fs":"","request_path":"/index.html","result":"/tmp/appsmith/www/index.html"}
{"level":"debug","ts":1743756014.231455,"logger":"http.handlers.file_server","msg":"opening file","filename":"/tmp/appsmith/www/index.html"}
READY
RESULT 791
processname:editor groupname:editor pid:1728 channel:stderr
{"level":"debug","ts":1743756029.8322449,"logger":"http.handlers.rewrite","msg":"rewrote request","request":{"remote_ip":"::1","remote_port":"46730","client_ip":"::1","proto":"HTTP/1.1","method":"GET","host":"localhost","uri":"/index.html","headers":{"Accept":["*/*"],"X-Request-Id":["invalid_request_id"],"User-Agent":["curl/7.68.0"]}},"method":"GET","uri":"/index.html"}
{"level":"debug","ts":1743756029.8323135,"logger":"http.handlers.file_server","msg":"sanitized path join","site_root":"/tmp/appsmith/www","fs":"","request_path":"/index.html","result":"/tmp/appsmith/www/index.html"}
{"level":"debug","ts":1743756029.8323758,"logger":"http.handlers.file_server","msg":"opening file","filename":"/tmp/appsmith/www/index.html"}
READY
RESULT 886
processname:editor groupname:editor pid:1728 channel:stdout
{"level":"info","ts":1743756029.8327868,"logger":"http.log.access.log0","msg":"handled request","request":{"remote_ip":"::1","remote_port":"46730","client_ip":"::1","proto":"HTTP/1.1","method":"GET","host":"localhost","uri":"/","headers":{"User-Agent":["curl/7.68.0"],"Accept":["*/*"]}},"bytes_read":0,"user_id":"","duration":0.001288104,"size":5571,"status":200,"resp_headers":{"Content-Security-Policy":["frame-ancestors 'self' *"],"Content-Type":["text/html; charset=utf-8"],"Etag":["\"d8xpfkul02cr4ar\""],"Last-Modified":["Fri, 04 Apr 2025 08:17:24 GMT"],"Accept-Ranges":["bytes"],"Content-Length":["5571"],"X-Appsmith-Request-Id":["6f5fd109-113a-4d88-a0c4-a8099b6f4624"],"X-Content-Type-Options":["nosniff"],"X-Request-Id":["invalid_request_id"],"Vary":["Accept-Encoding"]},"uuid":"6f5fd109-113a-4d88-a0c4-a8099b6f4624"}
READY
RESULT 790
processname:editor groupname:editor pid:1728 channel:stderr
{"level":"debug","ts":1743756045.7321086,"logger":"http.handlers.rewrite","msg":"rewrote request","request":{"remote_ip":"::1","remote_port":"57362","client_ip":"::1","proto":"HTTP/1.1","method":"GET","host":"localhost","uri":"/index.html","headers":{"Accept":["*/*"],"X-Request-Id":["invalid_request_id"],"User-Agent":["curl/7.68.0"]}},"method":"GET","uri":"/index.html"}
{"level":"debug","ts":1743756045.732194,"logger":"http.handlers.file_server","msg":"sanitized path join","site_root":"/tmp/appsmith/www","fs":"","request_path":"/index.html","result":"/tmp/appsmith/www/index.html"}
{"level":"debug","ts":1743756045.7322488,"logger":"http.handlers.file_server","msg":"opening file","filename":"/tmp/appsmith/www/index.html"}
READY
RESULT 885
processname:editor groupname:editor pid:1728 channel:stdout
{"level":"info","ts":1743756045.732584,"logger":"http.log.access.log0","msg":"handled request","request":{"remote_ip":"::1","remote_port":"57362","client_ip":"::1","proto":"HTTP/1.1","method":"GET","host":"localhost","uri":"/","headers":{"Accept":["*/*"],"User-Agent":["curl/7.68.0"]}},"bytes_read":0,"user_id":"","duration":0.000933586,"size":5571,"status":200,"resp_headers":{"Vary":["Accept-Encoding"],"Content-Type":["text/html; charset=utf-8"],"Accept-Ranges":["bytes"],"X-Content-Type-Options":["nosniff"],"Content-Security-Policy":["frame-ancestors 'self' *"],"X-Appsmith-Request-Id":["23bd4f1f-efe0-4fdc-8712-b83cd95fac8d"],"X-Request-Id":["invalid_request_id"],"Etag":["\"d8xpfkul02cr4ar\""],"Last-Modified":["Fri, 04 Apr 2025 08:17:24 GMT"],"Content-Length":["5571"]},"uuid":"23bd4f1f-efe0-4fdc-8712-b83cd95fac8d"}
READY
RESULT 790
processname:editor groupname:editor pid:1728 channel:stderr
{"level":"debug","ts":1743756061.3309228,"logger":"http.handlers.rewrite","msg":"rewrote request","request":{"remote_ip":"::1","remote_port":"52148","client_ip":"::1","proto":"HTTP/1.1","method":"GET","host":"localhost","uri":"/index.html","headers":{"User-Agent":["curl/7.68.0"],"Accept":["*/*"],"X-Request-Id":["invalid_request_id"]}},"method":"GET","uri":"/index.html"}
{"level":"debug","ts":1743756061.330995,"logger":"http.handlers.file_server","msg":"sanitized path join","site_root":"/tmp/appsmith/www","fs":"","request_path":"/index.html","result":"/tmp/appsmith/www/index.html"}
{"level":"debug","ts":1743756061.3310337,"logger":"http.handlers.file_server","msg":"opening file","filename":"/tmp/appsmith/www/index.html"}
READY
RESULT 883
processname:editor groupname:editor pid:1728 channel:stdout
{"level":"info","ts":1743756061.3313,"logger":"http.log.access.log0","msg":"handled request","request":{"remote_ip":"::1","remote_port":"52148","client_ip":"::1","proto":"HTTP/1.1","method":"GET","host":"localhost","uri":"/","headers":{"Accept":["*/*"],"User-Agent":["curl/7.68.0"]}},"bytes_read":0,"user_id":"","duration":0.000764765,"size":5571,"status":200,"resp_headers":{"X-Appsmith-Request-Id":["076dd899-9a96-49c7-b6e3-732f361a5959"],"X-Content-Type-Options":["nosniff"],"Content-Length":["5571"],"X-Request-Id":["invalid_request_id"],"Vary":["Accept-Encoding"],"Etag":["\"d8xpfkul02cr4ar\""],"Content-Type":["text/html; charset=utf-8"],"Last-Modified":["Fri, 04 Apr 2025 08:17:24 GMT"],"Accept-Ranges":["bytes"],"Content-Security-Policy":["frame-ancestors 'self' *"]},"uuid":"076dd899-9a96-49c7-b6e3-732f361a5959"}
READY
RESULT 137
processname:postgres groupname:postgres pid:1742 channel:stderr
2025-04-04 08:41:15.402 UTC [1742] LOG:  received smart shutdown request
READY
RESULT 189
processname:postgres groupname:postgres pid:1742 channel:stderr
2025-04-04 08:41:15.449 UTC [1742] LOG:  background worker "logical replication launcher" (PID 1794) exited with exit code 1
READY
RESULT 119
processname:postgres groupname:postgres pid:1742 channel:stderr
2025-04-04 08:41:15.450 UTC [1789] LOG:  shutting down
READY
RESULT 134
processname:postgres groupname:postgres pid:1742 channel:stderr
2025-04-04 08:41:16.299 UTC [1742] LOG:  database system is shut down
READY
RESULT 157
processname:editor groupname:editor pid:1728 channel:stderr
{"level":"info","ts":1743756076.3335907,"msg":"quitting process immediately","signal":"SIGQUIT"}
READY
RESULT 231
processname:backend groupname:backend pid:1723 channel:stdout
[2025-04-04 08:41:16,486] [SpringApplicationShutdownHook] requestId= userEmail= traceId= spanId= - Commencing graceful shutdown. Waiting for active requests to complete
READY
RESULT 173
processname:backend groupname:backend pid:1723 channel:stdout
[2025-04-04 08:41:16,532] [netty-shutdown] requestId= userEmail= traceId= spanId= - Graceful shutdown complete
READY
RESULT 297
processname:backend groupname:backend pid:1723 channel:stdout
[2025-04-04 08:41:18,946] [SpringApplicationShutdownHook] requestId= userEmail= traceId= spanId= - Invocation of destroy method failed on bean with name 'container': org.springframework.data.redis.RedisSystemException: Redis exception
READY
RESULT 131
processname:redis groupname:redis pid:1718 channel:stdout
1718:signal-handler (1743756084) Received SIGTERM scheduling shutdown...
READY
RESULT 199
processname:redis groupname:redis pid:1718 channel:stdout
1718:M 04 Apr 2025 08:41:24.303 # User requested shutdown...
1718:M 04 Apr 2025 08:41:24.303 * Saving the final RDB snapshot before exiting.
READY
RESULT 182
processname:redis groupname:redis pid:1718 channel:stdout
1718:M 04 Apr 2025 08:41:24.357 * DB saved on disk
1718:M 04 Apr 2025 08:41:24.357 # Redis is now ready to exit, bye bye...
READY
