READY
RESULT 965
processname:redis groupname:redis pid:1691 channel:stdout
1691:C 04 Apr 2025 16:16:41.319 # oO0OoO0OoO0Oo Redis is starting oO0OoO0OoO0Oo
1691:C 04 Apr 2025 16:16:41.319 # Redis version=5.0.7, bits=64, commit=00000000, modified=0, pid=1691, just started
1691:C 04 Apr 2025 16:16:41.319 # Configuration loaded
1691:M 04 Apr 2025 16:16:41.341 * Running mode=standalone, port=6379.
1691:M 04 Apr 2025 16:16:41.341 # Server initialized
1691:M 04 Apr 2025 16:16:41.341 # WARNING you have Transparent Huge Pages (THP) support enabled in your kernel. This will create latency and memory usage issues with Redis. To fix this issue run the command 'echo never > /sys/kernel/mm/transparent_hugepage/enabled' as root, and add it to your /etc/rc.local in order to retain the setting after a reboot. Redis must be restarted after THP is disabled.
1691:M 04 Apr 2025 16:16:41.373 * DB loaded from disk: 0.031 seconds
1691:M 04 Apr 2025 16:16:41.373 * Ready to accept connections
READY
RESULT 322
processname:mongodb groupname:mongodb pid:1692 channel:stdout
{"t":{"$date":"2025-04-04T16:16:41.530Z"},"s":"I",  "c":"CONTROL",  "id":20697,   "ctx":"-","msg":"Renamed existing log file","attr":{"oldLogPath":"/appsmith-stacks/logs/mongodb/db.log","newLogPath":"/appsmith-stacks/logs/mongodb/db.log.2025-04-04T16-16-41"}}
READY
RESULT 110
processname:rts groupname:rts pid:1696 channel:stdout
2025-04-04T16:16:41.415Z Load environment configuration
READY
RESULT 163
processname:backend groupname:backend pid:1700 channel:stdout
2025-04-04T16:16:41.502Z Load environment configuration
2025-04-04T16:16:41.600Z Running with mongo.
READY
RESULT 116
processname:editor groupname:editor pid:1708 channel:stdout
2025-04-04T16:16:41.559Z Load environment configuration
READY
RESULT 116
processname:backend groupname:backend pid:1700 channel:stdout
2025-04-04T16:16:41.666Z Waiting for RTS to start ...
READY
RESULT 336
processname:postgres groupname:postgres pid:1716 channel:stderr
2025-04-04 16:16:42.628 UTC [1716] LOG:  starting PostgreSQL 14.15 (Ubuntu 14.15-1.pgdg20.04+1) on x86_64-pc-linux-gnu, compiled by gcc (Ubuntu 9.4.0-1ubuntu1~20.04.2) 9.4.0, 64-bit
2025-04-04 16:16:42.628 UTC [1716] LOG:  listening on IPv4 address "127.0.0.1", port 5432
READY
RESULT 166
processname:postgres groupname:postgres pid:1716 channel:stderr
2025-04-04 16:16:42.746 UTC [1716] LOG:  listening on Unix socket "/var/run/postgresql/.s.PGSQL.5432"
READY
RESULT 116
processname:backend groupname:backend pid:1700 channel:stdout
2025-04-04T16:16:42.782Z Waiting for RTS to start ...
READY
RESULT 92
processname:editor groupname:editor pid:1708 channel:stdout
/tmp/appsmith/www /opt/appsmith
READY
RESULT 74
processname:editor groupname:editor pid:1708 channel:stdout
/opt/appsmith
READY
RESULT 165
processname:editor groupname:editor pid:1708 channel:stderr
{"level":"info","ts":1743783403.5073776,"msg":"using config from file","file":"/tmp/appsmith/Caddyfile"}
READY
RESULT 256
processname:editor groupname:editor pid:1708 channel:stderr
{"level":"warn","ts":1743783403.5545306,"msg":"The nested 'metrics' option inside `servers` is deprecated and will be removed in the next major version. Use the global 'metrics' option instead."}
READY
RESULT 154
processname:editor groupname:editor pid:1708 channel:stderr
{"level":"info","ts":1743783403.5859802,"msg":"adapted config to JSON","adapter":"caddyfile"}
READY
RESULT 162
processname:postgres groupname:postgres pid:1716 channel:stderr
2025-04-04 16:16:43.813 UTC [1797] LOG:  database system was shut down at 2025-04-04 16:16:39 UTC
READY
RESULT 116
processname:backend groupname:backend pid:1700 channel:stdout
2025-04-04T16:16:43.831Z Waiting for RTS to start ...
READY
RESULT 165
processname:editor groupname:editor pid:1708 channel:stderr
{"level":"info","ts":1743783403.9049585,"msg":"using config from file","file":"/tmp/appsmith/Caddyfile"}
READY
RESULT 256
processname:editor groupname:editor pid:1708 channel:stderr
{"level":"warn","ts":1743783403.9178357,"msg":"The nested 'metrics' option inside `servers` is deprecated and will be removed in the next major version. Use the global 'metrics' option instead."}
READY
RESULT 154
processname:editor groupname:editor pid:1708 channel:stderr
{"level":"info","ts":1743783403.9390154,"msg":"adapted config to JSON","adapter":"caddyfile"}
READY
RESULT 519
processname:editor groupname:editor pid:1708 channel:stderr
{"level":"info","ts":1743783403.944072,"logger":"admin","msg":"admin endpoint started","address":"0.0.0.0:2019","enforce_origin":false,"origins":["//0.0.0.0:2019"]}
{"level":"warn","ts":1743783403.944102,"logger":"admin","msg":"admin endpoint on open interface; host checking disabled","address":"0.0.0.0:2019"}
{"level":"info","ts":1743783403.945036,"logger":"tls.cache.maintenance","msg":"started background certificate maintenance","cache":"0xc000668500"}
READY
RESULT 268
processname:editor groupname:editor pid:1708 channel:stderr
{"level":"warn","ts":1743783403.9769912,"logger":"http.auto_https","msg":"server is listening only on the HTTP port, so no automatic HTTPS will be applied to this server","server_name":"srv0","http_port":80}
READY
RESULT 4447
processname:editor groupname:editor pid:1708 channel:stderr
{"level":"debug","ts":1743783403.9772823,"logger":"http.auto_https","msg":"adjusted config","tls":{"automation":{"policies":[{}]}},"http":{"servers":{"srv0":{"listen":[":80"],"routes":[{"handle":[{"handler":"vars","root":"/opt/appsmith/editor"}]},{"handle":[{"handler":"vars","log_skip":true}]},{"handle":[{"handler":"vars","log_skip":true}]},{"handle":[{"handler":"headers","response":{"set":{"X-Request-Id":["{http.request.header.X-Request-Id}"]}}}]},{"handle":[{"handler":"headers","response":{"set":{"X-Request-Id":["invalid_request_id"]}}}]},{"handle":[{"handler":"headers","response":{"set":{"Cache-Control":["public, max-age=31536000, immutable"]}}}]},{"handle":[{"handler":"headers","response":{"deferred":true,"delete":["Server"],"set":{"Content-Security-Policy":["frame-ancestors 'self' *"],"X-Appsmith-Request-Id":["{http.request.uuid}"],"X-Content-Type-Options":["nosniff"]}}},{"handler":"request_body","max_size":150000000}]},{"handle":[{"handler":"static_response","headers":{"Location":["/supervisor/"]},"status_code":302}]},{"handle":[{"handler":"rate_limit","rate_limits":{"dynamic_zone":{"key":"{http.request.header.Forwarded}+{http.request.header.X-Forwarded-For}+{http.request.remote.host}","max_events":100,"window":1000000000}}}]},{"handle":[{"handler":"headers","request":{"set":{"X-Request-Id":["invalid_request_id"]}}}]},{"handle":[{"handler":"headers","request":{"delete":["X-Appsmith-Request-Id"]}}]},{"group":"group8","handle":[{"handler":"subroute","routes":[{"handle":[{"canonical_uris":false,"handler":"file_server","hide":["/tmp/appsmith/Caddyfile"],"precompressed":{"br":{},"gzip":{}},"precompressed_order":["br","gzip"]}]}]}]},{"group":"group8","handle":[{"handler":"subroute","routes":[{"handle":[{"handler":"error","status_code":404}]}]}]},{"group":"group8","handle":[{"handler":"subroute","routes":[{"handle":[{"handler":"vars","root":"/opt/appsmith"}]},{"group":"group3","handle":[{"handler":"rewrite","uri":"/info.json"}]},{"handle":[{"canonical_uris":false,"handler":"file_server","hide":["/tmp/appsmith/Caddyfile"],"precompressed":{"br":{},"gzip":{}},"precompressed_order":["br","gzip"]}]}]}]},{"group":"group8","handle":[{"handler":"subroute","routes":[{"handle":[{"handler":"reverse_proxy","headers":{"request":{"delete":["Forwarded"],"set":{"X-Appsmith-Request-Id":["{http.request.uuid}"]}}},"upstreams":[{"dial":"127.0.0.1:8080"}]}]}]}]},{"group":"group8","handle":[{"handler":"subroute","routes":[{"handle":[{"handler":"rewrite","strip_path_prefix":"/supervisor"}]},{"handle":[{"handler":"reverse_proxy","headers":{"request":{"delete":["Forwarded"],"set":{"X-Appsmith-Request-Id":["{http.request.uuid}"]}}},"upstreams":[{"dial":"127.0.0.1:9001"}]}]}]}]},{"group":"group8","handle":[{"handler":"subroute","routes":[{"handle":[{"handler":"reverse_proxy","headers":{"request":{"delete":["Forwarded"],"set":{"X-Appsmith-Request-Id":["{http.request.uuid}"]}}},"upstreams":[{"dial":"127.0.0.1:8091"}]}]}]}]},{"group":"group8","handle":[{"handler":"subroute","routes":[{"handle":[{"handler":"vars","root":"/tmp/appsmith/www"}]},{"handle":[{"handler":"rewrite","uri":"{http.matchers.file.relative}"}],"match":[{"file":{"try_files":["/loading.html","/index.html"]}}]},{"handle":[{"canonical_uris":false,"handler":"file_server","hide":["/tmp/appsmith/Caddyfile"],"precompressed":{"br":{},"gzip":{}},"precompressed_order":["br","gzip"]}]}]}]}],"errors":{"routes":[{"handle":[{"handler":"headers","response":{"deferred":true,"delete":["Server","Cache-Control"]}},{"body":"{http.error.status_code} {http.error.status_text}","handler":"static_response","status_code":"{http.error.status_code}"}]}]},"automatic_https":{"disable":true},"trusted_proxies":{"ranges":["0.0.0.0/0"],"source":"static"},"logs":{"default_logger_name":"log0"}}},"metrics":{}}}
{"level":"debug","ts":1743783403.9804626,"logger":"http","msg":"starting server loop","address":"[::]:80","tls":false,"http3":false}
{"level":"warn","ts":1743783403.9804957,"logger":"http","msg":"HTTP/2 skipped because it requires TLS","network":"tcp","addr":":80"}
{"level":"warn","ts":1743783403.9805028,"logger":"http","msg":"HTTP/3 skipped because it requires TLS","network":"tcp","addr":":80"}
{"level":"info","ts":1743783403.9805102,"logger":"http.log","msg":"server running","name":"srv0","protocols":["h1","h2","h3"]}
{"level":"info","ts":1743783403.9805236,"msg":"serving initial configuration"}
READY
RESULT 105
processname:rts groupname:rts pid:1696 channel:stdout
RTS version v1.65 running at http://localhost:8091
READY
RESULT 341
processname:editor groupname:editor pid:1708 channel:stderr
{"level":"info","ts":1743783404.3301456,"logger":"tls","msg":"storage cleaning happened too recently; skipping for now","storage":"FileStorage:/appsmith-stacks/data/caddy","instance":"8ad3c58a-9f27-4a64-950d-6f48b7035dd5","try_again":1743869804.33014,"try_again_in":86399.9999992}
READY
RESULT 156
processname:editor groupname:editor pid:1708 channel:stderr
{"level":"info","ts":1743783404.3601584,"logger":"tls","msg":"finished cleaning storage units"}
READY
RESULT 152
processname:postgres groupname:postgres pid:1716 channel:stderr
2025-04-04 16:16:44.379 UTC [1716] LOG:  database system is ready to accept connections
READY
RESULT 78
processname:backend groupname:backend pid:1700 channel:stdout
{"success":true}READY
RESULT 100
processname:backend groupname:backend pid:1700 channel:stdout
2025-04-04T16:16:44.892Z RTS started.
READY
RESULT 118
processname:backend groupname:backend pid:1700 channel:stderr
SLF4J(W): Class path contains multiple SLF4J providers.
READY
RESULT 312
processname:backend groupname:backend pid:1700 channel:stderr
SLF4J(W): Found provider [ch.qos.logback.classic.spi.LogbackServiceProvider@7085bdee]
SLF4J(W): Found provider [org.slf4j.reload4j.Reload4jServiceProvider@1ce92674]
SLF4J(W): See https://www.slf4j.org/codes.html#multiple_bindings for an explanation.
READY
RESULT 160
processname:backend groupname:backend pid:1700 channel:stderr
SLF4J(I): Actual provider is of type [ch.qos.logback.classic.spi.LogbackServiceProvider@7085bdee]
READY
RESULT 799
processname:editor groupname:editor pid:1708 channel:stderr
{"level":"debug","ts":1743783409.9720476,"logger":"http.handlers.rewrite","msg":"rewrote request","request":{"remote_ip":"::1","remote_port":"33672","client_ip":"::1","proto":"HTTP/1.1","method":"GET","host":"localhost","uri":"/loading.html","headers":{"User-Agent":["curl/7.68.0"],"Accept":["*/*"],"X-Request-Id":["invalid_request_id"]}},"method":"GET","uri":"/loading.html"}
{"level":"debug","ts":1743783409.972159,"logger":"http.handlers.file_server","msg":"sanitized path join","site_root":"/tmp/appsmith/www","fs":"","request_path":"/loading.html","result":"/tmp/appsmith/www/loading.html"}
{"level":"debug","ts":1743783409.972208,"logger":"http.handlers.file_server","msg":"opening file","filename":"/tmp/appsmith/www/loading.html"}
READY
RESULT 886
processname:editor groupname:editor pid:1708 channel:stdout
{"level":"info","ts":1743783409.9777856,"logger":"http.log.access.log0","msg":"handled request","request":{"remote_ip":"::1","remote_port":"33672","client_ip":"::1","proto":"HTTP/1.1","method":"GET","host":"localhost","uri":"/","headers":{"User-Agent":["curl/7.68.0"],"Accept":["*/*"]}},"bytes_read":0,"user_id":"","duration":0.006287186,"size":2026,"status":200,"resp_headers":{"Content-Type":["text/html; charset=utf-8"],"Last-Modified":["Fri, 04 Apr 2025 16:16:28 GMT"],"Content-Security-Policy":["frame-ancestors 'self' *"],"X-Content-Type-Options":["nosniff"],"X-Request-Id":["invalid_request_id"],"Vary":["Accept-Encoding"],"Etag":["\"d8xzmdhf6cke1ka\""],"X-Appsmith-Request-Id":["30e67b2b-98b4-4507-83af-8b6b67205979"],"Accept-Ranges":["bytes"],"Content-Length":["2026"]},"uuid":"30e67b2b-98b4-4507-83af-8b6b67205979"}
READY
RESULT 288
processname:backend groupname:backend pid:1700 channel:stdout
[2025-04-04 16:16:54,148] [main] requestId= userEmail= traceId= spanId= - Starting ServerApplication vv1.65 using Java 17.0.9 with PID 1700 (/opt/appsmith/server/mongo/server.jar started by root in /opt/appsmith/server/mongo)
READY
RESULT 184
processname:backend groupname:backend pid:1700 channel:stdout
[2025-04-04 16:16:54,156] [main] requestId= userEmail= traceId= spanId= - Running with Spring Boot v3.3.3, Spring v6.1.12
READY
RESULT 184
processname:backend groupname:backend pid:1700 channel:stdout
[2025-04-04 16:16:54,162] [main] requestId= userEmail= traceId= spanId= - The following 1 profile is active: "production"
READY
RESULT 884
processname:editor groupname:editor pid:1708 channel:stdout
{"level":"info","ts":1743783416.786931,"logger":"http.log.access.log0","msg":"handled request","request":{"remote_ip":"::1","remote_port":"59692","client_ip":"::1","proto":"HTTP/1.1","method":"GET","host":"localhost","uri":"/","headers":{"Accept":["*/*"],"User-Agent":["curl/7.68.0"]}},"bytes_read":0,"user_id":"","duration":0.00088217,"size":2026,"status":200,"resp_headers":{"X-Request-Id":["invalid_request_id"],"Vary":["Accept-Encoding"],"Etag":["\"d8xzmdhf6cke1ka\""],"Last-Modified":["Fri, 04 Apr 2025 16:16:28 GMT"],"Content-Length":["2026"],"Content-Security-Policy":["frame-ancestors 'self' *"],"Content-Type":["text/html; charset=utf-8"],"Accept-Ranges":["bytes"],"X-Content-Type-Options":["nosniff"],"X-Appsmith-Request-Id":["2666bbfd-e83c-46bf-884c-459bd27e3694"]},"uuid":"2666bbfd-e83c-46bf-884c-459bd27e3694"}
READY
RESULT 801
processname:editor groupname:editor pid:1708 channel:stderr
{"level":"debug","ts":1743783416.7864554,"logger":"http.handlers.rewrite","msg":"rewrote request","request":{"remote_ip":"::1","remote_port":"59692","client_ip":"::1","proto":"HTTP/1.1","method":"GET","host":"localhost","uri":"/loading.html","headers":{"User-Agent":["curl/7.68.0"],"Accept":["*/*"],"X-Request-Id":["invalid_request_id"]}},"method":"GET","uri":"/loading.html"}
{"level":"debug","ts":1743783416.7865539,"logger":"http.handlers.file_server","msg":"sanitized path join","site_root":"/tmp/appsmith/www","fs":"","request_path":"/loading.html","result":"/tmp/appsmith/www/loading.html"}
{"level":"debug","ts":1743783416.7866154,"logger":"http.handlers.file_server","msg":"opening file","filename":"/tmp/appsmith/www/loading.html"}
READY
RESULT 886
processname:editor groupname:editor pid:1708 channel:stdout
{"level":"info","ts":1743783422.9309247,"logger":"http.log.access.log0","msg":"handled request","request":{"remote_ip":"::1","remote_port":"59698","client_ip":"::1","proto":"HTTP/1.1","method":"GET","host":"localhost","uri":"/","headers":{"User-Agent":["curl/7.68.0"],"Accept":["*/*"]}},"bytes_read":0,"user_id":"","duration":0.000993481,"size":2026,"status":200,"resp_headers":{"Content-Type":["text/html; charset=utf-8"],"Accept-Ranges":["bytes"],"Content-Length":["2026"],"Content-Security-Policy":["frame-ancestors 'self' *"],"X-Appsmith-Request-Id":["0f9450b5-2280-4753-9a61-a79c28ddce10"],"X-Request-Id":["invalid_request_id"],"Vary":["Accept-Encoding"],"Etag":["\"d8xzmdhf6cke1ka\""],"Last-Modified":["Fri, 04 Apr 2025 16:16:28 GMT"],"X-Content-Type-Options":["nosniff"]},"uuid":"0f9450b5-2280-4753-9a61-a79c28ddce10"}
READY
RESULT 798
processname:editor groupname:editor pid:1708 channel:stderr
{"level":"debug","ts":1743783422.930385,"logger":"http.handlers.rewrite","msg":"rewrote request","request":{"remote_ip":"::1","remote_port":"59698","client_ip":"::1","proto":"HTTP/1.1","method":"GET","host":"localhost","uri":"/loading.html","headers":{"User-Agent":["curl/7.68.0"],"Accept":["*/*"],"X-Request-Id":["invalid_request_id"]}},"method":"GET","uri":"/loading.html"}
{"level":"debug","ts":1743783422.930443,"logger":"http.handlers.file_server","msg":"sanitized path join","site_root":"/tmp/appsmith/www","fs":"","request_path":"/loading.html","result":"/tmp/appsmith/www/loading.html"}
{"level":"debug","ts":1743783422.930504,"logger":"http.handlers.file_server","msg":"opening file","filename":"/tmp/appsmith/www/loading.html"}
READY
RESULT 218
processname:backend groupname:backend pid:1700 channel:stdout
[2025-04-04 16:17:07,541] [main] requestId= userEmail= traceId= spanId= - Multiple Spring Data modules found, entering strict repository configuration mode
READY
RESULT 209
processname:backend groupname:backend pid:1700 channel:stdout
[2025-04-04 16:17:07,542] [main] requestId= userEmail= traceId= spanId= - Bootstrapping Spring Data Reactive MongoDB repositories in DEFAULT mode.
READY
RESULT 238
processname:backend groupname:backend pid:1700 channel:stdout
[2025-04-04 16:17:09,562] [main] requestId= userEmail= traceId= spanId= - Finished Spring Data repository scanning in 1999 ms. Found 45 Reactive MongoDB repository interfaces.
READY
RESULT 886
processname:editor groupname:editor pid:1708 channel:stdout
{"level":"info","ts":1743783439.5557046,"logger":"http.log.access.log0","msg":"handled request","request":{"remote_ip":"::1","remote_port":"46394","client_ip":"::1","proto":"HTTP/1.1","method":"GET","host":"localhost","uri":"/","headers":{"User-Agent":["curl/7.68.0"],"Accept":["*/*"]}},"bytes_read":0,"user_id":"","duration":0.000923025,"size":2026,"status":200,"resp_headers":{"X-Request-Id":["invalid_request_id"],"Etag":["\"d8xzmdhf6cke1ka\""],"Content-Type":["text/html; charset=utf-8"],"Last-Modified":["Fri, 04 Apr 2025 16:16:28 GMT"],"Accept-Ranges":["bytes"],"Content-Security-Policy":["frame-ancestors 'self' *"],"Vary":["Accept-Encoding"],"Content-Length":["2026"],"X-Appsmith-Request-Id":["eeb061ba-fda2-4af4-aad5-6e70903573f0"],"X-Content-Type-Options":["nosniff"]},"uuid":"eeb061ba-fda2-4af4-aad5-6e70903573f0"}
READY
RESULT 799
processname:editor groupname:editor pid:1708 channel:stderr
{"level":"debug","ts":1743783439.555242,"logger":"http.handlers.rewrite","msg":"rewrote request","request":{"remote_ip":"::1","remote_port":"46394","client_ip":"::1","proto":"HTTP/1.1","method":"GET","host":"localhost","uri":"/loading.html","headers":{"User-Agent":["curl/7.68.0"],"Accept":["*/*"],"X-Request-Id":["invalid_request_id"]}},"method":"GET","uri":"/loading.html"}
{"level":"debug","ts":1743783439.555302,"logger":"http.handlers.file_server","msg":"sanitized path join","site_root":"/tmp/appsmith/www","fs":"","request_path":"/loading.html","result":"/tmp/appsmith/www/loading.html"}
{"level":"debug","ts":1743783439.5554025,"logger":"http.handlers.file_server","msg":"opening file","filename":"/tmp/appsmith/www/loading.html"}
READY
RESULT 237
processname:backend groupname:backend pid:1700 channel:stdout
[2025-04-04 16:17:23,839] [main] requestId= userEmail= traceId= spanId= - Application started with build version v1.65, and commitSha 4a142af9e612d8ea5bd549541cb682c8842ca3db
READY
RESULT 170
processname:backend groupname:backend pid:1700 channel:stdout
[2025-04-04 16:17:24,156] [main] requestId= userEmail= traceId= spanId= - Found MongoDB uri configuring now
READY
RESULT 3013
processname:backend groupname:backend pid:1700 channel:stdout
[2025-04-04 16:17:26,566] [main] requestId= userEmail= traceId= spanId= - MongoClient with metadata {"driver": {"name": "mongo-java-driver|reactive-streams|spring-boot", "version": "5.0.1"}, "os": {"type": "Linux", "name": "Linux", "architecture": "amd64", "version": "5.15.167.4-microsoft-standard-WSL2"}, "platform": "Java/Eclipse Adoptium/17.0.9+9", "env": {"container": {"runtime": "docker"}}} created with settings MongoClientSettings{readPreference=primary, writeConcern=WriteConcern{w=null, wTimeout=null ms, journal=null}, retryWrites=true, retryReads=true, readConcern=ReadConcern{level=null}, credential=MongoCredential{mechanism=null, userName='appsmith', source='appsmith', password=<hidden>, mechanismProperties=<hidden>}, transportSettings=NettyTransportSettings{eventLoopGroup=io.netty.channel.nio.NioEventLoopGroup@4645a575, socketChannelClass=null, allocator=null, sslContext=null}, commandListeners=[io.micrometer.core.instrument.binder.mongodb.MongoMetricsCommandListener@240f712e], codecRegistry=ProvidersCodecRegistry{codecProviders=[ValueCodecProvider{}, BsonValueCodecProvider{}, DBRefCodecProvider{}, DBObjectCodecProvider{}, DocumentCodecProvider{}, CollectionCodecProvider{}, IterableCodecProvider{}, MapCodecProvider{}, GeoJsonCodecProvider{}, GridFSFileCodecProvider{}, Jsr310CodecProvider{}, JsonObjectCodecProvider{}, BsonCodecProvider{}, EnumCodecProvider{}, com.mongodb.client.model.mql.ExpressionCodecProvider@b332eda, com.mongodb.Jep395RecordCodecProvider@6bf70600, com.mongodb.KotlinCodecProvider@3ca5da54]}, loggerSettings=LoggerSettings{maxDocumentLength=1000}, clusterSettings={hosts=[localhost:27017], srvServiceName=mongodb, mode=SINGLE, requiredClusterType=UNKNOWN, requiredReplicaSetName='null', serverSelector='null', clusterListeners='[]', serverSelectionTimeout='30000 ms', localThreshold='15 ms'}, socketSettings=SocketSettings{connectTimeoutMS=10000, readTimeoutMS=0, receiveBufferSize=0, proxySettings=ProxySettings{host=null, port=null, username=null, password=null}}, heartbeatSocketSettings=SocketSettings{connectTimeoutMS=10000, readTimeoutMS=10000, receiveBufferSize=0, proxySettings=ProxySettings{host=null, port=null, username=null, password=null}}, connectionPoolSettings=ConnectionPoolSettings{maxSize=100, minSize=0, maxWaitTimeMS=120000, maxConnectionLifeTimeMS=0, maxConnectionIdleTimeMS=0, maintenanceInitialDelayMS=0, maintenanceFrequencyMS=60000, connectionPoolListeners=[io.micrometer.core.instrument.binder.mongodb.MongoMetricsConnectionPoolListener@46a9c368], maxConnecting=2}, serverSettings=ServerSettings{heartbeatFrequencyMS=10000, minHeartbeatFrequencyMS=500, serverListeners='[]', serverMonitorListeners='[]'}, sslSettings=SslSettings{enabled=false, invalidHostNameAllowed=false, context=null}, applicationName='null', compressorList=[], uuidRepresentation=JAVA_LEGACY, serverApi=null, autoEncryptionSettings=null, dnsClient=null, inetAddressResolver=null, contextProvider=null}
READY
RESULT 3604
processname:backend groupname:backend pid:1700 channel:stdout
[2025-04-04 16:17:26,672] [cluster-ClusterId{value='67f0061560a7976d269526c0', description='null'}-localhost:27017] requestId= userEmail= traceId= spanId= - Exception in monitor thread while connecting to server localhost:27017
com.mongodb.MongoSocketOpenException: Exception opening socket
	at com.mongodb.internal.connection.netty.NettyStream$OpenChannelFutureListener.lambda$operationComplete$1(NettyStream.java:527)
	at com.mongodb.internal.Locks.lambda$withLock$0(Locks.java:33)
	at com.mongodb.internal.Locks.checkedWithLock(Locks.java:45)
	at com.mongodb.internal.Locks.withLock(Locks.java:39)
	at com.mongodb.internal.Locks.withLock(Locks.java:32)
	at com.mongodb.internal.connection.netty.NettyStream$OpenChannelFutureListener.operationComplete(NettyStream.java:514)
	at com.mongodb.internal.connection.netty.NettyStream$OpenChannelFutureListener.operationComplete(NettyStream.java:500)
	at io.netty.util.concurrent.DefaultPromise.notifyListener0(DefaultPromise.java:590)
	at io.netty.util.concurrent.DefaultPromise.notifyListeners0(DefaultPromise.java:583)
	at io.netty.util.concurrent.DefaultPromise.notifyListenersNow(DefaultPromise.java:559)
	at io.netty.util.concurrent.DefaultPromise.notifyListeners(DefaultPromise.java:492)
	at io.netty.util.concurrent.DefaultPromise.setValue0(DefaultPromise.java:636)
	at io.netty.util.concurrent.DefaultPromise.setFailure0(DefaultPromise.java:629)
	at io.netty.util.concurrent.DefaultPromise.tryFailure(DefaultPromise.java:118)
	at io.netty.channel.nio.AbstractNioChannel$AbstractNioUnsafe.fulfillConnectPromise(AbstractNioChannel.java:326)
	at io.netty.channel.nio.AbstractNioChannel$AbstractNioUnsafe.finishConnect(AbstractNioChannel.java:342)
	at io.netty.channel.nio.NioEventLoop.processSelectedKey(NioEventLoop.java:776)
	at io.netty.channel.nio.NioEventLoop.processSelectedKeysOptimized(NioEventLoop.java:724)
	at io.netty.channel.nio.NioEventLoop.processSelectedKeys(NioEventLoop.java:650)
	at io.netty.channel.nio.NioEventLoop.run(NioEventLoop.java:562)
	at io.netty.util.concurrent.SingleThreadEventExecutor$4.run(SingleThreadEventExecutor.java:994)
	at io.netty.util.internal.ThreadExecutorMap$2.run(ThreadExecutorMap.java:74)
	at io.netty.util.concurrent.FastThreadLocalRunnable.run(FastThreadLocalRunnable.java:30)
	at java.base/java.lang.Thread.run(Thread.java:840)
Caused by: io.netty.channel.AbstractChannel$AnnotatedConnectException: Connection refused: localhost/[0:0:0:0:0:0:0:1]:27017
Caused by: java.net.ConnectException: Connection refused
	at java.base/sun.nio.ch.Net.pollConnect(Native Method)
	at java.base/sun.nio.ch.Net.pollConnectNow(Net.java:672)
	at java.base/sun.nio.ch.SocketChannelImpl.finishConnect(SocketChannelImpl.java:946)
	at io.netty.channel.socket.nio.NioSocketChannel.doFinishConnect(NioSocketChannel.java:336)
	at io.netty.channel.nio.AbstractNioChannel$AbstractNioUnsafe.finishConnect(AbstractNioChannel.java:339)
	at io.netty.channel.nio.NioEventLoop.processSelectedKey(NioEventLoop.java:776)
	at io.netty.channel.nio.NioEventLoop.processSelectedKeysOptimized(NioEventLoop.java:724)
	at io.netty.channel.nio.NioEventLoop.processSelectedKeys(NioEventLoop.java:650)
	at io.netty.channel.nio.NioEventLoop.run(NioEventLoop.java:562)
	at io.netty.util.concurrent.SingleThreadEventExecutor$4.run(SingleThreadEventExecutor.java:994)
	at io.netty.util.internal.ThreadExecutorMap$2.run(ThreadExecutorMap.java:74)
	at io.netty.util.concurrent.FastThreadLocalRunnable.run(FastThreadLocalRunnable.java:30)
	at java.base/java.lang.Thread.run(Thread.java:840)
READY
RESULT 886
processname:editor groupname:editor pid:1708 channel:stdout
{"level":"info","ts":1743783455.7067804,"logger":"http.log.access.log0","msg":"handled request","request":{"remote_ip":"::1","remote_port":"43528","client_ip":"::1","proto":"HTTP/1.1","method":"GET","host":"localhost","uri":"/","headers":{"Accept":["*/*"],"User-Agent":["curl/7.68.0"]}},"bytes_read":0,"user_id":"","duration":0.002383938,"size":2026,"status":200,"resp_headers":{"X-Appsmith-Request-Id":["5814acdb-8500-4e51-9f7d-cf3598b97c0b"],"X-Request-Id":["invalid_request_id"],"Vary":["Accept-Encoding"],"Last-Modified":["Fri, 04 Apr 2025 16:16:28 GMT"],"Accept-Ranges":["bytes"],"Content-Length":["2026"],"Content-Security-Policy":["frame-ancestors 'self' *"],"X-Content-Type-Options":["nosniff"],"Etag":["\"d8xzmdhf6cke1ka\""],"Content-Type":["text/html; charset=utf-8"]},"uuid":"5814acdb-8500-4e51-9f7d-cf3598b97c0b"}
READY
RESULT 801
processname:editor groupname:editor pid:1708 channel:stderr
{"level":"debug","ts":1743783455.7048054,"logger":"http.handlers.rewrite","msg":"rewrote request","request":{"remote_ip":"::1","remote_port":"43528","client_ip":"::1","proto":"HTTP/1.1","method":"GET","host":"localhost","uri":"/loading.html","headers":{"User-Agent":["curl/7.68.0"],"Accept":["*/*"],"X-Request-Id":["invalid_request_id"]}},"method":"GET","uri":"/loading.html"}
{"level":"debug","ts":1743783455.7048647,"logger":"http.handlers.file_server","msg":"sanitized path join","site_root":"/tmp/appsmith/www","fs":"","request_path":"/loading.html","result":"/tmp/appsmith/www/loading.html"}
{"level":"debug","ts":1743783455.7049167,"logger":"http.handlers.file_server","msg":"opening file","filename":"/tmp/appsmith/www/loading.html"}
READY
RESULT 3604
processname:backend groupname:backend pid:1700 channel:stdout
[2025-04-04 16:17:43,876] [cluster-ClusterId{value='67f0062760a7976d269526c1', description='null'}-localhost:27017] requestId= userEmail= traceId= spanId= - Exception in monitor thread while connecting to server localhost:27017
com.mongodb.MongoSocketOpenException: Exception opening socket
	at com.mongodb.internal.connection.netty.NettyStream$OpenChannelFutureListener.lambda$operationComplete$1(NettyStream.java:527)
	at com.mongodb.internal.Locks.lambda$withLock$0(Locks.java:33)
	at com.mongodb.internal.Locks.checkedWithLock(Locks.java:45)
	at com.mongodb.internal.Locks.withLock(Locks.java:39)
	at com.mongodb.internal.Locks.withLock(Locks.java:32)
	at com.mongodb.internal.connection.netty.NettyStream$OpenChannelFutureListener.operationComplete(NettyStream.java:514)
	at com.mongodb.internal.connection.netty.NettyStream$OpenChannelFutureListener.operationComplete(NettyStream.java:500)
	at io.netty.util.concurrent.DefaultPromise.notifyListener0(DefaultPromise.java:590)
	at io.netty.util.concurrent.DefaultPromise.notifyListeners0(DefaultPromise.java:583)
	at io.netty.util.concurrent.DefaultPromise.notifyListenersNow(DefaultPromise.java:559)
	at io.netty.util.concurrent.DefaultPromise.notifyListeners(DefaultPromise.java:492)
	at io.netty.util.concurrent.DefaultPromise.setValue0(DefaultPromise.java:636)
	at io.netty.util.concurrent.DefaultPromise.setFailure0(DefaultPromise.java:629)
	at io.netty.util.concurrent.DefaultPromise.tryFailure(DefaultPromise.java:118)
	at io.netty.channel.nio.AbstractNioChannel$AbstractNioUnsafe.fulfillConnectPromise(AbstractNioChannel.java:326)
	at io.netty.channel.nio.AbstractNioChannel$AbstractNioUnsafe.finishConnect(AbstractNioChannel.java:342)
	at io.netty.channel.nio.NioEventLoop.processSelectedKey(NioEventLoop.java:776)
	at io.netty.channel.nio.NioEventLoop.processSelectedKeysOptimized(NioEventLoop.java:724)
	at io.netty.channel.nio.NioEventLoop.processSelectedKeys(NioEventLoop.java:650)
	at io.netty.channel.nio.NioEventLoop.run(NioEventLoop.java:562)
	at io.netty.util.concurrent.SingleThreadEventExecutor$4.run(SingleThreadEventExecutor.java:994)
	at io.netty.util.internal.ThreadExecutorMap$2.run(ThreadExecutorMap.java:74)
	at io.netty.util.concurrent.FastThreadLocalRunnable.run(FastThreadLocalRunnable.java:30)
	at java.base/java.lang.Thread.run(Thread.java:840)
Caused by: io.netty.channel.AbstractChannel$AnnotatedConnectException: Connection refused: localhost/[0:0:0:0:0:0:0:1]:27017
Caused by: java.net.ConnectException: Connection refused
	at java.base/sun.nio.ch.Net.pollConnect(Native Method)
	at java.base/sun.nio.ch.Net.pollConnectNow(Net.java:672)
	at java.base/sun.nio.ch.SocketChannelImpl.finishConnect(SocketChannelImpl.java:946)
	at io.netty.channel.socket.nio.NioSocketChannel.doFinishConnect(NioSocketChannel.java:336)
	at io.netty.channel.nio.AbstractNioChannel$AbstractNioUnsafe.finishConnect(AbstractNioChannel.java:339)
	at io.netty.channel.nio.NioEventLoop.processSelectedKey(NioEventLoop.java:776)
	at io.netty.channel.nio.NioEventLoop.processSelectedKeysOptimized(NioEventLoop.java:724)
	at io.netty.channel.nio.NioEventLoop.processSelectedKeys(NioEventLoop.java:650)
	at io.netty.channel.nio.NioEventLoop.run(NioEventLoop.java:562)
	at io.netty.util.concurrent.SingleThreadEventExecutor$4.run(SingleThreadEventExecutor.java:994)
	at io.netty.util.internal.ThreadExecutorMap$2.run(ThreadExecutorMap.java:74)
	at io.netty.util.concurrent.FastThreadLocalRunnable.run(FastThreadLocalRunnable.java:30)
	at java.base/java.lang.Thread.run(Thread.java:840)
READY
RESULT 3001
processname:backend groupname:backend pid:1700 channel:stdout
[2025-04-04 16:17:43,895] [main] requestId= userEmail= traceId= spanId= - MongoClient with metadata {"driver": {"name": "mongo-java-driver|sync|spring-boot", "version": "5.0.1"}, "os": {"type": "Linux", "name": "Linux", "architecture": "amd64", "version": "5.15.167.4-microsoft-standard-WSL2"}, "platform": "Java/Eclipse Adoptium/17.0.9+9", "env": {"container": {"runtime": "docker"}}} created with settings MongoClientSettings{readPreference=primary, writeConcern=WriteConcern{w=null, wTimeout=null ms, journal=null}, retryWrites=true, retryReads=true, readConcern=ReadConcern{level=null}, credential=MongoCredential{mechanism=null, userName='appsmith', source='appsmith', password=<hidden>, mechanismProperties=<hidden>}, transportSettings=NettyTransportSettings{eventLoopGroup=io.netty.channel.nio.NioEventLoopGroup@5f18a661, socketChannelClass=null, allocator=null, sslContext=null}, commandListeners=[io.micrometer.core.instrument.binder.mongodb.MongoMetricsCommandListener@240f712e], codecRegistry=ProvidersCodecRegistry{codecProviders=[ValueCodecProvider{}, BsonValueCodecProvider{}, DBRefCodecProvider{}, DBObjectCodecProvider{}, DocumentCodecProvider{}, CollectionCodecProvider{}, IterableCodecProvider{}, MapCodecProvider{}, GeoJsonCodecProvider{}, GridFSFileCodecProvider{}, Jsr310CodecProvider{}, JsonObjectCodecProvider{}, BsonCodecProvider{}, EnumCodecProvider{}, com.mongodb.client.model.mql.ExpressionCodecProvider@b332eda, com.mongodb.Jep395RecordCodecProvider@6bf70600, com.mongodb.KotlinCodecProvider@3ca5da54]}, loggerSettings=LoggerSettings{maxDocumentLength=1000}, clusterSettings={hosts=[localhost:27017], srvServiceName=mongodb, mode=SINGLE, requiredClusterType=UNKNOWN, requiredReplicaSetName='null', serverSelector='null', clusterListeners='[]', serverSelectionTimeout='30000 ms', localThreshold='15 ms'}, socketSettings=SocketSettings{connectTimeoutMS=10000, readTimeoutMS=0, receiveBufferSize=0, proxySettings=ProxySettings{host=null, port=null, username=null, password=null}}, heartbeatSocketSettings=SocketSettings{connectTimeoutMS=10000, readTimeoutMS=10000, receiveBufferSize=0, proxySettings=ProxySettings{host=null, port=null, username=null, password=null}}, connectionPoolSettings=ConnectionPoolSettings{maxSize=100, minSize=0, maxWaitTimeMS=120000, maxConnectionLifeTimeMS=0, maxConnectionIdleTimeMS=0, maintenanceInitialDelayMS=0, maintenanceFrequencyMS=60000, connectionPoolListeners=[io.micrometer.core.instrument.binder.mongodb.MongoMetricsConnectionPoolListener@46a9c368], maxConnecting=2}, serverSettings=ServerSettings{heartbeatFrequencyMS=10000, minHeartbeatFrequencyMS=500, serverListeners='[]', serverMonitorListeners='[]'}, sslSettings=SslSettings{enabled=false, invalidHostNameAllowed=false, context=null}, applicationName='null', compressorList=[], uuidRepresentation=JAVA_LEGACY, serverApi=null, autoEncryptionSettings=null, dnsClient=null, inetAddressResolver=null, contextProvider=null}
READY
RESULT 885
processname:editor groupname:editor pid:1708 channel:stdout
{"level":"info","ts":1743783472.0033445,"logger":"http.log.access.log0","msg":"handled request","request":{"remote_ip":"::1","remote_port":"47734","client_ip":"::1","proto":"HTTP/1.1","method":"GET","host":"localhost","uri":"/","headers":{"User-Agent":["curl/7.68.0"],"Accept":["*/*"]}},"bytes_read":0,"user_id":"","duration":0.00071765,"size":2026,"status":200,"resp_headers":{"Vary":["Accept-Encoding"],"Etag":["\"d8xzmdhf6cke1ka\""],"X-Appsmith-Request-Id":["6d805da6-e2f7-4a02-85cb-15d57a5fc3f8"],"X-Content-Type-Options":["nosniff"],"Content-Security-Policy":["frame-ancestors 'self' *"],"X-Request-Id":["invalid_request_id"],"Content-Type":["text/html; charset=utf-8"],"Last-Modified":["Fri, 04 Apr 2025 16:16:28 GMT"],"Accept-Ranges":["bytes"],"Content-Length":["2026"]},"uuid":"6d805da6-e2f7-4a02-85cb-15d57a5fc3f8"}
READY
RESULT 800
processname:editor groupname:editor pid:1708 channel:stderr
{"level":"debug","ts":1743783472.0029657,"logger":"http.handlers.rewrite","msg":"rewrote request","request":{"remote_ip":"::1","remote_port":"47734","client_ip":"::1","proto":"HTTP/1.1","method":"GET","host":"localhost","uri":"/loading.html","headers":{"User-Agent":["curl/7.68.0"],"Accept":["*/*"],"X-Request-Id":["invalid_request_id"]}},"method":"GET","uri":"/loading.html"}
{"level":"debug","ts":1743783472.003102,"logger":"http.handlers.file_server","msg":"sanitized path join","site_root":"/tmp/appsmith/www","fs":"","request_path":"/loading.html","result":"/tmp/appsmith/www/loading.html"}
{"level":"debug","ts":1743783472.0031462,"logger":"http.handlers.file_server","msg":"opening file","filename":"/tmp/appsmith/www/loading.html"}
READY
RESULT 862
processname:backend groupname:backend pid:1700 channel:stdout
[2025-04-04 16:17:54,179] [cluster-ClusterId{value='67f0062760a7976d269526c1', description='null'}-localhost:27017] requestId= userEmail= traceId= spanId= - Monitor thread successfully connected to server with description ServerDescription{address=localhost:27017, type=REPLICA_SET_PRIMARY, state=CONNECTED, ok=true, minWireVersion=0, maxWireVersion=13, maxDocumentSize=16777216, logicalSessionTimeoutMinutes=30, roundTripTimeNanos=246710880, setName='mr1', canonicalAddress=localhost:27017, hosts=[localhost:27017], passives=[], arbiters=[], primary='localhost:27017', tagSet=TagSet{[]}, electionId=7fffffff0000000000000019, setVersion=1, topologyVersion=TopologyVersion{processId=67f005e969164ba170afa092, counter=6}, lastWriteDate=Fri Apr 04 16:17:52 UTC 2025, lastUpdateTimeNanos=23388184432647}
READY
RESULT 156
processname:backend groupname:backend pid:1700 channel:stdout
[2025-04-04 16:17:54,872] [main] requestId= userEmail= traceId= spanId= - Enabled plugins: []
READY
RESULT 157
processname:backend groupname:backend pid:1700 channel:stdout
[2025-04-04 16:17:54,872] [main] requestId= userEmail= traceId= spanId= - Disabled plugins: []
READY
RESULT 177
processname:backend groupname:backend pid:1700 channel:stdout
[2025-04-04 16:17:54,893] [main] requestId= userEmail= traceId= spanId= - PF4J version 3.10.0 in 'deployment' mode
READY
RESULT 862
processname:backend groupname:backend pid:1700 channel:stdout
[2025-04-04 16:17:56,932] [cluster-ClusterId{value='67f0061560a7976d269526c0', description='null'}-localhost:27017] requestId= userEmail= traceId= spanId= - Monitor thread successfully connected to server with description ServerDescription{address=localhost:27017, type=REPLICA_SET_PRIMARY, state=CONNECTED, ok=true, minWireVersion=0, maxWireVersion=13, maxDocumentSize=16777216, logicalSessionTimeoutMinutes=30, roundTripTimeNanos=114756892, setName='mr1', canonicalAddress=localhost:27017, hosts=[localhost:27017], passives=[], arbiters=[], primary='localhost:27017', tagSet=TagSet{[]}, electionId=7fffffff0000000000000019, setVersion=1, topologyVersion=TopologyVersion{processId=67f005e969164ba170afa092, counter=6}, lastWriteDate=Fri Apr 04 16:17:52 UTC 2025, lastUpdateTimeNanos=23390958423208}
READY
RESULT 185
processname:backend groupname:backend pid:1700 channel:stdout
[2025-04-04 16:17:58,247] [main] requestId= userEmail= traceId= spanId= - Plugin 'appsmithai-plugin@1.0-SNAPSHOT' resolved
READY
RESULT 179
processname:backend groupname:backend pid:1700 channel:stdout
[2025-04-04 16:17:58,248] [main] requestId= userEmail= traceId= spanId= - Plugin 'saas-plugin@1.0-SNAPSHOT' resolved
READY
RESULT 778
processname:backend groupname:backend pid:1700 channel:stdout
[2025-04-04 16:17:58,250] [main] requestId= userEmail= traceId= spanId= - Plugin 'google-sheets-plugin@1.0-SNAPSHOT' resolved
[2025-04-04 16:17:58,250] [main] requestId= userEmail= traceId= spanId= - Plugin 'js-plugin@1.0-SNAPSHOT' resolved
[2025-04-04 16:17:58,250] [main] requestId= userEmail= traceId= spanId= - Plugin 'smtp-plugin@1.0-SNAPSHOT' resolved
[2025-04-04 16:17:58,250] [main] requestId= userEmail= traceId= spanId= - Plugin 'oracle-plugin@1.0-SNAPSHOT' resolved
[2025-04-04 16:17:58,251] [main] requestId= userEmail= traceId= spanId= - Plugin 'amazons3-plugin@1.0-SNAPSHOT' resolved
[2025-04-04 16:17:58,251] [main] requestId= userEmail= traceId= spanId= - Plugin 'mysql-plugin@1.0-SNAPSHOT' resolved
READY
RESULT 1517
processname:backend groupname:backend pid:1700 channel:stdout
[2025-04-04 16:17:58,251] [main] requestId= userEmail= traceId= spanId= - Plugin 'restapi-plugin@1.0-SNAPSHOT' resolved
[2025-04-04 16:17:58,252] [main] requestId= userEmail= traceId= spanId= - Plugin 'postgres-plugin@1.0-SNAPSHOT' resolved
[2025-04-04 16:17:58,252] [main] requestId= userEmail= traceId= spanId= - Plugin 'googleai-plugin@1.0-SNAPSHOT' resolved
[2025-04-04 16:17:58,252] [main] requestId= userEmail= traceId= spanId= - Plugin 'snowflake-plugin@1.0-SNAPSHOT' resolved
[2025-04-04 16:17:58,252] [main] requestId= userEmail= traceId= spanId= - Plugin 'anthropic-plugin@1.0-SNAPSHOT' resolved
[2025-04-04 16:17:58,252] [main] requestId= userEmail= traceId= spanId= - Plugin 'elasticsearch-plugin@1.0-SNAPSHOT' resolved
[2025-04-04 16:17:58,252] [main] requestId= userEmail= traceId= spanId= - Plugin 'mssql-plugin@1.0-SNAPSHOT' resolved
[2025-04-04 16:17:58,252] [main] requestId= userEmail= traceId= spanId= - Plugin 'redshift-plugin@1.0-SNAPSHOT' resolved
[2025-04-04 16:17:58,252] [main] requestId= userEmail= traceId= spanId= - Plugin 'mongo-plugin@1.0-SNAPSHOT' resolved
[2025-04-04 16:17:58,252] [main] requestId= userEmail= traceId= spanId= - Plugin 'databricks-plugin@1.0-SNAPSHOT' resolved
[2025-04-04 16:17:58,253] [main] requestId= userEmail= traceId= spanId= - Plugin 'graphql-plugin@1.0-SNAPSHOT' resolved
[2025-04-04 16:17:58,253] [main] requestId= userEmail= traceId= spanId= - Plugin 'aws-lambda-plugin@1.0-SNAPSHOT' resolved
READY
RESULT 781
processname:backend groupname:backend pid:1700 channel:stdout
[2025-04-04 16:17:58,253] [main] requestId= userEmail= traceId= spanId= - Plugin 'openai-plugin@1.0-SNAPSHOT' resolved
[2025-04-04 16:17:58,253] [main] requestId= userEmail= traceId= spanId= - Plugin 'dynamo-plugin@1.0-SNAPSHOT' resolved
[2025-04-04 16:17:58,253] [main] requestId= userEmail= traceId= spanId= - Plugin 'arangodb-plugin@1.0-SNAPSHOT' resolved
[2025-04-04 16:17:58,253] [main] requestId= userEmail= traceId= spanId= - Plugin 'redis-plugin@1.0-SNAPSHOT' resolved
[2025-04-04 16:17:58,253] [main] requestId= userEmail= traceId= spanId= - Plugin 'firestore-plugin@1.0-SNAPSHOT' resolved
[2025-04-04 16:17:58,254] [main] requestId= userEmail= traceId= spanId= - Start plugin 'appsmithai-plugin@1.0-SNAPSHOT'
READY
RESULT 176
processname:backend groupname:backend pid:1700 channel:stdout
[2025-04-04 16:17:58,264] [main] requestId= userEmail= traceId= spanId= - Start plugin 'saas-plugin@1.0-SNAPSHOT'
READY
RESULT 185
processname:backend groupname:backend pid:1700 channel:stdout
[2025-04-04 16:17:58,267] [main] requestId= userEmail= traceId= spanId= - Start plugin 'google-sheets-plugin@1.0-SNAPSHOT'
READY
RESULT 174
processname:backend groupname:backend pid:1700 channel:stdout
[2025-04-04 16:17:58,282] [main] requestId= userEmail= traceId= spanId= - Start plugin 'js-plugin@1.0-SNAPSHOT'
READY
RESULT 176
processname:backend groupname:backend pid:1700 channel:stdout
[2025-04-04 16:17:58,285] [main] requestId= userEmail= traceId= spanId= - Start plugin 'smtp-plugin@1.0-SNAPSHOT'
READY
RESULT 178
processname:backend groupname:backend pid:1700 channel:stdout
[2025-04-04 16:17:58,289] [main] requestId= userEmail= traceId= spanId= - Start plugin 'oracle-plugin@1.0-SNAPSHOT'
READY
RESULT 180
processname:backend groupname:backend pid:1700 channel:stdout
[2025-04-04 16:17:58,301] [main] requestId= userEmail= traceId= spanId= - Start plugin 'amazons3-plugin@1.0-SNAPSHOT'
READY
RESULT 177
processname:backend groupname:backend pid:1700 channel:stdout
[2025-04-04 16:17:58,309] [main] requestId= userEmail= traceId= spanId= - Start plugin 'mysql-plugin@1.0-SNAPSHOT'
READY
RESULT 179
processname:backend groupname:backend pid:1700 channel:stdout
[2025-04-04 16:17:58,319] [main] requestId= userEmail= traceId= spanId= - Start plugin 'restapi-plugin@1.0-SNAPSHOT'
READY
RESULT 180
processname:backend groupname:backend pid:1700 channel:stdout
[2025-04-04 16:17:58,322] [main] requestId= userEmail= traceId= spanId= - Start plugin 'postgres-plugin@1.0-SNAPSHOT'
READY
RESULT 180
processname:backend groupname:backend pid:1700 channel:stdout
[2025-04-04 16:17:58,329] [main] requestId= userEmail= traceId= spanId= - Start plugin 'googleai-plugin@1.0-SNAPSHOT'
READY
RESULT 181
processname:backend groupname:backend pid:1700 channel:stdout
[2025-04-04 16:17:58,331] [main] requestId= userEmail= traceId= spanId= - Start plugin 'snowflake-plugin@1.0-SNAPSHOT'
READY
RESULT 181
processname:backend groupname:backend pid:1700 channel:stdout
[2025-04-04 16:17:58,366] [main] requestId= userEmail= traceId= spanId= - Start plugin 'anthropic-plugin@1.0-SNAPSHOT'
READY
RESULT 185
processname:backend groupname:backend pid:1700 channel:stdout
[2025-04-04 16:17:58,368] [main] requestId= userEmail= traceId= spanId= - Start plugin 'elasticsearch-plugin@1.0-SNAPSHOT'
READY
RESULT 177
processname:backend groupname:backend pid:1700 channel:stdout
[2025-04-04 16:17:58,370] [main] requestId= userEmail= traceId= spanId= - Start plugin 'mssql-plugin@1.0-SNAPSHOT'
READY
RESULT 180
processname:backend groupname:backend pid:1700 channel:stdout
[2025-04-04 16:17:58,377] [main] requestId= userEmail= traceId= spanId= - Start plugin 'redshift-plugin@1.0-SNAPSHOT'
READY
RESULT 177
processname:backend groupname:backend pid:1700 channel:stdout
[2025-04-04 16:17:58,383] [main] requestId= userEmail= traceId= spanId= - Start plugin 'mongo-plugin@1.0-SNAPSHOT'
READY
RESULT 182
processname:backend groupname:backend pid:1700 channel:stdout
[2025-04-04 16:17:58,394] [main] requestId= userEmail= traceId= spanId= - Start plugin 'databricks-plugin@1.0-SNAPSHOT'
READY
RESULT 179
processname:backend groupname:backend pid:1700 channel:stdout
[2025-04-04 16:17:58,406] [main] requestId= userEmail= traceId= spanId= - Start plugin 'graphql-plugin@1.0-SNAPSHOT'
READY
RESULT 182
processname:backend groupname:backend pid:1700 channel:stdout
[2025-04-04 16:17:58,410] [main] requestId= userEmail= traceId= spanId= - Start plugin 'aws-lambda-plugin@1.0-SNAPSHOT'
READY
RESULT 178
processname:backend groupname:backend pid:1700 channel:stdout
[2025-04-04 16:17:58,487] [main] requestId= userEmail= traceId= spanId= - Start plugin 'openai-plugin@1.0-SNAPSHOT'
READY
RESULT 178
processname:backend groupname:backend pid:1700 channel:stdout
[2025-04-04 16:17:58,491] [main] requestId= userEmail= traceId= spanId= - Start plugin 'dynamo-plugin@1.0-SNAPSHOT'
READY
RESULT 180
processname:backend groupname:backend pid:1700 channel:stdout
[2025-04-04 16:17:58,514] [main] requestId= userEmail= traceId= spanId= - Start plugin 'arangodb-plugin@1.0-SNAPSHOT'
READY
RESULT 177
processname:backend groupname:backend pid:1700 channel:stdout
[2025-04-04 16:17:58,518] [main] requestId= userEmail= traceId= spanId= - Start plugin 'redis-plugin@1.0-SNAPSHOT'
READY
RESULT 181
processname:backend groupname:backend pid:1700 channel:stdout
[2025-04-04 16:17:58,521] [main] requestId= userEmail= traceId= spanId= - Start plugin 'firestore-plugin@1.0-SNAPSHOT'
READY
RESULT 575
processname:backend groupname:backend pid:1700 channel:stdout
[2025-04-04 16:18:06,388] [main] requestId= userEmail= traceId= spanId= - A MeterFilter is being configured after a Meter has been registered to this registry. All MeterFilters should be configured before any Meters are registered. If that is not possible or you have a use case where it should be allowed, let the Micrometer maintainers know at https://github.com/micrometer-metrics/micrometer/issues/4920. Enable DEBUG level logging on this logger to see a stack trace of the call configuring this MeterFilter.
READY
RESULT 801
processname:editor groupname:editor pid:1708 channel:stderr
{"level":"debug","ts":1743783487.7278192,"logger":"http.handlers.rewrite","msg":"rewrote request","request":{"remote_ip":"::1","remote_port":"51298","client_ip":"::1","proto":"HTTP/1.1","method":"GET","host":"localhost","uri":"/loading.html","headers":{"User-Agent":["curl/7.68.0"],"Accept":["*/*"],"X-Request-Id":["invalid_request_id"]}},"method":"GET","uri":"/loading.html"}
{"level":"debug","ts":1743783487.7279015,"logger":"http.handlers.file_server","msg":"sanitized path join","site_root":"/tmp/appsmith/www","fs":"","request_path":"/loading.html","result":"/tmp/appsmith/www/loading.html"}
{"level":"debug","ts":1743783487.7279434,"logger":"http.handlers.file_server","msg":"opening file","filename":"/tmp/appsmith/www/loading.html"}
READY
RESULT 886
processname:editor groupname:editor pid:1708 channel:stdout
{"level":"info","ts":1743783487.7290218,"logger":"http.log.access.log0","msg":"handled request","request":{"remote_ip":"::1","remote_port":"51298","client_ip":"::1","proto":"HTTP/1.1","method":"GET","host":"localhost","uri":"/","headers":{"User-Agent":["curl/7.68.0"],"Accept":["*/*"]}},"bytes_read":0,"user_id":"","duration":0.001345749,"size":2026,"status":200,"resp_headers":{"X-Content-Type-Options":["nosniff"],"Content-Security-Policy":["frame-ancestors 'self' *"],"X-Request-Id":["invalid_request_id"],"Content-Type":["text/html; charset=utf-8"],"Last-Modified":["Fri, 04 Apr 2025 16:16:28 GMT"],"Content-Length":["2026"],"Vary":["Accept-Encoding"],"Etag":["\"d8xzmdhf6cke1ka\""],"Accept-Ranges":["bytes"],"X-Appsmith-Request-Id":["8556be15-1e46-48b7-bcad-b95502c5c1ce"]},"uuid":"8556be15-1e46-48b7-bcad-b95502c5c1ce"}
READY
RESULT 176
processname:backend groupname:backend pid:1700 channel:stdout
[2025-04-04 16:18:08,665] [main] requestId= userEmail= traceId= spanId= - Mongock runner COMMUNITY version[5.1.6]
READY
RESULT 597
processname:backend groupname:backend pid:1700 channel:stdout
[2025-04-04 16:18:08,665] [main] requestId= userEmail= traceId= spanId= - Running Mongock with NO metadata
[2025-04-04 16:18:08,666] [main] requestId= userEmail= traceId= spanId= - Property transaction-enabled not provided. It will become true as default in next versions. Set explicit value to false in case transaction are not desired.
[2025-04-04 16:18:08,666] [main] requestId= userEmail= traceId= spanId= - Property transaction-enabled not provided, but driver is transactionable. BY DEFAULT MONGOCK WILL RUN IN TRANSACTION MODE.
READY
RESULT 207
processname:backend groupname:backend pid:1700 channel:stdout
[2025-04-04 16:18:09,091] [main] requestId= userEmail= traceId= spanId= - Reflections took 366 ms to scan 1 urls, producing 6 keys and 86 values
READY
RESULT 207
processname:backend groupname:backend pid:1700 channel:stdout
[2025-04-04 16:18:09,264] [main] requestId= userEmail= traceId= spanId= - Reflections took 107 ms to scan 1 urls, producing 6 keys and 86 values
READY
RESULT 171
processname:backend groupname:backend pid:1700 channel:stdout
[2025-04-04 16:18:10,531] [main] requestId= userEmail= traceId= spanId= - Mongock trying to acquire the lock
READY
RESULT 198
processname:backend groupname:backend pid:1700 channel:stdout
[2025-04-04 16:18:10,802] [main] requestId= userEmail= traceId= spanId= - Mongock acquired the lock until: Fri Apr 04 16:19:10 UTC 2025
READY
RESULT 172
processname:backend groupname:backend pid:1700 channel:stdout
[2025-04-04 16:18:10,803] [Thread-3] requestId= userEmail= traceId= spanId= - Starting mongock lock daemon...
READY
RESULT 222
processname:backend groupname:backend pid:1700 channel:stdout
[2025-04-04 16:18:10,855] [main] requestId= userEmail= traceId= spanId= - Mongock starting the data migration sequence id[2025-04-04T16:18:08.430129910-177]...
READY
RESULT 284
processname:backend groupname:backend pid:1700 channel:stdout
[2025-04-04 16:18:10,867] [main] requestId= userEmail= traceId= spanId= - PASSED OVER - {"id"="initialize-schema-version", "type"="execution", "author"="", "class"="DatabaseChangelog0", "method"="initializeSchemaVersion"}
READY
RESULT 471
processname:backend groupname:backend pid:1700 channel:stdout
[2025-04-04 16:18:10,871] [main] requestId= userEmail= traceId= spanId= - PASSED OVER - {"id"="initial-plugins", "type"="execution", "author"="", "class"="DatabaseChangelog1", "method"="initialPlugins"}
[2025-04-04 16:18:10,871] [main] requestId= userEmail= traceId= spanId= - PASSED OVER - {"id"="initial-indexes", "type"="execution", "author"="", "class"="DatabaseChangelog1", "method"="addInitialIndexes"}
READY
RESULT 2470
processname:backend groupname:backend pid:1700 channel:stdout
[2025-04-04 16:18:10,871] [main] requestId= userEmail= traceId= spanId= - PASSED OVER - {"id"="set-initial-sequence-for-datasource", "type"="execution", "author"="", "class"="DatabaseChangelog1", "method"="setInitialSequenceForDatasource"}
[2025-04-04 16:18:10,871] [main] requestId= userEmail= traceId= spanId= - PASSED OVER - {"id"="set-plugin-image-and-docs-link", "type"="execution", "author"="", "class"="DatabaseChangelog1", "method"="setPluginImageAndDocsLink"}
[2025-04-04 16:18:10,871] [main] requestId= userEmail= traceId= spanId= - PASSED OVER - {"id"="install-mysql-plugins", "type"="execution", "author"="", "class"="DatabaseChangelog1", "method"="mysqlPlugin"}
[2025-04-04 16:18:10,872] [main] requestId= userEmail= traceId= spanId= - PASSED OVER - {"id"="update-database-documentation-links", "type"="execution", "author"="", "class"="DatabaseChangelog1", "method"="updateDatabaseDocumentationLinks"}
[2025-04-04 16:18:10,872] [main] requestId= userEmail= traceId= spanId= - PASSED OVER - {"id"="generate-unique-id-for-instance", "type"="execution", "author"="", "class"="DatabaseChangelog1", "method"="generateUniqueIdForInstance"}
[2025-04-04 16:18:10,872] [main] requestId= userEmail= traceId= spanId= - PASSED OVER - {"id"="fix-password-reset-token-expiration", "type"="execution", "author"="", "class"="DatabaseChangelog1", "method"="fixTokenExpiration"}
[2025-04-04 16:18:10,872] [main] requestId= userEmail= traceId= spanId= - PASSED OVER - {"id"="add-elastic-search-plugin", "type"="execution", "author"="", "class"="DatabaseChangelog1", "method"="addElasticSearchPlugin"}
[2025-04-04 16:18:10,872] [main] requestId= userEmail= traceId= spanId= - PASSED OVER - {"id"="add-dynamo-plugin", "type"="execution", "author"="", "class"="DatabaseChangelog1", "method"="addDynamoPlugin"}
[2025-04-04 16:18:10,872] [main] requestId= userEmail= traceId= spanId= - PASSED OVER - {"id"="use-png-logos", "type"="execution", "author"="", "class"="DatabaseChangelog1", "method"="usePngLogos"}
[2025-04-04 16:18:10,872] [main] requestId= userEmail= traceId= spanId= - PASSED OVER - {"id"="add-redis-plugin", "type"="execution", "author"="", "class"="DatabaseChangelog1", "method"="addRedisPlugin"}
[2025-04-04 16:18:10,872] [main] requestId= userEmail= traceId= spanId= - PASSED OVER - {"id"="add-msSql-plugin", "type"="execution", "author"="", "class"="DatabaseChangelog1", "method"="addMsSqlPlugin"}
READY
RESULT 3334
processname:backend groupname:backend pid:1700 channel:stdout
[2025-04-04 16:18:10,872] [main] requestId= userEmail= traceId= spanId= - PASSED OVER - {"id"="createNewPageIndexAfterDroppingNewPage", "type"="execution", "author"="", "class"="DatabaseChangelog1", "method"="addNewPageIndexAfterDroppingNewPage"}
[2025-04-04 16:18:10,872] [main] requestId= userEmail= traceId= spanId= - PASSED OVER - {"id"="createNewActionIndexAfterDroppingNewAction", "type"="execution", "author"="", "class"="DatabaseChangelog1", "method"="addNewActionIndexAfterDroppingNewAction"}
[2025-04-04 16:18:10,872] [main] requestId= userEmail= traceId= spanId= - PASSED OVER - {"id"="new-page-new-action-add-indexes", "type"="execution", "author"="", "class"="DatabaseChangelog1", "method"="addNewPageAndNewActionNewIndexes"}
[2025-04-04 16:18:10,873] [main] requestId= userEmail= traceId= spanId= - PASSED OVER - {"id"="update-action-index-to-single-multiple-indices", "type"="execution", "author"="", "class"="DatabaseChangelog1", "method"="updateActionIndexToSingleMultipleIndices"}
[2025-04-04 16:18:10,873] [main] requestId= userEmail= traceId= spanId= - PASSED OVER - {"id"="add-firestore-plugin", "type"="execution", "author"="", "class"="DatabaseChangelog1", "method"="addFirestorePlugin"}
[2025-04-04 16:18:10,873] [main] requestId= userEmail= traceId= spanId= - PASSED OVER - {"id"="add-redshift-plugin", "type"="execution", "author"="", "class"="DatabaseChangelog1", "method"="addRedshiftPlugin"}
[2025-04-04 16:18:10,873] [main] requestId= userEmail= traceId= spanId= - PASSED OVER - {"id"="clear-userdata-collection", "type"="execution", "author"="", "class"="DatabaseChangelog1", "method"="clearUserDataCollection"}
[2025-04-04 16:18:10,873] [main] requestId= userEmail= traceId= spanId= - PASSED OVER - {"id"="update-database-documentation-links-v1-2-1", "type"="execution", "author"="", "class"="DatabaseChangelog1", "method"="updateDatabaseDocumentationLinks_v1_2_1"}
[2025-04-04 16:18:10,873] [main] requestId= userEmail= traceId= spanId= - PASSED OVER - {"id"="add-amazons3-plugin", "type"="execution", "author"="", "class"="DatabaseChangelog1", "method"="addAmazonS3Plugin"}
[2025-04-04 16:18:10,873] [main] requestId= userEmail= traceId= spanId= - PASSED OVER - {"id"="update-plugin-datasource-form-components", "type"="execution", "author"="", "class"="DatabaseChangelog1", "method"="updatePluginDatasourceFormComponents"}
[2025-04-04 16:18:10,873] [main] requestId= userEmail= traceId= spanId= - PASSED OVER - {"id"="update-s3-datasource-configuration-and-label", "type"="execution", "author"="", "class"="DatabaseChangelog1", "method"="updateS3DatasourceConfigurationAndLabel"}
[2025-04-04 16:18:10,873] [main] requestId= userEmail= traceId= spanId= - PASSED OVER - {"id"="add-google-sheets-plugin", "type"="execution", "author"="", "class"="DatabaseChangelog1", "method"="addGoogleSheetsPlugin"}
[2025-04-04 16:18:10,873] [main] requestId= userEmail= traceId= spanId= - PASSED OVER - {"id"="mark-instance-unregistered", "type"="execution", "author"="", "class"="DatabaseChangelog1", "method"="markInstanceAsUnregistered"}
[2025-04-04 16:18:10,873] [main] requestId= userEmail= traceId= spanId= - PASSED OVER - {"id"="add-snowflake-plugin", "type"="execution", "author"="", "class"="DatabaseChangelog1", "method"="addSnowflakePlugin"}
READY
RESULT 1709
processname:backend groupname:backend pid:1700 channel:stdout
[2025-04-04 16:18:10,874] [main] requestId= userEmail= traceId= spanId= - PASSED OVER - {"id"="add-arangodb-plugin", "type"="execution", "author"="", "class"="DatabaseChangelog1", "method"="addArangoDBPlugin"}
[2025-04-04 16:18:10,874] [main] requestId= userEmail= traceId= spanId= - PASSED OVER - {"id"="set-svg-logo-to-plugins", "type"="execution", "author"="", "class"="DatabaseChangelog1", "method"="setSvgLogoToPluginIcons"}
[2025-04-04 16:18:10,874] [main] requestId= userEmail= traceId= spanId= - PASSED OVER - {"id"="create-plugin-reference-for-genarate-CRUD-page", "type"="execution", "author"="", "class"="DatabaseChangelog1", "method"="createPluginReferenceForGenerateCRUDPage"}
[2025-04-04 16:18:10,874] [main] requestId= userEmail= traceId= spanId= - PASSED OVER - {"id"="create-plugin-reference-for-S3-GSheet-genarate-CRUD-page", "type"="execution", "author"="", "class"="DatabaseChangelog1", "method"="createPluginReferenceForS3AndGSheetGenerateCRUDPage"}
[2025-04-04 16:18:10,874] [main] requestId= userEmail= traceId= spanId= - PASSED OVER - {"id"="add-js-plugin", "type"="execution", "author"="", "class"="DatabaseChangelog1", "method"="addJSPlugin"}
[2025-04-04 16:18:10,874] [main] requestId= userEmail= traceId= spanId= - PASSED OVER - {"id"="update-plugin-package-name-index", "type"="execution", "author"="", "class"="DatabaseChangelog1", "method"="updatePluginPackageNameIndexToPluginNamePackageNameAndVersion"}
[2025-04-04 16:18:10,875] [main] requestId= userEmail= traceId= spanId= - PASSED OVER - {"id"="migrate-s3-to-uqi", "type"="execution", "author"="", "class"="DatabaseChangelog1", "method"="migrateS3PluginToUqi"}
READY
RESULT 2150
processname:backend groupname:backend pid:1700 channel:stdout
[2025-04-04 16:18:10,875] [main] requestId= userEmail= traceId= spanId= - PASSED OVER - {"id"="add-smtp-plugin", "type"="execution", "author"="", "class"="DatabaseChangelog1", "method"="addSmtpPluginPlugin"}
[2025-04-04 16:18:10,875] [main] requestId= userEmail= traceId= spanId= - PASSED OVER - {"id"="add-google-sheets-plugin-name", "type"="execution", "author"="", "class"="DatabaseChangelog1", "method"="addPluginNameForGoogleSheets"}
[2025-04-04 16:18:10,875] [main] requestId= userEmail= traceId= spanId= - PASSED OVER - {"id"="migrate-firestore-to-uqi", "type"="execution", "author"="", "class"="DatabaseChangelog1", "method"="migrateFirestorePluginToUqi"}
[2025-04-04 16:18:10,875] [main] requestId= userEmail= traceId= spanId= - PASSED OVER - {"id"="migrate-firestore-to-uqi-3", "type"="execution", "author"="", "class"="DatabaseChangelog1", "method"="migrateFirestorePluginToUqi3"}
[2025-04-04 16:18:10,875] [main] requestId= userEmail= traceId= spanId= - PASSED OVER - {"id"="update-index-for-git", "type"="execution", "author"="", "class"="DatabaseChangelog1", "method"="updateGitIndexes"}
[2025-04-04 16:18:10,875] [main] requestId= userEmail= traceId= spanId= - PASSED OVER - {"id"="use-assets-cdn-for-plugin-icons", "type"="execution", "author"="", "class"="DatabaseChangelog1", "method"="useAssetsCDNForPluginIcons"}
[2025-04-04 16:18:10,875] [main] requestId= userEmail= traceId= spanId= - PASSED OVER - {"id"="update-index-for-newAction-actionCollection-userData", "type"="execution", "author"="", "class"="DatabaseChangelog1", "method"="updateNewActionActionCollectionAndUserDataIndexes"}
[2025-04-04 16:18:10,875] [main] requestId= userEmail= traceId= spanId= - PASSED OVER - {"id"="mark-mssql-crud-unavailable", "type"="execution", "author"="", "class"="DatabaseChangelog1", "method"="markMSSQLCrudUnavailable"}
[2025-04-04 16:18:10,876] [main] requestId= userEmail= traceId= spanId= - PASSED OVER - {"id"="update-index-for-newAction-actionCollection", "type"="execution", "author"="", "class"="DatabaseChangelog1", "method"="updateNewActionActionCollectionIndexes"}
READY
RESULT 1821
processname:backend groupname:backend pid:1700 channel:stdout
[2025-04-04 16:18:10,878] [main] requestId= userEmail= traceId= spanId= - PASSED OVER - {"id"="fix-plugin-title-casing", "type"="execution", "author"="", "class"="DatabaseChangelog2", "method"="fixPluginTitleCasing"}
[2025-04-04 16:18:10,878] [main] requestId= userEmail= traceId= spanId= - PASSED OVER - {"id"="update-git-indexes", "type"="execution", "author"="", "class"="DatabaseChangelog2", "method"="addIndexesForGit"}
[2025-04-04 16:18:10,878] [main] requestId= userEmail= traceId= spanId= - PASSED OVER - {"id"="add-workspace-indexes", "type"="execution", "author"="", "class"="DatabaseChangelog2", "method"="addWorkspaceIndexes"}
[2025-04-04 16:18:10,878] [main] requestId= userEmail= traceId= spanId= - PASSED OVER - {"id"="add-default-tenant", "type"="execution", "author"="", "class"="DatabaseChangelog2", "method"="addDefaultTenant"}
[2025-04-04 16:18:10,878] [main] requestId= userEmail= traceId= spanId= - PASSED OVER - {"id"="organization-to-workspace-indexes-recreate", "type"="execution", "author"="", "class"="DatabaseChangelog2", "method"="organizationToWorkspaceIndexesRecreate"}
[2025-04-04 16:18:10,878] [main] requestId= userEmail= traceId= spanId= - PASSED OVER - {"id"="flush-spring-redis-keys-2a", "type"="execution", "author"="", "class"="DatabaseChangelog2", "method"="clearRedisCache2"}
[2025-04-04 16:18:10,878] [main] requestId= userEmail= traceId= spanId= - PASSED OVER - {"id"="add-anonymousUser", "type"="execution", "author"="", "class"="DatabaseChangelog2", "method"="addAnonymousUser"}
[2025-04-04 16:18:10,878] [main] requestId= userEmail= traceId= spanId= - PASSED OVER - {"id"="add-instance-config-object", "type"="execution", "author"="", "class"="DatabaseChangelog2", "method"="addInstanceConfigurationPlaceHolder"}
READY
RESULT 516
processname:backend groupname:backend pid:1700 channel:stdout
[2025-04-04 16:18:10,880] [main] requestId= userEmail= traceId= spanId= - PASSED OVER - {"id"="add-anonymous-user-permission-group", "type"="execution", "author"="", "class"="DatabaseChangelog2", "method"="addAnonymousUserPermissionGroup"}
[2025-04-04 16:18:10,881] [main] requestId= userEmail= traceId= spanId= - PASSED OVER - {"id"="create-themes-indices", "type"="execution", "author"="", "class"="DatabaseChangelog2", "method"="createThemesIndices"}
READY
RESULT 234
processname:backend groupname:backend pid:1700 channel:stdout
[2025-04-04 16:18:11,077] [main] requestId= userEmail= traceId= spanId= - method[createSystemThemes3] with arguments: [org.springframework.data.mongodb.core.MongoTemplate]
READY
RESULT 277
processname:backend groupname:backend pid:1700 channel:stdout
[2025-04-04 16:18:12,298] [main] requestId= userEmail= traceId= spanId= - RE-APPLIED - {"id"="create-system-themes-v3", "type"="execution", "author"="", "class"="DatabaseChangelog2", "method"="createSystemThemes3"}
READY
RESULT 519
processname:backend groupname:backend pid:1700 channel:stdout
[2025-04-04 16:18:12,299] [main] requestId= userEmail= traceId= spanId= - PASSED OVER - {"id"="create-indices-on-permissions-for-performance", "type"="execution", "author"="", "class"="DatabaseChangelog2", "method"="addPermissionGroupIndex"}
[2025-04-04 16:18:12,300] [main] requestId= userEmail= traceId= spanId= - PASSED OVER - {"id"="update-bad-theme-state", "type"="execution", "author"="", "class"="DatabaseChangelog2", "method"="updateBadThemeState"}
READY
RESULT 3020
processname:backend groupname:backend pid:1700 channel:stdout
[2025-04-04 16:18:12,300] [main] requestId= userEmail= traceId= spanId= - PASSED OVER - {"id"="add-tenant-admin-permissions-instance-admin", "type"="execution", "author"="", "class"="DatabaseChangelog2", "method"="addTenantAdminPermissionsToInstanceAdmin"}
[2025-04-04 16:18:12,300] [main] requestId= userEmail= traceId= spanId= - PASSED OVER - {"id"="add-graphql-plugin", "type"="execution", "author"="", "class"="DatabaseChangelog2", "method"="addGraphQLPlugin"}
[2025-04-04 16:18:12,300] [main] requestId= userEmail= traceId= spanId= - PASSED OVER - {"id"="indices-recommended-by-mongodb-cloud", "type"="execution", "author"="", "class"="DatabaseChangelog2", "method"="addIndicesRecommendedByMongoCloud"}
[2025-04-04 16:18:12,300] [main] requestId= userEmail= traceId= spanId= - PASSED OVER - {"id"="add-unique-index-for-uidstring", "type"="execution", "author"="", "class"="DatabaseChangelog2", "method"="addUniqueIndexOnUidString"}
[2025-04-04 16:18:12,300] [main] requestId= userEmail= traceId= spanId= - PASSED OVER - {"id"="change-readPermissionGroup-to-readPermissionGroupMembers", "type"="execution", "author"="", "class"="DatabaseChangelog2", "method"="modifyReadPermissionGroupToReadPermissionGroupMembers"}
[2025-04-04 16:18:12,300] [main] requestId= userEmail= traceId= spanId= - PASSED OVER - {"id"="delete-permissions-in-permissionGroups", "type"="execution", "author"="", "class"="DatabaseChangelog2", "method"="deletePermissionsInPermissionGroups"}
[2025-04-04 16:18:12,300] [main] requestId= userEmail= traceId= spanId= - PASSED OVER - {"id"="remove-usage-pulses-for-appsmith-cloud", "type"="execution", "author"="", "class"="DatabaseChangelog2", "method"="removeUsagePulsesForAppsmithCloud"}
[2025-04-04 16:18:12,301] [main] requestId= userEmail= traceId= spanId= - PASSED OVER - {"id"="add-ssl-mode-settings-for-existing-mssql-datasources", "type"="execution", "author"="", "class"="DatabaseChangelog2", "method"="addSslModeSettingsForExistingMssqlDatasource"}
[2025-04-04 16:18:12,301] [main] requestId= userEmail= traceId= spanId= - PASSED OVER - {"id"="add-oracle-plugin", "type"="execution", "author"="", "class"="DatabaseChangelog2", "method"="addOraclePlugin"}
[2025-04-04 16:18:12,301] [main] requestId= userEmail= traceId= spanId= - PASSED OVER - {"id"="update-oracle-plugin-name", "type"="execution", "author"="", "class"="DatabaseChangelog2", "method"="updateOraclePluginName"}
[2025-04-04 16:18:12,308] [main] requestId= userEmail= traceId= spanId= - method[com.appsmith.server.migrations.db.ce.Migration003AddInstanceNameToTenantConfiguration] with arguments: [org.springframework.data.mongodb.core.MongoTemplate]
[2025-04-04 16:18:12,308] [main] requestId= userEmail= traceId= spanId= - PASSED OVER - {"id"="add-instance-name-env-variable-tenant-configuration", "type"="execution", "author"="default_author", "class"="Migration003AddInstanceNameToTenantConfiguration", "method"="addInstanceNameEnvVarToTenantConfiguration"}
READY
RESULT 306
processname:backend groupname:backend pid:1700 channel:stdout
[2025-04-04 16:18:12,316] [main] requestId= userEmail= traceId= spanId= - method[com.appsmith.server.migrations.db.ce.Migration004PermissionGroupDefaultWorkspaceIdMigration] with arguments: [org.springframework.data.mongodb.core.MongoTemplate]
READY
RESULT 362
processname:backend groupname:backend pid:1700 channel:stdout
[2025-04-04 16:18:12,317] [main] requestId= userEmail= traceId= spanId= - PASSED OVER - {"id"="migrate-default-workspace-id-to-default-domain-id", "type"="execution", "author"="default_author", "class"="Migration004PermissionGroupDefaultWorkspaceIdMigration", "method"="defaultWorkspaceIdMigration"}
READY
RESULT 614
processname:backend groupname:backend pid:1700 channel:stdout
[2025-04-04 16:18:12,324] [main] requestId= userEmail= traceId= spanId= - method[com.appsmith.server.migrations.db.ce.Migration005CreateIndexForApplicationSnapshotMigration] with arguments: [org.springframework.data.mongodb.core.MongoTemplate]
[2025-04-04 16:18:12,324] [main] requestId= userEmail= traceId= spanId= - PASSED OVER - {"id"="create-index-for-application-snapshot-collection", "type"="execution", "author"="default_author", "class"="Migration005CreateIndexForApplicationSnapshotMigration", "method"="addIndexOnApplicationIdAndChunkOrder"}
READY
RESULT 293
processname:backend groupname:backend pid:1700 channel:stdout
[2025-04-04 16:18:12,337] [main] requestId= userEmail= traceId= spanId= - method[com.appsmith.server.migrations.db.ce.Migration006ResetOnPageLoadEdgesInLayouts] with arguments: [org.springframework.data.mongodb.core.MongoTemplate]
READY
RESULT 324
processname:backend groupname:backend pid:1700 channel:stdout
[2025-04-04 16:18:12,339] [main] requestId= userEmail= traceId= spanId= - PASSED OVER - {"id"="reset-on-page-load-edges-in-layouts", "type"="execution", "author"="default_author", "class"="Migration006ResetOnPageLoadEdgesInLayouts", "method"="executeMigration"}
READY
RESULT 596
processname:backend groupname:backend pid:1700 channel:stdout
[2025-04-04 16:18:12,344] [main] requestId= userEmail= traceId= spanId= - method[com.appsmith.server.migrations.db.ce.Migration007OptOutUnsupportedPluginsForAirGap] with arguments: [org.springframework.data.mongodb.core.MongoTemplate]
[2025-04-04 16:18:12,345] [main] requestId= userEmail= traceId= spanId= - PASSED OVER - {"id"="opt-out-unsupported-plugins-airgap-instance", "type"="execution", "author"="default_author", "class"="Migration007OptOutUnsupportedPluginsForAirGap", "method"="optOutUnsupportedPluginsForAirGapInstance"}
READY
RESULT 296
processname:backend groupname:backend pid:1700 channel:stdout
[2025-04-04 16:18:12,350] [main] requestId= userEmail= traceId= spanId= - method[com.appsmith.server.migrations.db.ce.Migration008SupportNonHostedPluginsForAirgap] with arguments: [org.springframework.data.mongodb.core.MongoTemplate]
READY
RESULT 350
processname:backend groupname:backend pid:1700 channel:stdout
[2025-04-04 16:18:12,351] [main] requestId= userEmail= traceId= spanId= - PASSED OVER - {"id"="support-non-self-hosted-plugins-for-airgap", "type"="execution", "author"="default_author", "class"="Migration008SupportNonHostedPluginsForAirgap", "method"="supportNonHostedPluginsForAirgap"}
READY
RESULT 285
processname:backend groupname:backend pid:1700 channel:stdout
[2025-04-04 16:18:12,362] [main] requestId= userEmail= traceId= spanId= - method[com.appsmith.server.migrations.db.ce.Migration009UpdateOracleLogoToSVG] with arguments: [org.springframework.data.mongodb.core.MongoTemplate]
READY
RESULT 311
processname:backend groupname:backend pid:1700 channel:stdout
[2025-04-04 16:18:12,362] [main] requestId= userEmail= traceId= spanId= - PASSED OVER - {"id"="update-oracle-logo-to-svg", "type"="execution", "author"="default_author", "class"="Migration009UpdateOracleLogoToSVG", "method"="updateOracleLogoToSVG"}
READY
RESULT 284
processname:backend groupname:backend pid:1700 channel:stdout
[2025-04-04 16:18:12,370] [main] requestId= userEmail= traceId= spanId= - method[com.appsmith.server.migrations.db.ce.Migration010UpdatePluginDocsLink] with arguments: [org.springframework.data.mongodb.core.MongoTemplate]
READY
RESULT 318
processname:backend groupname:backend pid:1700 channel:stdout
[2025-04-04 16:18:12,373] [main] requestId= userEmail= traceId= spanId= - PASSED OVER - {"id"="update-plugins-docs-link", "type"="execution", "author"="default_author", "class"="Migration010UpdatePluginDocsLink", "method"="updatePluginDocumentationLinks"}
READY
RESULT 334
processname:backend groupname:backend pid:1700 channel:stdout
[2025-04-04 16:18:12,383] [main] requestId= userEmail= traceId= spanId= - method[com.appsmith.server.migrations.db.ce.Migration011CreateIndexDefaultDomainIdDefaultDomainTypeDropIndexDefaultWorkspaceId] with arguments: [org.springframework.data.mongodb.core.MongoTemplate]
READY
RESULT 443
processname:backend groupname:backend pid:1700 channel:stdout
[2025-04-04 16:18:12,384] [main] requestId= userEmail= traceId= spanId= - PASSED OVER - {"id"="create-index-default-domain-id-default-domain-type", "type"="execution", "author"="default_author", "class"="Migration011CreateIndexDefaultDomainIdDefaultDomainTypeDropIndexDefaultWorkspaceId", "method"="createNewIndexDefaultDomainIdDefaultDomainTypeAndDropOldIndexDefaultWorkspaceId"}
READY
RESULT 635
processname:backend groupname:backend pid:1700 channel:stdout
[2025-04-04 16:18:12,483] [main] requestId= userEmail= traceId= spanId= - method[com.appsmith.server.migrations.db.ce.Migration012RemoveStructureFromWithinDatasource] with arguments: [org.springframework.data.mongodb.core.MongoOperations, org.springframework.data.mongodb.core.MongoTemplate]
[2025-04-04 16:18:12,484] [main] requestId= userEmail= traceId= spanId= - PASSED OVER - {"id"="remove-structure-from-within-datasource-modified", "type"="execution", "author"="default_author", "class"="Migration012RemoveStructureFromWithinDatasource", "method"="executeMigration"}
READY
RESULT 292
processname:backend groupname:backend pid:1700 channel:stdout
[2025-04-04 16:18:12,488] [main] requestId= userEmail= traceId= spanId= - method[com.appsmith.server.migrations.db.ce.Migration013AddEmailBodyTypeToSMTPPlugin] with arguments: [org.springframework.data.mongodb.core.MongoTemplate]
READY
RESULT 316
processname:backend groupname:backend pid:1700 channel:stdout
[2025-04-04 16:18:12,493] [main] requestId= userEmail= traceId= spanId= - PASSED OVER - {"id"="add-smtp-email-body-type", "type"="execution", "author"="default_author", "class"="Migration013AddEmailBodyTypeToSMTPPlugin", "method"="addSmtpEmailBodyType"}
READY
RESULT 291
processname:backend groupname:backend pid:1700 channel:stdout
[2025-04-04 16:18:12,497] [main] requestId= userEmail= traceId= spanId= - method[com.appsmith.server.migrations.db.ce.Migration014AddIndexToDatasourceStorage] with arguments: [org.springframework.data.mongodb.core.MongoTemplate]
READY
RESULT 329
processname:backend groupname:backend pid:1700 channel:stdout
[2025-04-04 16:18:12,499] [main] requestId= userEmail= traceId= spanId= - PASSED OVER - {"id"="index-for-datasource-storage", "type"="execution", "author"="default_author", "class"="Migration014AddIndexToDatasourceStorage", "method"="addingIndexToDatasourceStorage"}
READY
RESULT 303
processname:backend groupname:backend pid:1700 channel:stdout
[2025-04-04 16:18:12,513] [main] requestId= userEmail= traceId= spanId= - method[com.appsmith.server.migrations.db.ce.Migration015AddPluginTypeIndexToNewActionCollection] with arguments: [org.springframework.data.mongodb.core.MongoTemplate]
READY
RESULT 344
processname:backend groupname:backend pid:1700 channel:stdout
[2025-04-04 16:18:12,514] [main] requestId= userEmail= traceId= spanId= - PASSED OVER - {"id"="app-id-plugin-type-index-for-new-action", "type"="execution", "author"="default_author", "class"="Migration015AddPluginTypeIndexToNewActionCollection", "method"="addingIndexToNewAction"}
READY
RESULT 290
processname:backend groupname:backend pid:1700 channel:stdout
[2025-04-04 16:18:12,521] [main] requestId= userEmail= traceId= spanId= - method[com.appsmith.server.migrations.db.ce.Migration016RenameIndexesWithLongNames] with arguments: [org.springframework.data.mongodb.core.MongoTemplate]
READY
RESULT 316
processname:backend groupname:backend pid:1700 channel:stdout
[2025-04-04 16:18:12,523] [main] requestId= userEmail= traceId= spanId= - PASSED OVER - {"id"="rename-indexes-with-long-names", "type"="execution", "author"="default_author", "class"="Migration016RenameIndexesWithLongNames", "method"="executeMigration"}
READY
RESULT 293
processname:backend groupname:backend pid:1700 channel:stdout
[2025-04-04 16:18:12,534] [main] requestId= userEmail= traceId= spanId= - method[com.appsmith.server.migrations.db.ce.Migration017UnsetEncryptionVersion2Fields] with arguments: [org.springframework.data.mongodb.core.MongoTemplate]
READY
RESULT 336
processname:backend groupname:backend pid:1700 channel:stdout
[2025-04-04 16:18:12,535] [main] requestId= userEmail= traceId= spanId= - PASSED OVER - {"id"="unset-not-encrypted-encryption-version-2-fields", "type"="execution", "author"="default_author", "class"="Migration017UnsetEncryptionVersion2Fields", "method"="executeMigration"}
READY
RESULT 299
processname:backend groupname:backend pid:1700 channel:stdout
[2025-04-04 16:18:12,553] [main] requestId= userEmail= traceId= spanId= - method[com.appsmith.server.migrations.db.ce.Migration018UpdateOraclePluginDocumentationLink] with arguments: [org.springframework.data.mongodb.core.MongoTemplate]
READY
RESULT 846
processname:backend groupname:backend pid:1700 channel:stdout
[2025-04-04 16:18:12,553] [main] requestId= userEmail= traceId= spanId= - PASSED OVER - {"id"="update-oracle-doc-link", "type"="execution", "author"="default_author", "class"="Migration018UpdateOraclePluginDocumentationLink", "method"="updateOracleDocumentationLink"}
[2025-04-04 16:18:12,568] [main] requestId= userEmail= traceId= spanId= - method[com.appsmith.server.migrations.db.ce.Migration019RemoveNullEnvIdDatasourceStructureDocuments] with arguments: [org.springframework.data.mongodb.core.MongoTemplate]
[2025-04-04 16:18:12,568] [main] requestId= userEmail= traceId= spanId= - PASSED OVER - {"id"="delete-null-envId-key-document", "type"="execution", "author"="default_author", "class"="Migration019RemoveNullEnvIdDatasourceStructureDocuments", "method"="executeMigration"}
READY
RESULT 351
processname:backend groupname:backend pid:1700 channel:stdout
[2025-04-04 16:18:12,632] [main] requestId= userEmail= traceId= spanId= - method[com.appsmith.server.migrations.db.ce.Migration021MoveGoogleMapsKeyToTenantConfiguration] with arguments: [org.springframework.data.mongodb.core.MongoTemplate, com.appsmith.server.configurations.CommonConfig]
READY
RESULT 342
processname:backend groupname:backend pid:1700 channel:stdout
[2025-04-04 16:18:12,634] [main] requestId= userEmail= traceId= spanId= - PASSED OVER - {"id"="move-google-maps-key-to-tenant-configuration", "type"="execution", "author"="default_author", "class"="Migration021MoveGoogleMapsKeyToTenantConfiguration", "method"="executeMigration"}
READY
RESULT 316
processname:backend groupname:backend pid:1700 channel:stdout
[2025-04-04 16:18:12,639] [main] requestId= userEmail= traceId= spanId= - method[com.appsmith.server.migrations.db.ce.Migration022AddConnectionMethodDefaultValueToAllMySQLDatasources] with arguments: [org.springframework.data.mongodb.core.MongoTemplate]
READY
RESULT 383
processname:backend groupname:backend pid:1700 channel:stdout
[2025-04-04 16:18:12,640] [main] requestId= userEmail= traceId= spanId= - PASSED OVER - {"id"="add-connection-method-default-value-for-mysql", "type"="execution", "author"="default_author", "class"="Migration022AddConnectionMethodDefaultValueToAllMySQLDatasources", "method"="updateConnectionMethodDefaultValueForMySQL"}
READY
RESULT 282
processname:backend groupname:backend pid:1700 channel:stdout
[2025-04-04 16:18:12,644] [main] requestId= userEmail= traceId= spanId= - method[com.appsmith.server.migrations.db.ce.Migration023UpdateJSPluginIcon] with arguments: [org.springframework.data.mongodb.core.MongoTemplate]
READY
RESULT 299
processname:backend groupname:backend pid:1700 channel:stdout
[2025-04-04 16:18:12,646] [main] requestId= userEmail= traceId= spanId= - PASSED OVER - {"id"="update-js-plugin-icon", "type"="execution", "author"="default_author", "class"="Migration023UpdateJSPluginIcon", "method"="executeMigration"}
READY
RESULT 306
processname:backend groupname:backend pid:1700 channel:stdout
[2025-04-04 16:18:12,650] [main] requestId= userEmail= traceId= spanId= - method[com.appsmith.server.migrations.db.ce.Migration024EnableGenerateCRUDPageToggleForMssqlPlugin] with arguments: [org.springframework.data.mongodb.core.MongoTemplate]
READY
RESULT 349
processname:backend groupname:backend pid:1700 channel:stdout
[2025-04-04 16:18:12,651] [main] requestId= userEmail= traceId= spanId= - PASSED OVER - {"id"="enable-generate-crud-page-for-mssql", "type"="execution", "author"="default_author", "class"="Migration024EnableGenerateCRUDPageToggleForMssqlPlugin", "method"="enableGenerateCRUDPageToggle"}
READY
RESULT 565
processname:backend groupname:backend pid:1700 channel:stdout
[2025-04-04 16:18:12,660] [main] requestId= userEmail= traceId= spanId= - method[com.appsmith.server.migrations.db.ce.Migration025AddIndexDeletedInApplication] with arguments: [org.springframework.data.mongodb.core.MongoTemplate]
[2025-04-04 16:18:12,661] [main] requestId= userEmail= traceId= spanId= - PASSED OVER - {"id"="add-index-application-deleted", "type"="execution", "author"="default_author", "class"="Migration025AddIndexDeletedInApplication", "method"="createIndexInApplicationCollection"}
READY
RESULT 608
processname:backend groupname:backend pid:1700 channel:stdout
[2025-04-04 16:18:12,664] [main] requestId= userEmail= traceId= spanId= - method[com.appsmith.server.migrations.db.ce.Migration025RemoveUnassignPermissionFromUnnecessaryRoles] with arguments: [org.springframework.data.mongodb.core.MongoTemplate]
[2025-04-04 16:18:12,665] [main] requestId= userEmail= traceId= spanId= - PASSED OVER - {"id"="remove-unassign-permission-from-workspace-dev-viewer-roles", "type"="execution", "author"="default_author", "class"="Migration025RemoveUnassignPermissionFromUnnecessaryRoles", "method"="executeMigration"}
READY
RESULT 1107
processname:backend groupname:backend pid:1700 channel:stdout
[2025-04-04 16:18:12,672] [main] requestId= userEmail= traceId= spanId= - method[com.appsmith.server.migrations.db.ce.Migration026AddIndexTenantAndDeletedInWorkspace] with arguments: [org.springframework.data.mongodb.core.MongoTemplate]
[2025-04-04 16:18:12,674] [main] requestId= userEmail= traceId= spanId= - PASSED OVER - {"id"="add-index-workspace-tenant-deleted", "type"="execution", "author"="default_author", "class"="Migration026AddIndexTenantAndDeletedInWorkspace", "method"="addIndexInWorkspaceCollection"}
[2025-04-04 16:18:12,677] [main] requestId= userEmail= traceId= spanId= - method[com.appsmith.server.migrations.db.ce.Migration027AddIndexDatasourceIdAndDeletedInAction] with arguments: [org.springframework.data.mongodb.core.MongoTemplate]
[2025-04-04 16:18:12,678] [main] requestId= userEmail= traceId= spanId= - PASSED OVER - {"id"="new-action-compound-index-datasource-id", "type"="execution", "author"="default_author", "class"="Migration027AddIndexDatasourceIdAndDeletedInAction", "method"="addIndexInNewActionCollection"}
READY
RESULT 315
processname:backend groupname:backend pid:1700 channel:stdout
[2025-04-04 16:18:12,682] [main] requestId= userEmail= traceId= spanId= - method[com.appsmith.server.migrations.db.ce.Migration028TagUserManagementRolesWithoutDefaultDomainTypeAndId] with arguments: [org.springframework.data.mongodb.core.MongoTemplate]
READY
RESULT 406
processname:backend groupname:backend pid:1700 channel:stdout
[2025-04-04 16:18:12,684] [main] requestId= userEmail= traceId= spanId= - PASSED OVER - {"id"="tag-user-management-roles-without-default-domain-type-and-id", "type"="execution", "author"="default_author", "class"="Migration028TagUserManagementRolesWithoutDefaultDomainTypeAndId", "method"="tagUserManagementRolesWithoutDefaultDomainTypeAndId"}
READY
RESULT 308
processname:backend groupname:backend pid:1700 channel:stdout
[2025-04-04 16:18:12,697] [main] requestId= userEmail= traceId= spanId= - method[com.appsmith.server.migrations.db.ce.Migration029PopulateDefaultDomainIdInUserManagementRoles] with arguments: [org.springframework.data.mongodb.core.MongoTemplate]
READY
RESULT 383
processname:backend groupname:backend pid:1700 channel:stdout
[2025-04-04 16:18:12,698] [main] requestId= userEmail= traceId= spanId= - PASSED OVER - {"id"="populate-default-domain-id-in-user-management-roles", "type"="execution", "author"="default_author", "class"="Migration029PopulateDefaultDomainIdInUserManagementRoles", "method"="populateDefaultDomainIdInUserManagementRoles"}
READY
RESULT 297
processname:backend groupname:backend pid:1700 channel:stdout
[2025-04-04 16:18:12,703] [main] requestId= userEmail= traceId= spanId= - method[com.appsmith.server.migrations.db.ce.Migration030TagUsersWithNoUserManagementRoles] with arguments: [org.springframework.data.mongodb.core.MongoTemplate]
READY
RESULT 349
processname:backend groupname:backend pid:1700 channel:stdout
[2025-04-04 16:18:12,704] [main] requestId= userEmail= traceId= spanId= - PASSED OVER - {"id"="tag-users-with-no-user-management-roles", "type"="execution", "author"="default_author", "class"="Migration030TagUsersWithNoUserManagementRoles", "method"="tagUsersWithNoUserManagementRoles"}
READY
RESULT 354
processname:backend groupname:backend pid:1700 channel:stdout
[2025-04-04 16:18:12,726] [main] requestId= userEmail= traceId= spanId= - method[com.appsmith.server.migrations.db.ce.Migration031CreateUserManagementRolesForUsersTaggedIn030] with arguments: [org.springframework.data.mongodb.core.MongoTemplate, com.appsmith.server.solutions.PolicySolution]
READY
RESULT 403
processname:backend groupname:backend pid:1700 channel:stdout
[2025-04-04 16:18:12,738] [main] requestId= userEmail= traceId= spanId= - PASSED OVER - {"id"="create-user-management-roles-for-users-tagged-in-migration-030", "type"="execution", "author"="default_author", "class"="Migration031CreateUserManagementRolesForUsersTaggedIn030", "method"="createUserManagementRolesForUsersTaggedInMigration030"}
READY
RESULT 301
processname:backend groupname:backend pid:1700 channel:stdout
[2025-04-04 16:18:12,744] [main] requestId= userEmail= traceId= spanId= - method[com.appsmith.server.migrations.db.ce.Migration032AddingXmlParserToApplicationLibraries] with arguments: [org.springframework.data.mongodb.core.MongoTemplate]
READY
RESULT 351
processname:backend groupname:backend pid:1700 channel:stdout
[2025-04-04 16:18:12,745] [main] requestId= userEmail= traceId= spanId= - PASSED OVER - {"id"="add-xml-parser-to-application-jslibs", "type"="execution", "author"="default_author", "class"="Migration032AddingXmlParserToApplicationLibraries", "method"="addXmlParserEntryToEachApplication"}
READY
RESULT 279
processname:backend groupname:backend pid:1700 channel:stdout
[2025-04-04 16:18:12,769] [main] requestId= userEmail= traceId= spanId= - method[com.appsmith.server.migrations.db.ce.Migration033AddOpenAIPlugin] with arguments: [org.springframework.data.mongodb.core.MongoTemplate]
READY
RESULT 302
processname:backend groupname:backend pid:1700 channel:stdout
[2025-04-04 16:18:12,774] [main] requestId= userEmail= traceId= spanId= - PASSED OVER - {"id"="add-open-ai-plugin", "type"="execution", "author"="default_author", "class"="Migration033AddOpenAIPlugin", "method"="addPluginToDbAndWorkspace"}
READY
RESULT 304
processname:backend groupname:backend pid:1700 channel:stdout
[2025-04-04 16:18:12,804] [main] requestId= userEmail= traceId= spanId= - method[com.appsmith.server.migrations.db.ce.Migration034ChangeOpenAIIntegrationDocumentationLink] with arguments: [org.springframework.data.mongodb.core.MongoTemplate]
READY
RESULT 352
processname:backend groupname:backend pid:1700 channel:stdout
[2025-04-04 16:18:12,813] [main] requestId= userEmail= traceId= spanId= - PASSED OVER - {"id"="change-open-ai-integration-documentation-link", "type"="execution", "author"="default_author", "class"="Migration034ChangeOpenAIIntegrationDocumentationLink", "method"="changeDocumentationLink"}
READY
RESULT 282
processname:backend groupname:backend pid:1700 channel:stdout
[2025-04-04 16:18:12,816] [main] requestId= userEmail= traceId= spanId= - method[com.appsmith.server.migrations.db.ce.Migration035AddAnthropicPlugin] with arguments: [org.springframework.data.mongodb.core.MongoTemplate]
READY
RESULT 307
processname:backend groupname:backend pid:1700 channel:stdout
[2025-04-04 16:18:12,817] [main] requestId= userEmail= traceId= spanId= - PASSED OVER - {"id"="add-anthropic-plugin", "type"="execution", "author"="default_author", "class"="Migration035AddAnthropicPlugin", "method"="addPluginToDbAndWorkspace"}
READY
RESULT 730
processname:backend groupname:backend pid:1700 channel:stdout
[2025-04-04 16:18:12,887] [main] requestId= userEmail= traceId= spanId= - method[com.appsmith.server.migrations.db.ce.Migration035RemoveMockDbEndPointInDatasourceInSelfHostedInstance] with arguments: [org.springframework.data.mongodb.core.MongoTemplate, com.appsmith.server.configurations.CommonConfig, com.appsmith.server.solutions.EnvManager]
[2025-04-04 16:18:12,887] [main] requestId= userEmail= traceId= spanId= - PASSED OVER - {"id"="remove-mockdb-endpoint-in-datasource-self-hosted-instance", "type"="execution", "author"="default_author", "class"="Migration035RemoveMockDbEndPointInDatasourceInSelfHostedInstance", "method"="removeMockDbEndpointInDatasource"}
READY
RESULT 583
processname:backend groupname:backend pid:1700 channel:stdout
[2025-04-04 16:18:12,891] [main] requestId= userEmail= traceId= spanId= - method[com.appsmith.server.migrations.db.ce.Migration036AddRecentlyUsedEntitiesForUserData] with arguments: [org.springframework.data.mongodb.core.MongoTemplate]
[2025-04-04 16:18:12,891] [main] requestId= userEmail= traceId= spanId= - PASSED OVER - {"id"="add-recently-used-entities-for-user", "type"="execution", "author"="default_author", "class"="Migration036AddRecentlyUsedEntitiesForUserData", "method"="addRecentlyUsedEntitiesForUserData"}
READY
RESULT 591
processname:backend groupname:backend pid:1700 channel:stdout
[2025-04-04 16:18:12,905] [main] requestId= userEmail= traceId= spanId= - method[com.appsmith.server.migrations.db.ce.Migration037AddCompoundIndexForNameAndDeletedAt] with arguments: [org.springframework.data.mongodb.core.MongoTemplate]
[2025-04-04 16:18:12,905] [main] requestId= userEmail= traceId= spanId= - PASSED OVER - {"id"="add-compound-index-name-deleted", "type"="execution", "author"="default_author", "class"="Migration037AddCompoundIndexForNameAndDeletedAt", "method"="addIndexInWorkspaceAndApplicationsCollection"}
READY
RESULT 569
processname:backend groupname:backend pid:1700 channel:stdout
[2025-04-04 16:18:12,909] [main] requestId= userEmail= traceId= spanId= - method[com.appsmith.server.migrations.db.ce.Migration037MarkAnonymousUserAsSystemGenerated] with arguments: [org.springframework.data.mongodb.core.MongoTemplate]
[2025-04-04 16:18:12,909] [main] requestId= userEmail= traceId= spanId= - PASSED OVER - {"id"="mark-anonymous-user-as-system-generated", "type"="execution", "author"="default_author", "class"="Migration037MarkAnonymousUserAsSystemGenerated", "method"="executeMigration"}
READY
RESULT 299
processname:backend groupname:backend pid:1700 channel:stdout
[2025-04-04 16:18:12,922] [main] requestId= userEmail= traceId= spanId= - method[com.appsmith.server.migrations.db.ce.Migration038AddCompoundIndexForActionCollection] with arguments: [org.springframework.data.mongodb.core.MongoTemplate]
READY
RESULT 341
processname:backend groupname:backend pid:1700 channel:stdout
[2025-04-04 16:18:12,924] [main] requestId= userEmail= traceId= spanId= - PASSED OVER - {"id"="add-compound-index-action-collection", "type"="execution", "author"="default_author", "class"="Migration038AddCompoundIndexForActionCollection", "method"="addIndexInActionCollection"}
READY
RESULT 525
processname:backend groupname:backend pid:1700 channel:stdout
[2025-04-04 16:18:12,929] [main] requestId= userEmail= traceId= spanId= - method[com.appsmith.server.migrations.db.ce.Migration038AddGoogleAIPlugin] with arguments: [org.springframework.data.mongodb.core.MongoTemplate]
[2025-04-04 16:18:12,929] [main] requestId= userEmail= traceId= spanId= - PASSED OVER - {"id"="add-google-ai-plugin", "type"="execution", "author"="default_author", "class"="Migration038AddGoogleAIPlugin", "method"="addPluginToDbAndWorkspace"}
READY
RESULT 300
processname:backend groupname:backend pid:1700 channel:stdout
[2025-04-04 16:18:12,933] [main] requestId= userEmail= traceId= spanId= - method[com.appsmith.server.migrations.db.ce.Migration039AddCompoundIndexForDatasourceStorage] with arguments: [org.springframework.data.mongodb.core.MongoTemplate]
READY
RESULT 354
processname:backend groupname:backend pid:1700 channel:stdout
[2025-04-04 16:18:12,934] [main] requestId= userEmail= traceId= spanId= - PASSED OVER - {"id"="add-compound-index-datasource-storage", "type"="execution", "author"="default_author", "class"="Migration039AddCompoundIndexForDatasourceStorage", "method"="addIndexInDatasourceStorageCollection"}
READY
RESULT 530
processname:backend groupname:backend pid:1700 channel:stdout
[2025-04-04 16:18:12,939] [main] requestId= userEmail= traceId= spanId= - method[com.appsmith.server.migrations.db.ce.Migration039AddDatabricksPlugin] with arguments: [org.springframework.data.mongodb.core.MongoTemplate]
[2025-04-04 16:18:12,939] [main] requestId= userEmail= traceId= spanId= - PASSED OVER - {"id"="add-databricks-plugin", "type"="execution", "author"="default_author", "class"="Migration039AddDatabricksPlugin", "method"="addPluginToDbAndWorkspace"}
READY
RESULT 286
processname:backend groupname:backend pid:1700 channel:stdout
[2025-04-04 16:18:12,944] [main] requestId= userEmail= traceId= spanId= - method[com.appsmith.server.migrations.db.ce.Migration039OpenAIMessagesJsToggle] with arguments: [org.springframework.data.mongodb.core.MongoTemplate]
READY
RESULT 343
processname:backend groupname:backend pid:1700 channel:stdout
[2025-04-04 16:18:12,945] [main] requestId= userEmail= traceId= spanId= - PASSED OVER - {"id"="move-messages-to-data-key-in-openai", "type"="execution", "author"="default_author", "class"="Migration039OpenAIMessagesJsToggle", "method"="moveMessagesToDataKeyForSupportingJsToggle"}
READY
RESULT 282
processname:backend groupname:backend pid:1700 channel:stdout
[2025-04-04 16:18:12,967] [main] requestId= userEmail= traceId= spanId= - method[com.appsmith.server.migrations.db.ce.Migration040AddAWSLambdaPlugin] with arguments: [org.springframework.data.mongodb.core.MongoTemplate]
READY
RESULT 308
processname:backend groupname:backend pid:1700 channel:stdout
[2025-04-04 16:18:12,967] [main] requestId= userEmail= traceId= spanId= - PASSED OVER - {"id"="add-aws-lambda-plugin", "type"="execution", "author"="default_author", "class"="Migration040AddAWSLambdaPlugin", "method"="addPluginToDbAndWorkspace"}
READY
RESULT 283
processname:backend groupname:backend pid:1700 channel:stdout
[2025-04-04 16:18:12,981] [main] requestId= userEmail= traceId= spanId= - method[com.appsmith.server.migrations.db.ce.Migration040AddAppsmithAiPlugin] with arguments: [org.springframework.data.mongodb.core.MongoTemplate]
READY
RESULT 310
processname:backend groupname:backend pid:1700 channel:stdout
[2025-04-04 16:18:12,981] [main] requestId= userEmail= traceId= spanId= - PASSED OVER - {"id"="add-appsmith-ai-plugin", "type"="execution", "author"="default_author", "class"="Migration040AddAppsmithAiPlugin", "method"="addPluginToDbAndWorkspace"}
READY
RESULT 312
processname:backend groupname:backend pid:1700 channel:stdout
[2025-04-04 16:18:12,984] [main] requestId= userEmail= traceId= spanId= - method[com.appsmith.server.migrations.db.ce.Migration041TagWorkspacesForGitOperationsPermissionMigration] with arguments: [org.springframework.data.mongodb.core.MongoTemplate]
READY
RESULT 389
processname:backend groupname:backend pid:1700 channel:stdout
[2025-04-04 16:18:12,985] [main] requestId= userEmail= traceId= spanId= - PASSED OVER - {"id"="tag-workspaces-to-migrate-adding-git-permissions", "type"="execution", "author"="default_author", "class"="Migration041TagWorkspacesForGitOperationsPermissionMigration", "method"="addPermissionForGitOperationsToExistingWorkspaces"}
READY
RESULT 294
processname:backend groupname:backend pid:1700 channel:stdout
[2025-04-04 16:18:12,989] [main] requestId= userEmail= traceId= spanId= - method[com.appsmith.server.migrations.db.ce.Migration042AddPermissionsForGitOperations] with arguments: [org.springframework.data.mongodb.core.MongoTemplate]
READY
RESULT 2970
processname:backend groupname:backend pid:1700 channel:stdout
[2025-04-04 16:18:13,000] [main] requestId= userEmail= traceId= spanId= - PASSED OVER - {"id"="add-permissions-for-git-operations", "type"="execution", "author"="default_author", "class"="Migration042AddPermissionsForGitOperations", "method"="addPermissionForGitOperationsToExistingApplications"}
[2025-04-04 16:18:13,003] [main] requestId= userEmail= traceId= spanId= - method[com.appsmith.server.migrations.db.ce.Migration043AddIndexActionCollectionPageID] with arguments: [org.springframework.data.mongodb.core.MongoTemplate]
[2025-04-04 16:18:13,003] [main] requestId= userEmail= traceId= spanId= - PASSED OVER - {"id"="add-index-to-action-collection-default-resources-pageid", "type"="execution", "author"="default_author", "class"="Migration043AddIndexActionCollectionPageID", "method"="addIndexToActionCollectionCollection"}
[2025-04-04 16:18:13,006] [main] requestId= userEmail= traceId= spanId= - method[com.appsmith.server.migrations.db.ce.Migration044AddIndexesToDomainObjects] with arguments: [org.springframework.data.mongodb.core.MongoTemplate]
[2025-04-04 16:18:13,007] [main] requestId= userEmail= traceId= spanId= - PASSED OVER - {"id"="add-index-to-domain-objects", "type"="execution", "author"="default_author", "class"="Migration044AddIndexesToDomainObjects", "method"="addIndexToDomainObjects"}
[2025-04-04 16:18:13,035] [main] requestId= userEmail= traceId= spanId= - method[com.appsmith.server.migrations.db.ce.Migration045AddDefaultAppsmithAiDatasourceForOrphanActions] with arguments: [org.springframework.data.mongodb.core.MongoTemplate]
[2025-04-04 16:18:13,036] [main] requestId= userEmail= traceId= spanId= - PASSED OVER - {"id"="add-default-appsmith-datasource", "type"="execution", "author"="default_author", "class"="Migration045AddDefaultAppsmithAiDatasourceForOrphanActions", "method"="addDefaultAppsmithAiDatasourceForOrphanActions"}
[2025-04-04 16:18:13,038] [main] requestId= userEmail= traceId= spanId= - method[com.appsmith.server.migrations.db.ce.Migration046DeleteArchivedPlugins] with arguments: [org.springframework.data.mongodb.core.MongoTemplate]
[2025-04-04 16:18:13,039] [main] requestId= userEmail= traceId= spanId= - PASSED OVER - {"id"="delete-archived-pluginsd", "type"="execution", "author"="default_author", "class"="Migration046DeleteArchivedPlugins", "method"="deleteArchivedPlugins"}
[2025-04-04 16:18:13,041] [main] requestId= userEmail= traceId= spanId= - method[com.appsmith.server.migrations.db.ce.Migration047AddMissingFieldsInDefaultAppsmithAiDatasource] with arguments: [org.springframework.data.mongodb.core.MongoTemplate]
[2025-04-04 16:18:13,042] [main] requestId= userEmail= traceId= spanId= - PASSED OVER - {"id"="add-missing-fields-in-default-appsmith-datasource", "type"="execution", "author"="default_author", "class"="Migration047AddMissingFieldsInDefaultAppsmithAiDatasource", "method"="addMissingFieldsInDefaultAppsmithAiDatasource"}
READY
RESULT 292
processname:backend groupname:backend pid:1700 channel:stdout
[2025-04-04 16:18:13,047] [main] requestId= userEmail= traceId= spanId= - method[com.appsmith.server.migrations.db.ce.Migration048AddCompoundIndexToUserEntity] with arguments: [org.springframework.data.mongodb.core.MongoTemplate]
READY
RESULT 340
processname:backend groupname:backend pid:1700 channel:stdout
[2025-04-04 16:18:13,050] [main] requestId= userEmail= traceId= spanId= - PASSED OVER - {"id"="add-compound-index-in-user-collection", "type"="execution", "author"="default_author", "class"="Migration048AddCompoundIndexToUserEntity", "method"="addMissingIndexInUserCollection"}
READY
RESULT 286
processname:backend groupname:backend pid:1700 channel:stdout
[2025-04-04 16:18:13,059] [main] requestId= userEmail= traceId= spanId= - method[com.appsmith.server.migrations.db.ce.Migration049RemoveLayoutBaseFields] with arguments: [org.springframework.data.mongodb.core.MongoTemplate]
READY
RESULT 298
processname:backend groupname:backend pid:1700 channel:stdout
[2025-04-04 16:18:13,059] [main] requestId= userEmail= traceId= spanId= - PASSED OVER - {"id"="remove-layout-base-fields", "type"="execution", "author"="default_author", "class"="Migration049RemoveLayoutBaseFields", "method"="execute"}
READY
RESULT 298
processname:backend groupname:backend pid:1700 channel:stdout
[2025-04-04 16:18:13,072] [main] requestId= userEmail= traceId= spanId= - method[com.appsmith.server.migrations.db.ce.Migration050MoveAnthropicLegacyModelsInQueries] with arguments: [org.springframework.data.mongodb.core.MongoTemplate]
READY
RESULT 340
processname:backend groupname:backend pid:1700 channel:stdout
[2025-04-04 16:18:13,072] [main] requestId= userEmail= traceId= spanId= - PASSED OVER - {"id"="move-anthropic-legacy-models", "type"="execution", "author"="default_author", "class"="Migration050MoveAnthropicLegacyModelsInQueries", "method"="moveAnthropicLegacyModelsInQueries"}
READY
RESULT 293
processname:backend groupname:backend pid:1700 channel:stdout
[2025-04-04 16:18:13,075] [main] requestId= userEmail= traceId= spanId= - method[com.appsmith.server.migrations.db.ce.Migration051AddNewActionCollectionIdIndex] with arguments: [org.springframework.data.mongodb.core.MongoTemplate]
READY
RESULT 335
processname:backend groupname:backend pid:1700 channel:stdout
[2025-04-04 16:18:13,076] [main] requestId= userEmail= traceId= spanId= - PASSED OVER - {"id"="add-idx-new-action-coll-id", "type"="execution", "author"="default_author", "class"="Migration051AddNewActionCollectionIdIndex", "method"="addMissingIndexInNewActionCollection"}
READY
RESULT 296
processname:backend groupname:backend pid:1700 channel:stdout
[2025-04-04 16:18:13,079] [main] requestId= userEmail= traceId= spanId= - method[com.appsmith.server.migrations.db.ce.Migration052RemoveInvalidPluginsInWorkspaces] with arguments: [org.springframework.data.mongodb.core.MongoTemplate]
READY
RESULT 319
processname:backend groupname:backend pid:1700 channel:stdout
[2025-04-04 16:18:13,079] [main] requestId= userEmail= traceId= spanId= - PASSED OVER - {"id"="remove-invalid-plugins-in-workspaces", "type"="execution", "author"="default_author", "class"="Migration052RemoveInvalidPluginsInWorkspaces", "method"="execute"}
READY
RESULT 312
processname:backend groupname:backend pid:1700 channel:stdout
[2025-04-04 16:18:13,083] [main] requestId= userEmail= traceId= spanId= - method[com.appsmith.server.migrations.db.ce.Migration053AddApplicationDeletePagePermissionToApplications] with arguments: [org.springframework.data.mongodb.core.MongoTemplate]
READY
RESULT 386
processname:backend groupname:backend pid:1700 channel:stdout
[2025-04-04 16:18:13,083] [main] requestId= userEmail= traceId= spanId= - PASSED OVER - {"id"="add-app-delete-pages-permission-to-application", "type"="execution", "author"="default_author", "class"="Migration053AddApplicationDeletePagePermissionToApplications", "method"="addApplicationDeletePagesPermissionToApplication"}
READY
RESULT 313
processname:backend groupname:backend pid:1700 channel:stdout
[2025-04-04 16:18:13,086] [main] requestId= userEmail= traceId= spanId= - method[com.appsmith.server.migrations.db.ce.Migration055AddIsAtomicPushAllowedEnvVarToTenantConfiguration] with arguments: [org.springframework.data.mongodb.core.MongoTemplate]
READY
RESULT 369
processname:backend groupname:backend pid:1700 channel:stdout
[2025-04-04 16:18:13,087] [main] requestId= userEmail= traceId= spanId= - PASSED OVER - {"id"="add-is-atomic-push-allowed-env-variable-tenant-configuration", "type"="execution", "author"="default_author", "class"="Migration055AddIsAtomicPushAllowedEnvVarToTenantConfiguration", "method"="executeMigration"}
READY
RESULT 313
processname:backend groupname:backend pid:1700 channel:stdout
[2025-04-04 16:18:13,090] [main] requestId= userEmail= traceId= spanId= - method[com.appsmith.server.migrations.db.ce.Migration056AddBranchNameAndDefaultArtifactIndexToApplication] with arguments: [org.springframework.data.mongodb.core.MongoTemplate]
READY
RESULT 357
processname:backend groupname:backend pid:1700 channel:stdout
[2025-04-04 16:18:13,090] [main] requestId= userEmail= traceId= spanId= - PASSED OVER - {"id"="add-idx-branch-name-default-artifact-id", "type"="execution", "author"="default_author", "class"="Migration056AddBranchNameAndDefaultArtifactIndexToApplication", "method"="createIndexForApplication"}
READY
RESULT 279
processname:backend groupname:backend pid:1700 channel:stdout
[2025-04-04 16:18:13,093] [main] requestId= userEmail= traceId= spanId= - method[com.appsmith.server.migrations.db.ce.Migration057MoveDRToBaseIds] with arguments: [org.springframework.data.mongodb.core.MongoTemplate]
READY
RESULT 294
processname:backend groupname:backend pid:1700 channel:stdout
[2025-04-04 16:18:13,094] [main] requestId= userEmail= traceId= spanId= - PASSED OVER - {"id"="move-dr-to-base-ids", "type"="execution", "author"="default_author", "class"="Migration057MoveDRToBaseIds", "method"="executeMigration"}
READY
RESULT 294
processname:backend groupname:backend pid:1700 channel:stdout
[2025-04-04 16:18:13,097] [main] requestId= userEmail= traceId= spanId= - method[com.appsmith.server.migrations.db.ce.Migration058AddIndexesToBranchAwareDomains] with arguments: [org.springframework.data.mongodb.core.MongoTemplate]
READY
RESULT 310
processname:backend groupname:backend pid:1700 channel:stdout
[2025-04-04 16:18:13,098] [main] requestId= userEmail= traceId= spanId= - PASSED OVER - {"id"="add-idx-branch-aware", "type"="execution", "author"="default_author", "class"="Migration058AddIndexesToBranchAwareDomains", "method"="executeMigration"}
READY
RESULT 352
processname:backend groupname:backend pid:1700 channel:stdout
[2025-04-04 16:18:13,156] [main] requestId= userEmail= traceId= spanId= - method[com.appsmith.server.migrations.db.ce.Migration059PolicySetToPolicyMap] with arguments: [org.springframework.data.mongodb.core.ReactiveMongoTemplate, com.appsmith.server.repositories.CacheableRepositoryHelper]
READY
RESULT 295
processname:backend groupname:backend pid:1700 channel:stdout
[2025-04-04 16:18:13,157] [main] requestId= userEmail= traceId= spanId= - PASSED OVER - {"id"="policy-set-to-policy-map", "type"="execution", "author"="default_author", "class"="Migration059PolicySetToPolicyMap", "method"="execute"}
READY
RESULT 286
processname:backend groupname:backend pid:1700 channel:stdout
[2025-04-04 16:18:13,159] [main] requestId= userEmail= traceId= spanId= - method[com.appsmith.server.migrations.db.ce.Migration060AddIndexesForPolicyMap] with arguments: [org.springframework.data.mongodb.core.MongoTemplate]
READY
RESULT 300
processname:backend groupname:backend pid:1700 channel:stdout
[2025-04-04 16:18:13,160] [main] requestId= userEmail= traceId= spanId= - PASSED OVER - {"id"="add-idx-policy-map", "type"="execution", "author"="default_author", "class"="Migration060AddIndexesForPolicyMap", "method"="executeMigration"}
READY
RESULT 350
processname:backend groupname:backend pid:1700 channel:stdout
[2025-04-04 16:18:13,167] [main] requestId= userEmail= traceId= spanId= - method[com.appsmith.server.migrations.db.ce.Migration061TenantPolicySetToPolicyMap] with arguments: [org.springframework.data.mongodb.core.MongoTemplate, com.appsmith.server.repositories.CacheableRepositoryHelper]
READY
RESULT 318
processname:backend groupname:backend pid:1700 channel:stdout
[2025-04-04 16:18:13,168] [main] requestId= userEmail= traceId= spanId= - PASSED OVER - {"id"="migrate-policy-set-to-map-tenant", "type"="execution", "author"="default_author", "class"="Migration061TenantPolicySetToPolicyMap", "method"="executeMigration"}
READY
RESULT 302
processname:backend groupname:backend pid:1700 channel:stdout
[2025-04-04 16:18:13,172] [main] requestId= userEmail= traceId= spanId= - method[com.appsmith.server.migrations.db.ce.Migration062AddEmptyPolicyMapForNullValues] with arguments: [org.springframework.data.mongodb.core.ReactiveMongoTemplate]
READY
RESULT 732
processname:backend groupname:backend pid:1700 channel:stdout
[2025-04-04 16:18:13,173] [main] requestId= userEmail= traceId= spanId= - PASSED OVER - {"id"="add_empty_policyMap_for_null_entries", "type"="execution", "author"="default_author", "class"="Migration062AddEmptyPolicyMapForNullValues", "method"="execute"}
[2025-04-04 16:18:13,173] [main] requestId= userEmail= traceId= spanId= - method[com.appsmith.server.migrations.db.ce.Migration063CacheBustSpringBoot3_3] with arguments: []
[2025-04-04 16:18:13,174] [main] requestId= userEmail= traceId= spanId= - PASSED OVER - {"id"="reset_session_oauth2_spring_3_3", "type"="execution", "author"="default_author", "class"="Migration063CacheBustSpringBoot3_3", "method"="execute"}
READY
RESULT 294
processname:backend groupname:backend pid:1700 channel:stdout
[2025-04-04 16:18:13,177] [main] requestId= userEmail= traceId= spanId= - method[com.appsmith.server.migrations.db.ce.Migration064AddPluginDocUrlToRestApiPlugin] with arguments: [org.springframework.data.mongodb.core.MongoTemplate]
READY
RESULT 318
processname:backend groupname:backend pid:1700 channel:stdout
[2025-04-04 16:18:13,178] [main] requestId= userEmail= traceId= spanId= - PASSED OVER - {"id"="add_plugin_doc_url_to_rest_api_plugin", "type"="execution", "author"="default_author", "class"="Migration064AddPluginDocUrlToRestApiPlugin", "method"="execute"}
READY
RESULT 399
processname:backend groupname:backend pid:1700 channel:stdout
[2025-04-04 16:18:13,266] [main] requestId= userEmail= traceId= spanId= - method[com.appsmith.server.migrations.db.ce.Migration065_CopyTenantIdToOrganizationId] with arguments: [org.springframework.data.redis.core.ReactiveRedisOperations, com.fasterxml.jackson.databind.ObjectMapper, org.springframework.data.mongodb.core.MongoTemplate]
READY
RESULT 313
processname:backend groupname:backend pid:1700 channel:stdout
[2025-04-04 16:18:13,267] [main] requestId= userEmail= traceId= spanId= - PASSED OVER - {"id"="copy-tenant-id-to-organization-id", "type"="execution", "author"="default_author", "class"="Migration065_CopyTenantIdToOrganizationId", "method"="execute"}
READY
RESULT 489
processname:backend groupname:backend pid:1700 channel:stdout
[2025-04-04 16:18:13,268] [main] requestId= userEmail= traceId= spanId= - method[com.appsmith.server.migrations.db.ce.Migration066_CacheBustTenantOrgMigration] with arguments: []
[2025-04-04 16:18:13,269] [main] requestId= userEmail= traceId= spanId= - PASSED OVER - {"id"="cache-bust-tenant-org-migration", "type"="execution", "author"="default_author", "class"="Migration066_CacheBustTenantOrgMigration", "method"="execute"}
READY
RESULT 298
processname:backend groupname:backend pid:1700 channel:stdout
[2025-04-04 16:18:13,273] [main] requestId= userEmail= traceId= spanId= - method[com.appsmith.server.migrations.db.ce.Migration066_RenameInstanceAdminRoleToOrgAdmin] with arguments: [org.springframework.data.mongodb.core.MongoTemplate]
READY
RESULT 329
processname:backend groupname:backend pid:1700 channel:stdout
[2025-04-04 16:18:13,274] [main] requestId= userEmail= traceId= spanId= - PASSED OVER - {"id"="rename-instance-admin-role-to-org-admin-role", "type"="execution", "author"="default_author", "class"="Migration066_RenameInstanceAdminRoleToOrgAdmin", "method"="execute"}
READY
RESULT 234
processname:backend groupname:backend pid:1700 channel:stdout
[2025-04-04 16:18:13,279] [main] requestId= userEmail= traceId= spanId= - method[com.appsmith.server.migrations.db.ce.Migration067_UpdateUserEmailIndex] with arguments: []
READY
RESULT 295
processname:backend groupname:backend pid:1700 channel:stdout
[2025-04-04 16:18:13,279] [main] requestId= userEmail= traceId= spanId= - PASSED OVER - {"id"="update-user-email-index", "type"="execution", "author"="default_author", "class"="Migration067_UpdateUserEmailIndex", "method"="execute"}
READY
RESULT 572
processname:backend groupname:backend pid:1700 channel:stdout
[2025-04-04 16:18:13,282] [main] requestId= userEmail= traceId= spanId= - method[com.appsmith.server.migrations.db.ce.Migration068_AddOrganizationIdToPasswordResetToken] with arguments: [org.springframework.data.mongodb.core.MongoTemplate]
[2025-04-04 16:18:13,283] [main] requestId= userEmail= traceId= spanId= - PASSED OVER - {"id"="add-organization-id-to-password-reset-token", "type"="execution", "author"="default_author", "class"="Migration068_AddOrganizationIdToPasswordResetToken", "method"="execute"}
READY
RESULT 305
processname:backend groupname:backend pid:1700 channel:stdout
[2025-04-04 16:18:13,286] [main] requestId= userEmail= traceId= spanId= - method[com.appsmith.server.migrations.db.ce.Migration069MigrateOrganizationConfigToInstanceConfig] with arguments: [org.springframework.data.mongodb.core.MongoTemplate]
READY
RESULT 372
processname:backend groupname:backend pid:1700 channel:stdout
[2025-04-04 16:18:13,286] [main] requestId= userEmail= traceId= spanId= - PASSED OVER - {"id"="migrate-organization-config-to-instance-config", "type"="execution", "author"="default_author", "class"="Migration069MigrateOrganizationConfigToInstanceConfig", "method"="migrateOrganizationConfigToInstanceConfig"}
READY
RESULT 618
processname:backend groupname:backend pid:1700 channel:stdout
[2025-04-04 16:18:13,289] [main] requestId= userEmail= traceId= spanId= - method[com.appsmith.server.migrations.db.ce.Migration070_AddOrganizationIdToEmailVerificationToken] with arguments: [org.springframework.data.mongodb.core.MongoTemplate]
[2025-04-04 16:18:13,291] [main] requestId= userEmail= traceId= spanId= - PASSED OVER - {"id"="add-organization-id-to-email-verification-token", "type"="execution", "author"="default_author", "class"="Migration070_AddOrganizationIdToEmailVerificationToken", "method"="addOrganizationIdToEmailVerificationToken"}
READY
RESULT 429
processname:backend groupname:backend pid:1700 channel:stdout
[2025-04-04 16:18:13,302] [main] requestId= userEmail= traceId= spanId= - method[com.appsmith.server.migrations.db.ce.Migration10000_UpdateSuperUser] with arguments: [org.springframework.data.mongodb.core.MongoTemplate, com.appsmith.server.repositories.CacheableRepositoryHelper, com.appsmith.server.solutions.PolicySolution, com.appsmith.server.acl.PolicyGenerator]
READY
RESULT 180
processname:backend groupname:backend pid:1700 channel:stdout
[2025-04-04 16:18:13,302] [main] requestId= userEmail= traceId= spanId= - method[executeMigration] with arguments: []
READY
RESULT 295
processname:backend groupname:backend pid:1700 channel:stdout
[2025-04-04 16:18:13,491] [main] requestId= userEmail= traceId= spanId= - RE-APPLIED - {"id"="update-super-users", "type"="execution", "author"="default_author", "class"="Migration10000_UpdateSuperUser", "method"="executeMigration"}
READY
RESULT 557
processname:backend groupname:backend pid:1700 channel:stdout
[2025-04-04 16:18:13,495] [main] requestId= userEmail= traceId= spanId= - method[com.appsmith.server.migrations.db.ce.Migration020TransferToDatasourceStorage] with arguments: [org.springframework.data.mongodb.core.MongoTemplate]
[2025-04-04 16:18:13,496] [main] requestId= userEmail= traceId= spanId= - PASSED OVER - {"id"="migrate-configurations-to-data-storage-v2", "type"="execution", "author"="default_author", "class"="Migration020TransferToDatasourceStorage", "method"="executeMigration"}
READY
RESULT 264
processname:backend groupname:backend pid:1700 channel:stdout
[2025-04-04 16:18:13,497] [main] requestId= userEmail= traceId= spanId= - Mongock releasing the lock
[2025-04-04 16:18:13,497] [main] requestId= userEmail= traceId= spanId= - Mongock releasing the lock
READY
RESULT 257
processname:backend groupname:backend pid:1700 channel:stdout
[2025-04-04 16:18:13,600] [main] requestId= userEmail= traceId= spanId= - Mongock released the lock
[2025-04-04 16:18:13,600] [main] requestId= userEmail= traceId= spanId= - Mongock has finished
READY
RESULT 186
processname:backend groupname:backend pid:1700 channel:stdout
[2025-04-04 16:18:17,258] [main] requestId= userEmail= traceId= spanId= - Exposing 1 endpoint beneath base path '/actuator'
READY
RESULT 170
processname:backend groupname:backend pid:1700 channel:stdout
[2025-04-04 16:18:19,243] [main] requestId= userEmail= traceId= spanId= - Netty started on port 8080 (http)
READY
RESULT 209
processname:backend groupname:backend pid:1700 channel:stdout
[2025-04-04 16:18:19,313] [main] requestId= userEmail= traceId= spanId= - Started ServerApplication in 89.189 seconds (process running for 94.357)
READY
RESULT 209
processname:backend groupname:backend pid:1700 channel:stdout
[2025-04-04 16:18:19,320] [main] requestId= userEmail= traceId= spanId= - Cleaning up and updating default organization policies on server startup
READY
RESULT 232
processname:backend groupname:backend pid:1700 channel:stdout
[2025-04-04 16:18:19,668] [main] requestId= userEmail= traceId=bb581599f0d6fbb9326e5265f0ebca59 spanId=43e1faf6f701eba2 - Performing RTS health check of this instance...
READY
RESULT 296
processname:backend groupname:backend pid:1700 channel:stdout
[2025-04-04 16:18:19,725] [main] requestId= userEmail= traceId=bb581599f0d6fbb9326e5265f0ebca59 spanId=43e1faf6f701eba2 - In memory cache miss for anonymous user permission groups. Fetching from DB and adding it to in memory storage.
READY
RESULT 208
processname:backend groupname:backend pid:1700 channel:stdout
[2025-04-04 16:18:19,764] [nioEventLoopGroup-3-8] requestId= userEmail= traceId= spanId= - Fetched and set conenncted mongo db version as: 5.0.30
READY
RESULT 179
processname:backend groupname:backend pid:1700 channel:stdout
[2025-04-04 16:18:20,497] [reactor-http-epoll-1] requestId= userEmail= traceId= spanId= - RTS health check succeeded
READY
RESULT 230
processname:backend groupname:backend pid:1700 channel:stdout
[2025-04-04 16:18:21,012] [parallel-1] requestId= userEmail=anonymousUser traceId=793afcd7bf0c9743f06bf2b537734971 spanId=18db003d4d45c5e3 - Checking server health ...
READY
RESULT 790
processname:editor groupname:editor pid:1708 channel:stderr
{"level":"debug","ts":1743783505.504124,"logger":"http.handlers.rewrite","msg":"rewrote request","request":{"remote_ip":"::1","remote_port":"54576","client_ip":"::1","proto":"HTTP/1.1","method":"GET","host":"localhost","uri":"/index.html","headers":{"User-Agent":["curl/7.68.0"],"Accept":["*/*"],"X-Request-Id":["invalid_request_id"]}},"method":"GET","uri":"/index.html"}
{"level":"debug","ts":1743783505.5041978,"logger":"http.handlers.file_server","msg":"sanitized path join","site_root":"/tmp/appsmith/www","fs":"","request_path":"/index.html","result":"/tmp/appsmith/www/index.html"}
{"level":"debug","ts":1743783505.5042388,"logger":"http.handlers.file_server","msg":"opening file","filename":"/tmp/appsmith/www/index.html"}
READY
RESULT 886
processname:editor groupname:editor pid:1708 channel:stdout
{"level":"info","ts":1743783505.5051591,"logger":"http.log.access.log0","msg":"handled request","request":{"remote_ip":"::1","remote_port":"54576","client_ip":"::1","proto":"HTTP/1.1","method":"GET","host":"localhost","uri":"/","headers":{"User-Agent":["curl/7.68.0"],"Accept":["*/*"]}},"bytes_read":0,"user_id":"","duration":0.001350257,"size":5571,"status":200,"resp_headers":{"Vary":["Accept-Encoding"],"Etag":["\"d8xzmjrun0jh4ar\""],"Content-Type":["text/html; charset=utf-8"],"Last-Modified":["Fri, 04 Apr 2025 16:16:41 GMT"],"Accept-Ranges":["bytes"],"X-Appsmith-Request-Id":["51cf84fd-44e1-4981-b365-9d53cc199051"],"Content-Security-Policy":["frame-ancestors 'self' *"],"X-Request-Id":["invalid_request_id"],"Content-Length":["5571"],"X-Content-Type-Options":["nosniff"]},"uuid":"51cf84fd-44e1-4981-b365-9d53cc199051"}
READY
RESULT 190
processname:backend groupname:backend pid:1700 channel:stdout
[2025-04-04 16:18:29,400] [scheduling-1] requestId= userEmail= traceId= spanId= - Lock already acquired for: lock:fetchFeatures
READY
RESULT 170
processname:backend groupname:backend pid:1700 channel:stdout
[2025-04-04 16:18:30,903] [Thread-3] requestId= userEmail= traceId= spanId= - Cancelled mongock lock daemon
READY
RESULT 789
processname:editor groupname:editor pid:1708 channel:stderr
{"level":"debug","ts":1743783520.785464,"logger":"http.handlers.rewrite","msg":"rewrote request","request":{"remote_ip":"::1","remote_port":"38594","client_ip":"::1","proto":"HTTP/1.1","method":"GET","host":"localhost","uri":"/index.html","headers":{"Accept":["*/*"],"X-Request-Id":["invalid_request_id"],"User-Agent":["curl/7.68.0"]}},"method":"GET","uri":"/index.html"}
{"level":"debug","ts":1743783520.7855268,"logger":"http.handlers.file_server","msg":"sanitized path join","site_root":"/tmp/appsmith/www","fs":"","request_path":"/index.html","result":"/tmp/appsmith/www/index.html"}
{"level":"debug","ts":1743783520.785557,"logger":"http.handlers.file_server","msg":"opening file","filename":"/tmp/appsmith/www/index.html"}
READY
RESULT 886
processname:editor groupname:editor pid:1708 channel:stdout
{"level":"info","ts":1743783520.7858477,"logger":"http.log.access.log0","msg":"handled request","request":{"remote_ip":"::1","remote_port":"38594","client_ip":"::1","proto":"HTTP/1.1","method":"GET","host":"localhost","uri":"/","headers":{"User-Agent":["curl/7.68.0"],"Accept":["*/*"]}},"bytes_read":0,"user_id":"","duration":0.000657617,"size":5571,"status":200,"resp_headers":{"X-Request-Id":["invalid_request_id"],"Content-Type":["text/html; charset=utf-8"],"Accept-Ranges":["bytes"],"X-Appsmith-Request-Id":["04351ec0-fd2a-40fd-bb73-6159c8ec1061"],"Vary":["Accept-Encoding"],"Etag":["\"d8xzmjrun0jh4ar\""],"Last-Modified":["Fri, 04 Apr 2025 16:16:41 GMT"],"Content-Length":["5571"],"Content-Security-Policy":["frame-ancestors 'self' *"],"X-Content-Type-Options":["nosniff"]},"uuid":"04351ec0-fd2a-40fd-bb73-6159c8ec1061"}
READY
RESULT 790
processname:editor groupname:editor pid:1708 channel:stderr
{"level":"debug","ts":1743783536.268239,"logger":"http.handlers.rewrite","msg":"rewrote request","request":{"remote_ip":"::1","remote_port":"50270","client_ip":"::1","proto":"HTTP/1.1","method":"GET","host":"localhost","uri":"/index.html","headers":{"User-Agent":["curl/7.68.0"],"Accept":["*/*"],"X-Request-Id":["invalid_request_id"]}},"method":"GET","uri":"/index.html"}
{"level":"debug","ts":1743783536.2683291,"logger":"http.handlers.file_server","msg":"sanitized path join","site_root":"/tmp/appsmith/www","fs":"","request_path":"/index.html","result":"/tmp/appsmith/www/index.html"}
{"level":"debug","ts":1743783536.2683694,"logger":"http.handlers.file_server","msg":"opening file","filename":"/tmp/appsmith/www/index.html"}
READY
RESULT 885
processname:editor groupname:editor pid:1708 channel:stdout
{"level":"info","ts":1743783536.268645,"logger":"http.log.access.log0","msg":"handled request","request":{"remote_ip":"::1","remote_port":"50270","client_ip":"::1","proto":"HTTP/1.1","method":"GET","host":"localhost","uri":"/","headers":{"User-Agent":["curl/7.68.0"],"Accept":["*/*"]}},"bytes_read":0,"user_id":"","duration":0.000740271,"size":5571,"status":200,"resp_headers":{"Vary":["Accept-Encoding"],"Etag":["\"d8xzmjrun0jh4ar\""],"Content-Type":["text/html; charset=utf-8"],"Accept-Ranges":["bytes"],"Content-Length":["5571"],"Content-Security-Policy":["frame-ancestors 'self' *"],"X-Request-Id":["invalid_request_id"],"Last-Modified":["Fri, 04 Apr 2025 16:16:41 GMT"],"X-Content-Type-Options":["nosniff"],"X-Appsmith-Request-Id":["f651ea20-4ff5-47c6-902a-efcd8d810102"]},"uuid":"f651ea20-4ff5-47c6-902a-efcd8d810102"}
READY
RESULT 791
processname:editor groupname:editor pid:1708 channel:stderr
{"level":"debug","ts":1743783551.8711715,"logger":"http.handlers.rewrite","msg":"rewrote request","request":{"remote_ip":"::1","remote_port":"37302","client_ip":"::1","proto":"HTTP/1.1","method":"GET","host":"localhost","uri":"/index.html","headers":{"User-Agent":["curl/7.68.0"],"Accept":["*/*"],"X-Request-Id":["invalid_request_id"]}},"method":"GET","uri":"/index.html"}
{"level":"debug","ts":1743783551.8712425,"logger":"http.handlers.file_server","msg":"sanitized path join","site_root":"/tmp/appsmith/www","fs":"","request_path":"/index.html","result":"/tmp/appsmith/www/index.html"}
{"level":"debug","ts":1743783551.8712876,"logger":"http.handlers.file_server","msg":"opening file","filename":"/tmp/appsmith/www/index.html"}
READY
RESULT 886
processname:editor groupname:editor pid:1708 channel:stdout
{"level":"info","ts":1743783551.8716586,"logger":"http.log.access.log0","msg":"handled request","request":{"remote_ip":"::1","remote_port":"37302","client_ip":"::1","proto":"HTTP/1.1","method":"GET","host":"localhost","uri":"/","headers":{"User-Agent":["curl/7.68.0"],"Accept":["*/*"]}},"bytes_read":0,"user_id":"","duration":0.000834686,"size":5571,"status":200,"resp_headers":{"Vary":["Accept-Encoding"],"Etag":["\"d8xzmjrun0jh4ar\""],"Content-Type":["text/html; charset=utf-8"],"Accept-Ranges":["bytes"],"Content-Security-Policy":["frame-ancestors 'self' *"],"X-Appsmith-Request-Id":["e66c79c9-2682-4ec4-893c-99299cfcb63f"],"X-Content-Type-Options":["nosniff"],"X-Request-Id":["invalid_request_id"],"Last-Modified":["Fri, 04 Apr 2025 16:16:41 GMT"],"Content-Length":["5571"]},"uuid":"e66c79c9-2682-4ec4-893c-99299cfcb63f"}
READY
RESULT 791
processname:editor groupname:editor pid:1708 channel:stderr
{"level":"debug","ts":1743783567.9871945,"logger":"http.handlers.rewrite","msg":"rewrote request","request":{"remote_ip":"::1","remote_port":"54424","client_ip":"::1","proto":"HTTP/1.1","method":"GET","host":"localhost","uri":"/index.html","headers":{"User-Agent":["curl/7.68.0"],"Accept":["*/*"],"X-Request-Id":["invalid_request_id"]}},"method":"GET","uri":"/index.html"}
{"level":"debug","ts":1743783567.9872837,"logger":"http.handlers.file_server","msg":"sanitized path join","site_root":"/tmp/appsmith/www","fs":"","request_path":"/index.html","result":"/tmp/appsmith/www/index.html"}
{"level":"debug","ts":1743783567.9873328,"logger":"http.handlers.file_server","msg":"opening file","filename":"/tmp/appsmith/www/index.html"}
READY
RESULT 886
processname:editor groupname:editor pid:1708 channel:stdout
{"level":"info","ts":1743783567.9876668,"logger":"http.log.access.log0","msg":"handled request","request":{"remote_ip":"::1","remote_port":"54424","client_ip":"::1","proto":"HTTP/1.1","method":"GET","host":"localhost","uri":"/","headers":{"Accept":["*/*"],"User-Agent":["curl/7.68.0"]}},"bytes_read":0,"user_id":"","duration":0.000865163,"size":5571,"status":200,"resp_headers":{"X-Content-Type-Options":["nosniff"],"X-Request-Id":["invalid_request_id"],"Vary":["Accept-Encoding"],"Content-Type":["text/html; charset=utf-8"],"Content-Security-Policy":["frame-ancestors 'self' *"],"X-Appsmith-Request-Id":["0e42b15f-ac94-4b48-b036-7e17cce59e7a"],"Etag":["\"d8xzmjrun0jh4ar\""],"Last-Modified":["Fri, 04 Apr 2025 16:16:41 GMT"],"Accept-Ranges":["bytes"],"Content-Length":["5571"]},"uuid":"0e42b15f-ac94-4b48-b036-7e17cce59e7a"}
READY
RESULT 788
processname:editor groupname:editor pid:1708 channel:stderr
{"level":"debug","ts":1743783583.41003,"logger":"http.handlers.rewrite","msg":"rewrote request","request":{"remote_ip":"::1","remote_port":"33572","client_ip":"::1","proto":"HTTP/1.1","method":"GET","host":"localhost","uri":"/index.html","headers":{"Accept":["*/*"],"X-Request-Id":["invalid_request_id"],"User-Agent":["curl/7.68.0"]}},"method":"GET","uri":"/index.html"}
{"level":"debug","ts":1743783583.4101317,"logger":"http.handlers.file_server","msg":"sanitized path join","site_root":"/tmp/appsmith/www","fs":"","request_path":"/index.html","result":"/tmp/appsmith/www/index.html"}
{"level":"debug","ts":1743783583.410185,"logger":"http.handlers.file_server","msg":"opening file","filename":"/tmp/appsmith/www/index.html"}
READY
RESULT 886
processname:editor groupname:editor pid:1708 channel:stdout
{"level":"info","ts":1743783583.4105265,"logger":"http.log.access.log0","msg":"handled request","request":{"remote_ip":"::1","remote_port":"33572","client_ip":"::1","proto":"HTTP/1.1","method":"GET","host":"localhost","uri":"/","headers":{"Accept":["*/*"],"User-Agent":["curl/7.68.0"]}},"bytes_read":0,"user_id":"","duration":0.000969188,"size":5571,"status":200,"resp_headers":{"Content-Type":["text/html; charset=utf-8"],"Content-Security-Policy":["frame-ancestors 'self' *"],"X-Request-Id":["invalid_request_id"],"Vary":["Accept-Encoding"],"Etag":["\"d8xzmjrun0jh4ar\""],"Content-Length":["5571"],"X-Appsmith-Request-Id":["56734e9c-b214-4bbf-851c-7e05a0872222"],"X-Content-Type-Options":["nosniff"],"Last-Modified":["Fri, 04 Apr 2025 16:16:41 GMT"],"Accept-Ranges":["bytes"]},"uuid":"56734e9c-b214-4bbf-851c-7e05a0872222"}
READY
RESULT 791
processname:editor groupname:editor pid:1708 channel:stderr
{"level":"debug","ts":1743783599.1149895,"logger":"http.handlers.rewrite","msg":"rewrote request","request":{"remote_ip":"::1","remote_port":"38998","client_ip":"::1","proto":"HTTP/1.1","method":"GET","host":"localhost","uri":"/index.html","headers":{"User-Agent":["curl/7.68.0"],"Accept":["*/*"],"X-Request-Id":["invalid_request_id"]}},"method":"GET","uri":"/index.html"}
{"level":"debug","ts":1743783599.1150866,"logger":"http.handlers.file_server","msg":"sanitized path join","site_root":"/tmp/appsmith/www","fs":"","request_path":"/index.html","result":"/tmp/appsmith/www/index.html"}
{"level":"debug","ts":1743783599.1151857,"logger":"http.handlers.file_server","msg":"opening file","filename":"/tmp/appsmith/www/index.html"}
READY
RESULT 886
processname:editor groupname:editor pid:1708 channel:stdout
{"level":"info","ts":1743783599.1156497,"logger":"http.log.access.log0","msg":"handled request","request":{"remote_ip":"::1","remote_port":"38998","client_ip":"::1","proto":"HTTP/1.1","method":"GET","host":"localhost","uri":"/","headers":{"Accept":["*/*"],"User-Agent":["curl/7.68.0"]}},"bytes_read":0,"user_id":"","duration":0.001306151,"size":5571,"status":200,"resp_headers":{"X-Request-Id":["invalid_request_id"],"Etag":["\"d8xzmjrun0jh4ar\""],"Last-Modified":["Fri, 04 Apr 2025 16:16:41 GMT"],"Accept-Ranges":["bytes"],"Content-Type":["text/html; charset=utf-8"],"Content-Length":["5571"],"X-Appsmith-Request-Id":["1249dc2a-072f-488d-84ea-e7ce9660e702"],"X-Content-Type-Options":["nosniff"],"Content-Security-Policy":["frame-ancestors 'self' *"],"Vary":["Accept-Encoding"]},"uuid":"1249dc2a-072f-488d-84ea-e7ce9660e702"}
READY
RESULT 789
processname:editor groupname:editor pid:1708 channel:stderr
{"level":"debug","ts":1743783614.6425385,"logger":"http.handlers.rewrite","msg":"rewrote request","request":{"remote_ip":"::1","remote_port":"36288","client_ip":"::1","proto":"HTTP/1.1","method":"GET","host":"localhost","uri":"/index.html","headers":{"User-Agent":["curl/7.68.0"],"Accept":["*/*"],"X-Request-Id":["invalid_request_id"]}},"method":"GET","uri":"/index.html"}
{"level":"debug","ts":1743783614.642627,"logger":"http.handlers.file_server","msg":"sanitized path join","site_root":"/tmp/appsmith/www","fs":"","request_path":"/index.html","result":"/tmp/appsmith/www/index.html"}
{"level":"debug","ts":1743783614.642683,"logger":"http.handlers.file_server","msg":"opening file","filename":"/tmp/appsmith/www/index.html"}
READY
RESULT 886
processname:editor groupname:editor pid:1708 channel:stdout
{"level":"info","ts":1743783614.6430564,"logger":"http.log.access.log0","msg":"handled request","request":{"remote_ip":"::1","remote_port":"36288","client_ip":"::1","proto":"HTTP/1.1","method":"GET","host":"localhost","uri":"/","headers":{"Accept":["*/*"],"User-Agent":["curl/7.68.0"]}},"bytes_read":0,"user_id":"","duration":0.000954868,"size":5571,"status":200,"resp_headers":{"X-Request-Id":["invalid_request_id"],"Content-Type":["text/html; charset=utf-8"],"Accept-Ranges":["bytes"],"Content-Length":["5571"],"Vary":["Accept-Encoding"],"Etag":["\"d8xzmjrun0jh4ar\""],"Last-Modified":["Fri, 04 Apr 2025 16:16:41 GMT"],"X-Content-Type-Options":["nosniff"],"Content-Security-Policy":["frame-ancestors 'self' *"],"X-Appsmith-Request-Id":["a54e636a-b725-4e04-b592-373ab1e966e2"]},"uuid":"a54e636a-b725-4e04-b592-373ab1e966e2"}
READY
RESULT 189
processname:backend groupname:backend pid:1700 channel:stdout
[2025-04-04 16:20:19,317] [scheduling-1] requestId= userEmail= traceId= spanId= - Lock already acquired for: lock:pingSchedule
READY
RESULT 186
processname:backend groupname:backend pid:1700 channel:stdout
[2025-04-04 16:20:19,324] [scheduling-1] requestId= userEmail= traceId= spanId= - Lock already acquired for: lock:pingStats
READY
RESULT 790
processname:editor groupname:editor pid:1708 channel:stderr
{"level":"debug","ts":1743783630.3530338,"logger":"http.handlers.rewrite","msg":"rewrote request","request":{"remote_ip":"::1","remote_port":"51074","client_ip":"::1","proto":"HTTP/1.1","method":"GET","host":"localhost","uri":"/index.html","headers":{"User-Agent":["curl/7.68.0"],"Accept":["*/*"],"X-Request-Id":["invalid_request_id"]}},"method":"GET","uri":"/index.html"}
{"level":"debug","ts":1743783630.3531206,"logger":"http.handlers.file_server","msg":"sanitized path join","site_root":"/tmp/appsmith/www","fs":"","request_path":"/index.html","result":"/tmp/appsmith/www/index.html"}
{"level":"debug","ts":1743783630.353166,"logger":"http.handlers.file_server","msg":"opening file","filename":"/tmp/appsmith/www/index.html"}
READY
RESULT 886
processname:editor groupname:editor pid:1708 channel:stdout
{"level":"info","ts":1743783630.3536396,"logger":"http.log.access.log0","msg":"handled request","request":{"remote_ip":"::1","remote_port":"51074","client_ip":"::1","proto":"HTTP/1.1","method":"GET","host":"localhost","uri":"/","headers":{"User-Agent":["curl/7.68.0"],"Accept":["*/*"]}},"bytes_read":0,"user_id":"","duration":0.000996081,"size":5571,"status":200,"resp_headers":{"Vary":["Accept-Encoding"],"Content-Type":["text/html; charset=utf-8"],"Last-Modified":["Fri, 04 Apr 2025 16:16:41 GMT"],"Content-Length":["5571"],"Content-Security-Policy":["frame-ancestors 'self' *"],"X-Request-Id":["invalid_request_id"],"Etag":["\"d8xzmjrun0jh4ar\""],"Accept-Ranges":["bytes"],"X-Appsmith-Request-Id":["cd8396ec-bfaf-4d37-8dfb-0255b290963e"],"X-Content-Type-Options":["nosniff"]},"uuid":"cd8396ec-bfaf-4d37-8dfb-0255b290963e"}
READY
RESULT 790
processname:editor groupname:editor pid:1708 channel:stderr
{"level":"debug","ts":1743783645.8684394,"logger":"http.handlers.rewrite","msg":"rewrote request","request":{"remote_ip":"::1","remote_port":"53168","client_ip":"::1","proto":"HTTP/1.1","method":"GET","host":"localhost","uri":"/index.html","headers":{"X-Request-Id":["invalid_request_id"],"User-Agent":["curl/7.68.0"],"Accept":["*/*"]}},"method":"GET","uri":"/index.html"}
{"level":"debug","ts":1743783645.868502,"logger":"http.handlers.file_server","msg":"sanitized path join","site_root":"/tmp/appsmith/www","fs":"","request_path":"/index.html","result":"/tmp/appsmith/www/index.html"}
{"level":"debug","ts":1743783645.8685353,"logger":"http.handlers.file_server","msg":"opening file","filename":"/tmp/appsmith/www/index.html"}
READY
RESULT 885
processname:editor groupname:editor pid:1708 channel:stdout
{"level":"info","ts":1743783645.8689492,"logger":"http.log.access.log0","msg":"handled request","request":{"remote_ip":"::1","remote_port":"53168","client_ip":"::1","proto":"HTTP/1.1","method":"GET","host":"localhost","uri":"/","headers":{"User-Agent":["curl/7.68.0"],"Accept":["*/*"]}},"bytes_read":0,"user_id":"","duration":0.00079844,"size":5571,"status":200,"resp_headers":{"X-Content-Type-Options":["nosniff"],"Vary":["Accept-Encoding"],"Content-Length":["5571"],"Etag":["\"d8xzmjrun0jh4ar\""],"Content-Type":["text/html; charset=utf-8"],"Last-Modified":["Fri, 04 Apr 2025 16:16:41 GMT"],"Accept-Ranges":["bytes"],"Content-Security-Policy":["frame-ancestors 'self' *"],"X-Appsmith-Request-Id":["5037a532-73f2-459a-a911-f957bf8aaed4"],"X-Request-Id":["invalid_request_id"]},"uuid":"5037a532-73f2-459a-a911-f957bf8aaed4"}
READY
RESULT 789
processname:editor groupname:editor pid:1708 channel:stderr
{"level":"debug","ts":1743783661.380931,"logger":"http.handlers.rewrite","msg":"rewrote request","request":{"remote_ip":"::1","remote_port":"50866","client_ip":"::1","proto":"HTTP/1.1","method":"GET","host":"localhost","uri":"/index.html","headers":{"User-Agent":["curl/7.68.0"],"Accept":["*/*"],"X-Request-Id":["invalid_request_id"]}},"method":"GET","uri":"/index.html"}
{"level":"debug","ts":1743783661.381014,"logger":"http.handlers.file_server","msg":"sanitized path join","site_root":"/tmp/appsmith/www","fs":"","request_path":"/index.html","result":"/tmp/appsmith/www/index.html"}
{"level":"debug","ts":1743783661.3810687,"logger":"http.handlers.file_server","msg":"opening file","filename":"/tmp/appsmith/www/index.html"}
READY
RESULT 886
processname:editor groupname:editor pid:1708 channel:stdout
{"level":"info","ts":1743783661.3815327,"logger":"http.log.access.log0","msg":"handled request","request":{"remote_ip":"::1","remote_port":"50866","client_ip":"::1","proto":"HTTP/1.1","method":"GET","host":"localhost","uri":"/","headers":{"User-Agent":["curl/7.68.0"],"Accept":["*/*"]}},"bytes_read":0,"user_id":"","duration":0.001434545,"size":5571,"status":200,"resp_headers":{"X-Request-Id":["invalid_request_id"],"Vary":["Accept-Encoding"],"Content-Type":["text/html; charset=utf-8"],"Last-Modified":["Fri, 04 Apr 2025 16:16:41 GMT"],"Accept-Ranges":["bytes"],"Etag":["\"d8xzmjrun0jh4ar\""],"Content-Length":["5571"],"Content-Security-Policy":["frame-ancestors 'self' *"],"X-Appsmith-Request-Id":["601554b7-b5b6-4552-a9a5-2572866cb204"],"X-Content-Type-Options":["nosniff"]},"uuid":"601554b7-b5b6-4552-a9a5-2572866cb204"}
READY
RESULT 791
processname:editor groupname:editor pid:1708 channel:stderr
{"level":"debug","ts":1743783676.9751287,"logger":"http.handlers.rewrite","msg":"rewrote request","request":{"remote_ip":"::1","remote_port":"50294","client_ip":"::1","proto":"HTTP/1.1","method":"GET","host":"localhost","uri":"/index.html","headers":{"User-Agent":["curl/7.68.0"],"Accept":["*/*"],"X-Request-Id":["invalid_request_id"]}},"method":"GET","uri":"/index.html"}
{"level":"debug","ts":1743783676.9752436,"logger":"http.handlers.file_server","msg":"sanitized path join","site_root":"/tmp/appsmith/www","fs":"","request_path":"/index.html","result":"/tmp/appsmith/www/index.html"}
{"level":"debug","ts":1743783676.9752972,"logger":"http.handlers.file_server","msg":"opening file","filename":"/tmp/appsmith/www/index.html"}
READY
RESULT 886
processname:editor groupname:editor pid:1708 channel:stdout
{"level":"info","ts":1743783676.9756706,"logger":"http.log.access.log0","msg":"handled request","request":{"remote_ip":"::1","remote_port":"50294","client_ip":"::1","proto":"HTTP/1.1","method":"GET","host":"localhost","uri":"/","headers":{"Accept":["*/*"],"User-Agent":["curl/7.68.0"]}},"bytes_read":0,"user_id":"","duration":0.000972766,"size":5571,"status":200,"resp_headers":{"Last-Modified":["Fri, 04 Apr 2025 16:16:41 GMT"],"Accept-Ranges":["bytes"],"X-Appsmith-Request-Id":["1b64d71b-3164-40fd-a0de-ae17f8e8aa78"],"Vary":["Accept-Encoding"],"X-Request-Id":["invalid_request_id"],"Etag":["\"d8xzmjrun0jh4ar\""],"Content-Type":["text/html; charset=utf-8"],"Content-Length":["5571"],"Content-Security-Policy":["frame-ancestors 'self' *"],"X-Content-Type-Options":["nosniff"]},"uuid":"1b64d71b-3164-40fd-a0de-ae17f8e8aa78"}
READY
RESULT 790
processname:editor groupname:editor pid:1708 channel:stderr
{"level":"debug","ts":1743783693.2710402,"logger":"http.handlers.rewrite","msg":"rewrote request","request":{"remote_ip":"::1","remote_port":"40802","client_ip":"::1","proto":"HTTP/1.1","method":"GET","host":"localhost","uri":"/index.html","headers":{"X-Request-Id":["invalid_request_id"],"User-Agent":["curl/7.68.0"],"Accept":["*/*"]}},"method":"GET","uri":"/index.html"}
{"level":"debug","ts":1743783693.2711425,"logger":"http.handlers.file_server","msg":"sanitized path join","site_root":"/tmp/appsmith/www","fs":"","request_path":"/index.html","result":"/tmp/appsmith/www/index.html"}
{"level":"debug","ts":1743783693.271193,"logger":"http.handlers.file_server","msg":"opening file","filename":"/tmp/appsmith/www/index.html"}
READY
RESULT 885
processname:editor groupname:editor pid:1708 channel:stdout
{"level":"info","ts":1743783693.2715385,"logger":"http.log.access.log0","msg":"handled request","request":{"remote_ip":"::1","remote_port":"40802","client_ip":"::1","proto":"HTTP/1.1","method":"GET","host":"localhost","uri":"/","headers":{"User-Agent":["curl/7.68.0"],"Accept":["*/*"]}},"bytes_read":0,"user_id":"","duration":0.00095512,"size":5571,"status":200,"resp_headers":{"Content-Type":["text/html; charset=utf-8"],"Accept-Ranges":["bytes"],"X-Content-Type-Options":["nosniff"],"Content-Security-Policy":["frame-ancestors 'self' *"],"Etag":["\"d8xzmjrun0jh4ar\""],"X-Request-Id":["invalid_request_id"],"Vary":["Accept-Encoding"],"Last-Modified":["Fri, 04 Apr 2025 16:16:41 GMT"],"Content-Length":["5571"],"X-Appsmith-Request-Id":["b97900b1-d0a6-44d2-a396-f5337716cf94"]},"uuid":"b97900b1-d0a6-44d2-a396-f5337716cf94"}
READY
RESULT 790
processname:editor groupname:editor pid:1708 channel:stderr
{"level":"debug","ts":1743783708.7168481,"logger":"http.handlers.rewrite","msg":"rewrote request","request":{"remote_ip":"::1","remote_port":"42998","client_ip":"::1","proto":"HTTP/1.1","method":"GET","host":"localhost","uri":"/index.html","headers":{"User-Agent":["curl/7.68.0"],"Accept":["*/*"],"X-Request-Id":["invalid_request_id"]}},"method":"GET","uri":"/index.html"}
{"level":"debug","ts":1743783708.716932,"logger":"http.handlers.file_server","msg":"sanitized path join","site_root":"/tmp/appsmith/www","fs":"","request_path":"/index.html","result":"/tmp/appsmith/www/index.html"}
{"level":"debug","ts":1743783708.7169857,"logger":"http.handlers.file_server","msg":"opening file","filename":"/tmp/appsmith/www/index.html"}
READY
RESULT 886
processname:editor groupname:editor pid:1708 channel:stdout
{"level":"info","ts":1743783708.7178528,"logger":"http.log.access.log0","msg":"handled request","request":{"remote_ip":"::1","remote_port":"42998","client_ip":"::1","proto":"HTTP/1.1","method":"GET","host":"localhost","uri":"/","headers":{"User-Agent":["curl/7.68.0"],"Accept":["*/*"]}},"bytes_read":0,"user_id":"","duration":0.001475151,"size":5571,"status":200,"resp_headers":{"Content-Security-Policy":["frame-ancestors 'self' *"],"X-Request-Id":["invalid_request_id"],"Vary":["Accept-Encoding"],"Content-Type":["text/html; charset=utf-8"],"Last-Modified":["Fri, 04 Apr 2025 16:16:41 GMT"],"Etag":["\"d8xzmjrun0jh4ar\""],"Accept-Ranges":["bytes"],"Content-Length":["5571"],"X-Appsmith-Request-Id":["84eb0023-f811-4b18-959b-048413838da5"],"X-Content-Type-Options":["nosniff"]},"uuid":"84eb0023-f811-4b18-959b-048413838da5"}
READY
RESULT 791
processname:editor groupname:editor pid:1708 channel:stderr
{"level":"debug","ts":1743783724.1211321,"logger":"http.handlers.rewrite","msg":"rewrote request","request":{"remote_ip":"::1","remote_port":"36050","client_ip":"::1","proto":"HTTP/1.1","method":"GET","host":"localhost","uri":"/index.html","headers":{"User-Agent":["curl/7.68.0"],"Accept":["*/*"],"X-Request-Id":["invalid_request_id"]}},"method":"GET","uri":"/index.html"}
{"level":"debug","ts":1743783724.1212165,"logger":"http.handlers.file_server","msg":"sanitized path join","site_root":"/tmp/appsmith/www","fs":"","request_path":"/index.html","result":"/tmp/appsmith/www/index.html"}
{"level":"debug","ts":1743783724.1212573,"logger":"http.handlers.file_server","msg":"opening file","filename":"/tmp/appsmith/www/index.html"}
READY
RESULT 886
processname:editor groupname:editor pid:1708 channel:stdout
{"level":"info","ts":1743783724.1216302,"logger":"http.log.access.log0","msg":"handled request","request":{"remote_ip":"::1","remote_port":"36050","client_ip":"::1","proto":"HTTP/1.1","method":"GET","host":"localhost","uri":"/","headers":{"User-Agent":["curl/7.68.0"],"Accept":["*/*"]}},"bytes_read":0,"user_id":"","duration":0.000902071,"size":5571,"status":200,"resp_headers":{"X-Content-Type-Options":["nosniff"],"Vary":["Accept-Encoding"],"Etag":["\"d8xzmjrun0jh4ar\""],"Last-Modified":["Fri, 04 Apr 2025 16:16:41 GMT"],"Accept-Ranges":["bytes"],"Content-Security-Policy":["frame-ancestors 'self' *"],"X-Request-Id":["invalid_request_id"],"Content-Type":["text/html; charset=utf-8"],"Content-Length":["5571"],"X-Appsmith-Request-Id":["d072925c-3a19-47b9-9942-c4a69855fca6"]},"uuid":"d072925c-3a19-47b9-9942-c4a69855fca6"}
READY
RESULT 790
processname:editor groupname:editor pid:1708 channel:stderr
{"level":"debug","ts":1743783739.515717,"logger":"http.handlers.rewrite","msg":"rewrote request","request":{"remote_ip":"::1","remote_port":"51772","client_ip":"::1","proto":"HTTP/1.1","method":"GET","host":"localhost","uri":"/index.html","headers":{"X-Request-Id":["invalid_request_id"],"User-Agent":["curl/7.68.0"],"Accept":["*/*"]}},"method":"GET","uri":"/index.html"}
{"level":"debug","ts":1743783739.5158033,"logger":"http.handlers.file_server","msg":"sanitized path join","site_root":"/tmp/appsmith/www","fs":"","request_path":"/index.html","result":"/tmp/appsmith/www/index.html"}
{"level":"debug","ts":1743783739.5158484,"logger":"http.handlers.file_server","msg":"opening file","filename":"/tmp/appsmith/www/index.html"}
READY
RESULT 885
processname:editor groupname:editor pid:1708 channel:stdout
{"level":"info","ts":1743783739.5161474,"logger":"http.log.access.log0","msg":"handled request","request":{"remote_ip":"::1","remote_port":"51772","client_ip":"::1","proto":"HTTP/1.1","method":"GET","host":"localhost","uri":"/","headers":{"User-Agent":["curl/7.68.0"],"Accept":["*/*"]}},"bytes_read":0,"user_id":"","duration":0.00080711,"size":5571,"status":200,"resp_headers":{"Vary":["Accept-Encoding"],"Last-Modified":["Fri, 04 Apr 2025 16:16:41 GMT"],"X-Content-Type-Options":["nosniff"],"X-Request-Id":["invalid_request_id"],"Etag":["\"d8xzmjrun0jh4ar\""],"Content-Type":["text/html; charset=utf-8"],"Accept-Ranges":["bytes"],"Content-Length":["5571"],"Content-Security-Policy":["frame-ancestors 'self' *"],"X-Appsmith-Request-Id":["9784c1f1-4c33-4aa1-939a-d7e52f539541"]},"uuid":"9784c1f1-4c33-4aa1-939a-d7e52f539541"}
READY
RESULT 790
processname:editor groupname:editor pid:1708 channel:stderr
{"level":"debug","ts":1743783755.417285,"logger":"http.handlers.rewrite","msg":"rewrote request","request":{"remote_ip":"::1","remote_port":"51236","client_ip":"::1","proto":"HTTP/1.1","method":"GET","host":"localhost","uri":"/index.html","headers":{"X-Request-Id":["invalid_request_id"],"User-Agent":["curl/7.68.0"],"Accept":["*/*"]}},"method":"GET","uri":"/index.html"}
{"level":"debug","ts":1743783755.4173546,"logger":"http.handlers.file_server","msg":"sanitized path join","site_root":"/tmp/appsmith/www","fs":"","request_path":"/index.html","result":"/tmp/appsmith/www/index.html"}
{"level":"debug","ts":1743783755.4173942,"logger":"http.handlers.file_server","msg":"opening file","filename":"/tmp/appsmith/www/index.html"}
READY
RESULT 886
processname:editor groupname:editor pid:1708 channel:stdout
{"level":"info","ts":1743783755.4176495,"logger":"http.log.access.log0","msg":"handled request","request":{"remote_ip":"::1","remote_port":"51236","client_ip":"::1","proto":"HTTP/1.1","method":"GET","host":"localhost","uri":"/","headers":{"User-Agent":["curl/7.68.0"],"Accept":["*/*"]}},"bytes_read":0,"user_id":"","duration":0.000696925,"size":5571,"status":200,"resp_headers":{"Last-Modified":["Fri, 04 Apr 2025 16:16:41 GMT"],"Accept-Ranges":["bytes"],"Content-Security-Policy":["frame-ancestors 'self' *"],"Vary":["Accept-Encoding"],"Content-Type":["text/html; charset=utf-8"],"X-Appsmith-Request-Id":["c2ff1ff1-b948-4fa5-a231-92853e2185d0"],"X-Content-Type-Options":["nosniff"],"X-Request-Id":["invalid_request_id"],"Etag":["\"d8xzmjrun0jh4ar\""],"Content-Length":["5571"]},"uuid":"c2ff1ff1-b948-4fa5-a231-92853e2185d0"}
READY
RESULT 791
processname:editor groupname:editor pid:1708 channel:stderr
{"level":"debug","ts":1743783770.8572457,"logger":"http.handlers.rewrite","msg":"rewrote request","request":{"remote_ip":"::1","remote_port":"47428","client_ip":"::1","proto":"HTTP/1.1","method":"GET","host":"localhost","uri":"/index.html","headers":{"User-Agent":["curl/7.68.0"],"Accept":["*/*"],"X-Request-Id":["invalid_request_id"]}},"method":"GET","uri":"/index.html"}
{"level":"debug","ts":1743783770.8573067,"logger":"http.handlers.file_server","msg":"sanitized path join","site_root":"/tmp/appsmith/www","fs":"","request_path":"/index.html","result":"/tmp/appsmith/www/index.html"}
{"level":"debug","ts":1743783770.8573384,"logger":"http.handlers.file_server","msg":"opening file","filename":"/tmp/appsmith/www/index.html"}
READY
RESULT 886
processname:editor groupname:editor pid:1708 channel:stdout
{"level":"info","ts":1743783770.8576252,"logger":"http.log.access.log0","msg":"handled request","request":{"remote_ip":"::1","remote_port":"47428","client_ip":"::1","proto":"HTTP/1.1","method":"GET","host":"localhost","uri":"/","headers":{"User-Agent":["curl/7.68.0"],"Accept":["*/*"]}},"bytes_read":0,"user_id":"","duration":0.000641984,"size":5571,"status":200,"resp_headers":{"X-Request-Id":["invalid_request_id"],"Vary":["Accept-Encoding"],"Etag":["\"d8xzmjrun0jh4ar\""],"Content-Type":["text/html; charset=utf-8"],"Content-Length":["5571"],"Last-Modified":["Fri, 04 Apr 2025 16:16:41 GMT"],"Accept-Ranges":["bytes"],"Content-Security-Policy":["frame-ancestors 'self' *"],"X-Appsmith-Request-Id":["163b6de7-850d-4319-ac0e-8638dd2edfda"],"X-Content-Type-Options":["nosniff"]},"uuid":"163b6de7-850d-4319-ac0e-8638dd2edfda"}
READY
RESULT 789
processname:editor groupname:editor pid:1708 channel:stderr
{"level":"debug","ts":1743783786.491461,"logger":"http.handlers.rewrite","msg":"rewrote request","request":{"remote_ip":"::1","remote_port":"41922","client_ip":"::1","proto":"HTTP/1.1","method":"GET","host":"localhost","uri":"/index.html","headers":{"User-Agent":["curl/7.68.0"],"Accept":["*/*"],"X-Request-Id":["invalid_request_id"]}},"method":"GET","uri":"/index.html"}
{"level":"debug","ts":1743783786.4915318,"logger":"http.handlers.file_server","msg":"sanitized path join","site_root":"/tmp/appsmith/www","fs":"","request_path":"/index.html","result":"/tmp/appsmith/www/index.html"}
{"level":"debug","ts":1743783786.491585,"logger":"http.handlers.file_server","msg":"opening file","filename":"/tmp/appsmith/www/index.html"}
READY
RESULT 884
processname:editor groupname:editor pid:1708 channel:stdout
{"level":"info","ts":1743783786.4919462,"logger":"http.log.access.log0","msg":"handled request","request":{"remote_ip":"::1","remote_port":"41922","client_ip":"::1","proto":"HTTP/1.1","method":"GET","host":"localhost","uri":"/","headers":{"User-Agent":["curl/7.68.0"],"Accept":["*/*"]}},"bytes_read":0,"user_id":"","duration":0.0008508,"size":5571,"status":200,"resp_headers":{"X-Appsmith-Request-Id":["2ceaf221-2282-425a-bd1f-0f26f486b05b"],"X-Content-Type-Options":["nosniff"],"X-Request-Id":["invalid_request_id"],"Last-Modified":["Fri, 04 Apr 2025 16:16:41 GMT"],"Content-Security-Policy":["frame-ancestors 'self' *"],"Content-Type":["text/html; charset=utf-8"],"Accept-Ranges":["bytes"],"Content-Length":["5571"],"Vary":["Accept-Encoding"],"Etag":["\"d8xzmjrun0jh4ar\""]},"uuid":"2ceaf221-2282-425a-bd1f-0f26f486b05b"}
READY
RESULT 791
processname:editor groupname:editor pid:1708 channel:stderr
{"level":"debug","ts":1743783801.8752337,"logger":"http.handlers.rewrite","msg":"rewrote request","request":{"remote_ip":"::1","remote_port":"40490","client_ip":"::1","proto":"HTTP/1.1","method":"GET","host":"localhost","uri":"/index.html","headers":{"User-Agent":["curl/7.68.0"],"Accept":["*/*"],"X-Request-Id":["invalid_request_id"]}},"method":"GET","uri":"/index.html"}
{"level":"debug","ts":1743783801.8753128,"logger":"http.handlers.file_server","msg":"sanitized path join","site_root":"/tmp/appsmith/www","fs":"","request_path":"/index.html","result":"/tmp/appsmith/www/index.html"}
{"level":"debug","ts":1743783801.8753612,"logger":"http.handlers.file_server","msg":"opening file","filename":"/tmp/appsmith/www/index.html"}
READY
RESULT 885
processname:editor groupname:editor pid:1708 channel:stdout
{"level":"info","ts":1743783801.875667,"logger":"http.log.access.log0","msg":"handled request","request":{"remote_ip":"::1","remote_port":"40490","client_ip":"::1","proto":"HTTP/1.1","method":"GET","host":"localhost","uri":"/","headers":{"User-Agent":["curl/7.68.0"],"Accept":["*/*"]}},"bytes_read":0,"user_id":"","duration":0.000823505,"size":5571,"status":200,"resp_headers":{"X-Content-Type-Options":["nosniff"],"Etag":["\"d8xzmjrun0jh4ar\""],"Last-Modified":["Fri, 04 Apr 2025 16:16:41 GMT"],"Accept-Ranges":["bytes"],"Content-Length":["5571"],"X-Request-Id":["invalid_request_id"],"Vary":["Accept-Encoding"],"Content-Type":["text/html; charset=utf-8"],"X-Appsmith-Request-Id":["7d73b74f-1219-4946-a7a5-887b737e1d7b"],"Content-Security-Policy":["frame-ancestors 'self' *"]},"uuid":"7d73b74f-1219-4946-a7a5-887b737e1d7b"}
READY
RESULT 790
processname:editor groupname:editor pid:1708 channel:stderr
{"level":"debug","ts":1743783817.286747,"logger":"http.handlers.rewrite","msg":"rewrote request","request":{"remote_ip":"::1","remote_port":"55144","client_ip":"::1","proto":"HTTP/1.1","method":"GET","host":"localhost","uri":"/index.html","headers":{"User-Agent":["curl/7.68.0"],"Accept":["*/*"],"X-Request-Id":["invalid_request_id"]}},"method":"GET","uri":"/index.html"}
{"level":"debug","ts":1743783817.2868223,"logger":"http.handlers.file_server","msg":"sanitized path join","site_root":"/tmp/appsmith/www","fs":"","request_path":"/index.html","result":"/tmp/appsmith/www/index.html"}
{"level":"debug","ts":1743783817.2868667,"logger":"http.handlers.file_server","msg":"opening file","filename":"/tmp/appsmith/www/index.html"}
READY
RESULT 886
processname:editor groupname:editor pid:1708 channel:stdout
{"level":"info","ts":1743783817.2872443,"logger":"http.log.access.log0","msg":"handled request","request":{"remote_ip":"::1","remote_port":"55144","client_ip":"::1","proto":"HTTP/1.1","method":"GET","host":"localhost","uri":"/","headers":{"Accept":["*/*"],"User-Agent":["curl/7.68.0"]}},"bytes_read":0,"user_id":"","duration":0.000879597,"size":5571,"status":200,"resp_headers":{"Content-Type":["text/html; charset=utf-8"],"Last-Modified":["Fri, 04 Apr 2025 16:16:41 GMT"],"Accept-Ranges":["bytes"],"Content-Length":["5571"],"X-Content-Type-Options":["nosniff"],"X-Request-Id":["invalid_request_id"],"Vary":["Accept-Encoding"],"Etag":["\"d8xzmjrun0jh4ar\""],"Content-Security-Policy":["frame-ancestors 'self' *"],"X-Appsmith-Request-Id":["ffa48153-cd27-45a4-88d1-ee04db888fe9"]},"uuid":"ffa48153-cd27-45a4-88d1-ee04db888fe9"}
READY
RESULT 137
processname:postgres groupname:postgres pid:1716 channel:stderr
2025-04-04 16:23:42.304 UTC [1716] LOG:  received smart shutdown request
READY
RESULT 189
processname:postgres groupname:postgres pid:1716 channel:stderr
2025-04-04 16:23:42.400 UTC [1716] LOG:  background worker "logical replication launcher" (PID 1811) exited with exit code 1
READY
RESULT 119
processname:postgres groupname:postgres pid:1716 channel:stderr
2025-04-04 16:23:42.420 UTC [1806] LOG:  shutting down
READY
RESULT 134
processname:postgres groupname:postgres pid:1716 channel:stderr
2025-04-04 16:23:43.190 UTC [1716] LOG:  database system is shut down
READY
RESULT 157
processname:editor groupname:editor pid:1708 channel:stderr
{"level":"info","ts":1743783823.2072022,"msg":"quitting process immediately","signal":"SIGQUIT"}
READY
RESULT 342
processname:backend groupname:backend pid:1700 channel:stdout
[2025-04-04 16:23:43,246] [SpringApplicationShutdownHook] requestId= userEmail= traceId= spanId= - Commencing graceful shutdown. Waiting for active requests to complete
[2025-04-04 16:23:43,251] [netty-shutdown] requestId= userEmail= traceId= spanId= - Graceful shutdown complete
READY
RESULT 297
processname:backend groupname:backend pid:1700 channel:stdout
[2025-04-04 16:23:45,515] [SpringApplicationShutdownHook] requestId= userEmail= traceId= spanId= - Invocation of destroy method failed on bean with name 'container': org.springframework.data.redis.RedisSystemException: Redis exception
READY
RESULT 131
processname:redis groupname:redis pid:1691 channel:stdout
1691:signal-handler (1743783830) Received SIGTERM scheduling shutdown...
READY
RESULT 199
processname:redis groupname:redis pid:1691 channel:stdout
1691:M 04 Apr 2025 16:23:50.182 # User requested shutdown...
1691:M 04 Apr 2025 16:23:50.182 * Saving the final RDB snapshot before exiting.
READY
RESULT 182
processname:redis groupname:redis pid:1691 channel:stdout
1691:M 04 Apr 2025 16:23:50.216 * DB saved on disk
1691:M 04 Apr 2025 16:23:50.216 # Redis is now ready to exit, bye bye...
READY
