READY
RESULT 834
processname:redis groupname:redis pid:1696 channel:stdout
1696:C 04 Apr 2025 10:33:12.236 # oO0OoO0OoO0Oo Redis is starting oO0OoO0OoO0Oo
1696:C 04 Apr 2025 10:33:12.236 # Redis version=5.0.7, bits=64, commit=00000000, modified=0, pid=1696, just started
1696:C 04 Apr 2025 10:33:12.236 # Configuration loaded
1696:M 04 Apr 2025 10:33:12.250 * Running mode=standalone, port=6379.
1696:M 04 Apr 2025 10:33:12.250 # Server initialized
1696:M 04 Apr 2025 10:33:12.250 # WARNING you have Transparent Huge Pages (THP) support enabled in your kernel. This will create latency and memory usage issues with Redis. To fix this issue run the command 'echo never > /sys/kernel/mm/transparent_hugepage/enabled' as root, and add it to your /etc/rc.local in order to retain the setting after a reboot. Redis must be restarted after THP is disabled.
READY
RESULT 110
processname:rts groupname:rts pid:1698 channel:stdout
2025-04-04T10:33:12.220Z Load environment configuration
READY
RESULT 118
processname:backend groupname:backend pid:1700 channel:stdout
2025-04-04T10:33:12.238Z Load environment configuration
READY
RESULT 116
processname:editor groupname:editor pid:1705 channel:stdout
2025-04-04T10:33:12.267Z Load environment configuration
READY
RESULT 189
processname:redis groupname:redis pid:1696 channel:stdout
1696:M 04 Apr 2025 10:33:12.292 * DB loaded from disk: 0.041 seconds
1696:M 04 Apr 2025 10:33:12.294 * Ready to accept connections
READY
RESULT 107
processname:backend groupname:backend pid:1700 channel:stdout
2025-04-04T10:33:12.298Z Running with mongo.
READY
RESULT 116
processname:backend groupname:backend pid:1700 channel:stdout
2025-04-04T10:33:12.352Z Waiting for RTS to start ...
READY
RESULT 246
processname:postgres groupname:postgres pid:1717 channel:stderr
2025-04-04 10:33:12.566 UTC [1717] LOG:  starting PostgreSQL 14.15 (Ubuntu 14.15-1.pgdg20.04+1) on x86_64-pc-linux-gnu, compiled by gcc (Ubuntu 9.4.0-1ubuntu1~20.04.2) 9.4.0, 64-bit
READY
RESULT 154
processname:postgres groupname:postgres pid:1717 channel:stderr
2025-04-04 10:33:12.567 UTC [1717] LOG:  listening on IPv4 address "127.0.0.1", port 5432
READY
RESULT 166
processname:postgres groupname:postgres pid:1717 channel:stderr
2025-04-04 10:33:12.618 UTC [1717] LOG:  listening on Unix socket "/var/run/postgresql/.s.PGSQL.5432"
READY
RESULT 162
processname:postgres groupname:postgres pid:1717 channel:stderr
2025-04-04 10:33:12.735 UTC [1758] LOG:  database system was shut down at 2025-04-04 10:33:10 UTC
READY
RESULT 92
processname:editor groupname:editor pid:1705 channel:stdout
/tmp/appsmith/www /opt/appsmith
READY
RESULT 74
processname:editor groupname:editor pid:1705 channel:stdout
/opt/appsmith
READY
RESULT 152
processname:postgres groupname:postgres pid:1717 channel:stderr
2025-04-04 10:33:12.857 UTC [1717] LOG:  database system is ready to accept connections
READY
RESULT 164
processname:editor groupname:editor pid:1705 channel:stderr
{"level":"info","ts":1743762792.997753,"msg":"using config from file","file":"/tmp/appsmith/Caddyfile"}
READY
RESULT 256
processname:editor groupname:editor pid:1705 channel:stderr
{"level":"warn","ts":1743762792.9992654,"msg":"The nested 'metrics' option inside `servers` is deprecated and will be removed in the next major version. Use the global 'metrics' option instead."}
READY
RESULT 154
processname:editor groupname:editor pid:1705 channel:stderr
{"level":"info","ts":1743762793.0046725,"msg":"adapted config to JSON","adapter":"caddyfile"}
READY
RESULT 165
processname:editor groupname:editor pid:1705 channel:stderr
{"level":"info","ts":1743762793.2406757,"msg":"using config from file","file":"/tmp/appsmith/Caddyfile"}
READY
RESULT 255
processname:editor groupname:editor pid:1705 channel:stderr
{"level":"warn","ts":1743762793.246942,"msg":"The nested 'metrics' option inside `servers` is deprecated and will be removed in the next major version. Use the global 'metrics' option instead."}
READY
RESULT 468
processname:editor groupname:editor pid:1705 channel:stderr
{"level":"info","ts":1743762793.2673948,"msg":"adapted config to JSON","adapter":"caddyfile"}
{"level":"info","ts":1743762793.2714431,"logger":"admin","msg":"admin endpoint started","address":"0.0.0.0:2019","enforce_origin":false,"origins":["//0.0.0.0:2019"]}
{"level":"warn","ts":1743762793.2715151,"logger":"admin","msg":"admin endpoint on open interface; host checking disabled","address":"0.0.0.0:2019"}
READY
RESULT 208
processname:editor groupname:editor pid:1705 channel:stderr
{"level":"info","ts":1743762793.2891204,"logger":"tls.cache.maintenance","msg":"started background certificate maintenance","cache":"0xc00094a100"}
READY
RESULT 4654
processname:editor groupname:editor pid:1705 channel:stderr
{"level":"warn","ts":1743762793.2944958,"logger":"http.auto_https","msg":"server is listening only on the HTTP port, so no automatic HTTPS will be applied to this server","server_name":"srv0","http_port":80}
{"level":"debug","ts":1743762793.294556,"logger":"http.auto_https","msg":"adjusted config","tls":{"automation":{"policies":[{}]}},"http":{"servers":{"srv0":{"listen":[":80"],"routes":[{"handle":[{"handler":"vars","root":"/opt/appsmith/editor"}]},{"handle":[{"handler":"vars","log_skip":true}]},{"handle":[{"handler":"vars","log_skip":true}]},{"handle":[{"handler":"headers","response":{"set":{"X-Request-Id":["{http.request.header.X-Request-Id}"]}}}]},{"handle":[{"handler":"headers","response":{"set":{"X-Request-Id":["invalid_request_id"]}}}]},{"handle":[{"handler":"headers","response":{"set":{"Cache-Control":["public, max-age=31536000, immutable"]}}}]},{"handle":[{"handler":"headers","response":{"deferred":true,"delete":["Server"],"set":{"Content-Security-Policy":["frame-ancestors 'self' *"],"X-Appsmith-Request-Id":["{http.request.uuid}"],"X-Content-Type-Options":["nosniff"]}}},{"handler":"request_body","max_size":150000000}]},{"handle":[{"handler":"static_response","headers":{"Location":["/supervisor/"]},"status_code":302}]},{"handle":[{"handler":"rate_limit","rate_limits":{"dynamic_zone":{"key":"{http.request.header.Forwarded}+{http.request.header.X-Forwarded-For}+{http.request.remote.host}","max_events":100,"window":1000000000}}}]},{"handle":[{"handler":"headers","request":{"set":{"X-Request-Id":["invalid_request_id"]}}}]},{"handle":[{"handler":"headers","request":{"delete":["X-Appsmith-Request-Id"]}}]},{"group":"group8","handle":[{"handler":"subroute","routes":[{"handle":[{"canonical_uris":false,"handler":"file_server","hide":["/tmp/appsmith/Caddyfile"],"precompressed":{"br":{},"gzip":{}},"precompressed_order":["br","gzip"]}]}]}]},{"group":"group8","handle":[{"handler":"subroute","routes":[{"handle":[{"handler":"error","status_code":404}]}]}]},{"group":"group8","handle":[{"handler":"subroute","routes":[{"handle":[{"handler":"vars","root":"/opt/appsmith"}]},{"group":"group3","handle":[{"handler":"rewrite","uri":"/info.json"}]},{"handle":[{"canonical_uris":false,"handler":"file_server","hide":["/tmp/appsmith/Caddyfile"],"precompressed":{"br":{},"gzip":{}},"precompressed_order":["br","gzip"]}]}]}]},{"group":"group8","handle":[{"handler":"subroute","routes":[{"handle":[{"handler":"reverse_proxy","headers":{"request":{"delete":["Forwarded"],"set":{"X-Appsmith-Request-Id":["{http.request.uuid}"]}}},"upstreams":[{"dial":"127.0.0.1:8080"}]}]}]}]},{"group":"group8","handle":[{"handler":"subroute","routes":[{"handle":[{"handler":"rewrite","strip_path_prefix":"/supervisor"}]},{"handle":[{"handler":"reverse_proxy","headers":{"request":{"delete":["Forwarded"],"set":{"X-Appsmith-Request-Id":["{http.request.uuid}"]}}},"upstreams":[{"dial":"127.0.0.1:9001"}]}]}]}]},{"group":"group8","handle":[{"handler":"subroute","routes":[{"handle":[{"handler":"reverse_proxy","headers":{"request":{"delete":["Forwarded"],"set":{"X-Appsmith-Request-Id":["{http.request.uuid}"]}}},"upstreams":[{"dial":"127.0.0.1:8091"}]}]}]}]},{"group":"group8","handle":[{"handler":"subroute","routes":[{"handle":[{"handler":"vars","root":"/tmp/appsmith/www"}]},{"handle":[{"handler":"rewrite","uri":"{http.matchers.file.relative}"}],"match":[{"file":{"try_files":["/loading.html","/index.html"]}}]},{"handle":[{"canonical_uris":false,"handler":"file_server","hide":["/tmp/appsmith/Caddyfile"],"precompressed":{"br":{},"gzip":{}},"precompressed_order":["br","gzip"]}]}]}]}],"errors":{"routes":[{"handle":[{"handler":"headers","response":{"deferred":true,"delete":["Server","Cache-Control"]}},{"body":"{http.error.status_code} {http.error.status_text}","handler":"static_response","status_code":"{http.error.status_code}"}]}]},"automatic_https":{"disable":true},"trusted_proxies":{"ranges":["0.0.0.0/0"],"source":"static"},"logs":{"default_logger_name":"log0"}}},"metrics":{}}}
{"level":"debug","ts":1743762793.2980433,"logger":"http","msg":"starting server loop","address":"[::]:80","tls":false,"http3":false}
{"level":"warn","ts":1743762793.2980852,"logger":"http","msg":"HTTP/2 skipped because it requires TLS","network":"tcp","addr":":80"}
{"level":"warn","ts":1743762793.2980978,"logger":"http","msg":"HTTP/3 skipped because it requires TLS","network":"tcp","addr":":80"}
{"level":"info","ts":1743762793.2981095,"logger":"http.log","msg":"server running","name":"srv0","protocols":["h1","h2","h3"]}
{"level":"info","ts":1743762793.2981548,"msg":"serving initial configuration"}
READY
RESULT 116
processname:backend groupname:backend pid:1700 channel:stdout
2025-04-04T10:33:13.397Z Waiting for RTS to start ...
READY
RESULT 342
processname:editor groupname:editor pid:1705 channel:stderr
{"level":"info","ts":1743762793.4622326,"logger":"tls","msg":"storage cleaning happened too recently; skipping for now","storage":"FileStorage:/appsmith-stacks/data/caddy","instance":"8ad3c58a-9f27-4a64-950d-6f48b7035dd5","try_again":1743849193.462228,"try_again_in":86399.9999988}
READY
RESULT 156
processname:editor groupname:editor pid:1705 channel:stderr
{"level":"info","ts":1743762793.4831305,"logger":"tls","msg":"finished cleaning storage units"}
READY
RESULT 105
processname:rts groupname:rts pid:1698 channel:stdout
RTS version v1.65 running at http://localhost:8091
READY
RESULT 322
processname:mongodb groupname:mongodb pid:1697 channel:stdout
{"t":{"$date":"2025-04-04T10:33:13.700Z"},"s":"I",  "c":"CONTROL",  "id":20697,   "ctx":"-","msg":"Renamed existing log file","attr":{"oldLogPath":"/appsmith-stacks/logs/mongodb/db.log","newLogPath":"/appsmith-stacks/logs/mongodb/db.log.2025-04-04T10-33-13"}}
READY
RESULT 801
processname:editor groupname:editor pid:1705 channel:stderr
{"level":"debug","ts":1743762794.1496117,"logger":"http.handlers.rewrite","msg":"rewrote request","request":{"remote_ip":"::1","remote_port":"35454","client_ip":"::1","proto":"HTTP/1.1","method":"GET","host":"localhost","uri":"/loading.html","headers":{"User-Agent":["curl/7.68.0"],"Accept":["*/*"],"X-Request-Id":["invalid_request_id"]}},"method":"GET","uri":"/loading.html"}
{"level":"debug","ts":1743762794.1497047,"logger":"http.handlers.file_server","msg":"sanitized path join","site_root":"/tmp/appsmith/www","fs":"","request_path":"/loading.html","result":"/tmp/appsmith/www/loading.html"}
{"level":"debug","ts":1743762794.1497428,"logger":"http.handlers.file_server","msg":"opening file","filename":"/tmp/appsmith/www/loading.html"}
READY
RESULT 886
processname:editor groupname:editor pid:1705 channel:stdout
{"level":"info","ts":1743762794.1628726,"logger":"http.log.access.log0","msg":"handled request","request":{"remote_ip":"::1","remote_port":"35454","client_ip":"::1","proto":"HTTP/1.1","method":"GET","host":"localhost","uri":"/","headers":{"User-Agent":["curl/7.68.0"],"Accept":["*/*"]}},"bytes_read":0,"user_id":"","duration":0.013592587,"size":2026,"status":200,"resp_headers":{"Vary":["Accept-Encoding"],"Etag":["\"d8xsbdrurt861ka\""],"Content-Type":["text/html; charset=utf-8"],"Accept-Ranges":["bytes"],"X-Appsmith-Request-Id":["14b16984-3229-4d37-8ae2-9f7721224d5d"],"X-Request-Id":["invalid_request_id"],"Last-Modified":["Fri, 04 Apr 2025 10:32:59 GMT"],"Content-Length":["2026"],"Content-Security-Policy":["frame-ancestors 'self' *"],"X-Content-Type-Options":["nosniff"]},"uuid":"14b16984-3229-4d37-8ae2-9f7721224d5d"}
READY
RESULT 78
processname:backend groupname:backend pid:1700 channel:stdout
{"success":true}READY
RESULT 100
processname:backend groupname:backend pid:1700 channel:stdout
2025-04-04T10:33:14.516Z RTS started.
READY
RESULT 118
processname:backend groupname:backend pid:1700 channel:stderr
SLF4J(W): Class path contains multiple SLF4J providers.
READY
RESULT 312
processname:backend groupname:backend pid:1700 channel:stderr
SLF4J(W): Found provider [ch.qos.logback.classic.spi.LogbackServiceProvider@7085bdee]
SLF4J(W): Found provider [org.slf4j.reload4j.Reload4jServiceProvider@1ce92674]
SLF4J(W): See https://www.slf4j.org/codes.html#multiple_bindings for an explanation.
READY
RESULT 160
processname:backend groupname:backend pid:1700 channel:stderr
SLF4J(I): Actual provider is of type [ch.qos.logback.classic.spi.LogbackServiceProvider@7085bdee]
READY
RESULT 886
processname:editor groupname:editor pid:1705 channel:stdout
{"level":"info","ts":1743762800.9321978,"logger":"http.log.access.log0","msg":"handled request","request":{"remote_ip":"::1","remote_port":"45420","client_ip":"::1","proto":"HTTP/1.1","method":"GET","host":"localhost","uri":"/","headers":{"User-Agent":["curl/7.68.0"],"Accept":["*/*"]}},"bytes_read":0,"user_id":"","duration":0.000634442,"size":2026,"status":200,"resp_headers":{"Content-Security-Policy":["frame-ancestors 'self' *"],"X-Request-Id":["invalid_request_id"],"Content-Type":["text/html; charset=utf-8"],"Last-Modified":["Fri, 04 Apr 2025 10:32:59 GMT"],"Accept-Ranges":["bytes"],"Content-Length":["2026"],"Vary":["Accept-Encoding"],"Etag":["\"d8xsbdrurt861ka\""],"X-Appsmith-Request-Id":["99ab8ba0-c555-418b-9c55-35c263c3bfa8"],"X-Content-Type-Options":["nosniff"]},"uuid":"99ab8ba0-c555-418b-9c55-35c263c3bfa8"}
READY
RESULT 801
processname:editor groupname:editor pid:1705 channel:stderr
{"level":"debug","ts":1743762800.9318638,"logger":"http.handlers.rewrite","msg":"rewrote request","request":{"remote_ip":"::1","remote_port":"45420","client_ip":"::1","proto":"HTTP/1.1","method":"GET","host":"localhost","uri":"/loading.html","headers":{"User-Agent":["curl/7.68.0"],"Accept":["*/*"],"X-Request-Id":["invalid_request_id"]}},"method":"GET","uri":"/loading.html"}
{"level":"debug","ts":1743762800.9319074,"logger":"http.handlers.file_server","msg":"sanitized path join","site_root":"/tmp/appsmith/www","fs":"","request_path":"/loading.html","result":"/tmp/appsmith/www/loading.html"}
{"level":"debug","ts":1743762800.9319365,"logger":"http.handlers.file_server","msg":"opening file","filename":"/tmp/appsmith/www/loading.html"}
READY
RESULT 288
processname:backend groupname:backend pid:1700 channel:stdout
[2025-04-04 10:33:24,319] [main] requestId= userEmail= traceId= spanId= - Starting ServerApplication vv1.65 using Java 17.0.9 with PID 1700 (/opt/appsmith/server/mongo/server.jar started by root in /opt/appsmith/server/mongo)
READY
RESULT 184
processname:backend groupname:backend pid:1700 channel:stdout
[2025-04-04 10:33:24,327] [main] requestId= userEmail= traceId= spanId= - Running with Spring Boot v3.3.3, Spring v6.1.12
READY
RESULT 184
processname:backend groupname:backend pid:1700 channel:stdout
[2025-04-04 10:33:24,332] [main] requestId= userEmail= traceId= spanId= - The following 1 profile is active: "production"
READY
RESULT 437
processname:editor groupname:editor pid:1705 channel:stderr
{"level":"debug","ts":1743762807.2263668,"logger":"http.handlers.rewrite","msg":"rewrote request","request":{"remote_ip":"::1","remote_port":"46028","client_ip":"::1","proto":"HTTP/1.1","method":"GET","host":"localhost","uri":"/loading.html","headers":{"User-Agent":["curl/7.68.0"],"Accept":["*/*"],"X-Request-Id":["invalid_request_id"]}},"method":"GET","uri":"/loading.html"}
READY
RESULT 885
processname:editor groupname:editor pid:1705 channel:stdout
{"level":"info","ts":1743762807.227368,"logger":"http.log.access.log0","msg":"handled request","request":{"remote_ip":"::1","remote_port":"46028","client_ip":"::1","proto":"HTTP/1.1","method":"GET","host":"localhost","uri":"/","headers":{"User-Agent":["curl/7.68.0"],"Accept":["*/*"]}},"bytes_read":0,"user_id":"","duration":0.002925895,"size":2026,"status":200,"resp_headers":{"Accept-Ranges":["bytes"],"X-Appsmith-Request-Id":["6fad2ce6-f3b6-4dc5-8382-6ef9cc5174d9"],"X-Request-Id":["invalid_request_id"],"Vary":["Accept-Encoding"],"Last-Modified":["Fri, 04 Apr 2025 10:32:59 GMT"],"X-Content-Type-Options":["nosniff"],"Etag":["\"d8xsbdrurt861ka\""],"Content-Type":["text/html; charset=utf-8"],"Content-Length":["2026"],"Content-Security-Policy":["frame-ancestors 'self' *"]},"uuid":"6fad2ce6-f3b6-4dc5-8382-6ef9cc5174d9"}
READY
RESULT 424
processname:editor groupname:editor pid:1705 channel:stderr
{"level":"debug","ts":1743762807.2269332,"logger":"http.handlers.file_server","msg":"sanitized path join","site_root":"/tmp/appsmith/www","fs":"","request_path":"/loading.html","result":"/tmp/appsmith/www/loading.html"}
{"level":"debug","ts":1743762807.2270272,"logger":"http.handlers.file_server","msg":"opening file","filename":"/tmp/appsmith/www/loading.html"}
READY
RESULT 800
processname:editor groupname:editor pid:1705 channel:stderr
{"level":"debug","ts":1743762813.3563788,"logger":"http.handlers.rewrite","msg":"rewrote request","request":{"remote_ip":"::1","remote_port":"46038","client_ip":"::1","proto":"HTTP/1.1","method":"GET","host":"localhost","uri":"/loading.html","headers":{"User-Agent":["curl/7.68.0"],"Accept":["*/*"],"X-Request-Id":["invalid_request_id"]}},"method":"GET","uri":"/loading.html"}
{"level":"debug","ts":1743762813.356443,"logger":"http.handlers.file_server","msg":"sanitized path join","site_root":"/tmp/appsmith/www","fs":"","request_path":"/loading.html","result":"/tmp/appsmith/www/loading.html"}
{"level":"debug","ts":1743762813.3564882,"logger":"http.handlers.file_server","msg":"opening file","filename":"/tmp/appsmith/www/loading.html"}
READY
RESULT 885
processname:editor groupname:editor pid:1705 channel:stdout
{"level":"info","ts":1743762813.3567915,"logger":"http.log.access.log0","msg":"handled request","request":{"remote_ip":"::1","remote_port":"46038","client_ip":"::1","proto":"HTTP/1.1","method":"GET","host":"localhost","uri":"/","headers":{"User-Agent":["curl/7.68.0"],"Accept":["*/*"]}},"bytes_read":0,"user_id":"","duration":0.00090336,"size":2026,"status":200,"resp_headers":{"Vary":["Accept-Encoding"],"Etag":["\"d8xsbdrurt861ka\""],"Content-Type":["text/html; charset=utf-8"],"Last-Modified":["Fri, 04 Apr 2025 10:32:59 GMT"],"X-Appsmith-Request-Id":["cc54ecab-067b-415c-820f-3bc9c71337f4"],"X-Content-Type-Options":["nosniff"],"X-Request-Id":["invalid_request_id"],"Accept-Ranges":["bytes"],"Content-Length":["2026"],"Content-Security-Policy":["frame-ancestors 'self' *"]},"uuid":"cc54ecab-067b-415c-820f-3bc9c71337f4"}
READY
RESULT 218
processname:backend groupname:backend pid:1700 channel:stdout
[2025-04-04 10:33:38,450] [main] requestId= userEmail= traceId= spanId= - Multiple Spring Data modules found, entering strict repository configuration mode
READY
RESULT 209
processname:backend groupname:backend pid:1700 channel:stdout
[2025-04-04 10:33:38,465] [main] requestId= userEmail= traceId= spanId= - Bootstrapping Spring Data Reactive MongoDB repositories in DEFAULT mode.
READY
RESULT 238
processname:backend groupname:backend pid:1700 channel:stdout
[2025-04-04 10:33:41,222] [main] requestId= userEmail= traceId= spanId= - Finished Spring Data repository scanning in 2714 ms. Found 45 Reactive MongoDB repository interfaces.
READY
RESULT 886
processname:editor groupname:editor pid:1705 channel:stdout
{"level":"info","ts":1743762830.0624688,"logger":"http.log.access.log0","msg":"handled request","request":{"remote_ip":"::1","remote_port":"51424","client_ip":"::1","proto":"HTTP/1.1","method":"GET","host":"localhost","uri":"/","headers":{"User-Agent":["curl/7.68.0"],"Accept":["*/*"]}},"bytes_read":0,"user_id":"","duration":0.000870361,"size":2026,"status":200,"resp_headers":{"X-Request-Id":["invalid_request_id"],"Content-Security-Policy":["frame-ancestors 'self' *"],"X-Appsmith-Request-Id":["28064251-6796-4f93-96bd-39cbf98bc329"],"Accept-Ranges":["bytes"],"Content-Length":["2026"],"X-Content-Type-Options":["nosniff"],"Vary":["Accept-Encoding"],"Etag":["\"d8xsbdrurt861ka\""],"Content-Type":["text/html; charset=utf-8"],"Last-Modified":["Fri, 04 Apr 2025 10:32:59 GMT"]},"uuid":"28064251-6796-4f93-96bd-39cbf98bc329"}
READY
RESULT 799
processname:editor groupname:editor pid:1705 channel:stderr
{"level":"debug","ts":1743762830.062068,"logger":"http.handlers.rewrite","msg":"rewrote request","request":{"remote_ip":"::1","remote_port":"51424","client_ip":"::1","proto":"HTTP/1.1","method":"GET","host":"localhost","uri":"/loading.html","headers":{"X-Request-Id":["invalid_request_id"],"User-Agent":["curl/7.68.0"],"Accept":["*/*"]}},"method":"GET","uri":"/loading.html"}
{"level":"debug","ts":1743762830.0621529,"logger":"http.handlers.file_server","msg":"sanitized path join","site_root":"/tmp/appsmith/www","fs":"","request_path":"/loading.html","result":"/tmp/appsmith/www/loading.html"}
{"level":"debug","ts":1743762830.062208,"logger":"http.handlers.file_server","msg":"opening file","filename":"/tmp/appsmith/www/loading.html"}
READY
RESULT 237
processname:backend groupname:backend pid:1700 channel:stdout
[2025-04-04 10:33:59,072] [main] requestId= userEmail= traceId= spanId= - Application started with build version v1.65, and commitSha 4a142af9e612d8ea5bd549541cb682c8842ca3db
READY
RESULT 170
processname:backend groupname:backend pid:1700 channel:stdout
[2025-04-04 10:33:59,628] [main] requestId= userEmail= traceId= spanId= - Found MongoDB uri configuring now
READY
RESULT 3012
processname:backend groupname:backend pid:1700 channel:stdout
[2025-04-04 10:34:03,641] [main] requestId= userEmail= traceId= spanId= - MongoClient with metadata {"driver": {"name": "mongo-java-driver|reactive-streams|spring-boot", "version": "5.0.1"}, "os": {"type": "Linux", "name": "Linux", "architecture": "amd64", "version": "5.15.167.4-microsoft-standard-WSL2"}, "platform": "Java/Eclipse Adoptium/17.0.9+9", "env": {"container": {"runtime": "docker"}}} created with settings MongoClientSettings{readPreference=primary, writeConcern=WriteConcern{w=null, wTimeout=null ms, journal=null}, retryWrites=true, retryReads=true, readConcern=ReadConcern{level=null}, credential=MongoCredential{mechanism=null, userName='appsmith', source='appsmith', password=<hidden>, mechanismProperties=<hidden>}, transportSettings=NettyTransportSettings{eventLoopGroup=io.netty.channel.nio.NioEventLoopGroup@3b9c05f, socketChannelClass=null, allocator=null, sslContext=null}, commandListeners=[io.micrometer.core.instrument.binder.mongodb.MongoMetricsCommandListener@7d1cfe97], codecRegistry=ProvidersCodecRegistry{codecProviders=[ValueCodecProvider{}, BsonValueCodecProvider{}, DBRefCodecProvider{}, DBObjectCodecProvider{}, DocumentCodecProvider{}, CollectionCodecProvider{}, IterableCodecProvider{}, MapCodecProvider{}, GeoJsonCodecProvider{}, GridFSFileCodecProvider{}, Jsr310CodecProvider{}, JsonObjectCodecProvider{}, BsonCodecProvider{}, EnumCodecProvider{}, com.mongodb.client.model.mql.ExpressionCodecProvider@288915a1, com.mongodb.Jep395RecordCodecProvider@62a6a47e, com.mongodb.KotlinCodecProvider@4645a575]}, loggerSettings=LoggerSettings{maxDocumentLength=1000}, clusterSettings={hosts=[localhost:27017], srvServiceName=mongodb, mode=SINGLE, requiredClusterType=UNKNOWN, requiredReplicaSetName='null', serverSelector='null', clusterListeners='[]', serverSelectionTimeout='30000 ms', localThreshold='15 ms'}, socketSettings=SocketSettings{connectTimeoutMS=10000, readTimeoutMS=0, receiveBufferSize=0, proxySettings=ProxySettings{host=null, port=null, username=null, password=null}}, heartbeatSocketSettings=SocketSettings{connectTimeoutMS=10000, readTimeoutMS=10000, receiveBufferSize=0, proxySettings=ProxySettings{host=null, port=null, username=null, password=null}}, connectionPoolSettings=ConnectionPoolSettings{maxSize=100, minSize=0, maxWaitTimeMS=120000, maxConnectionLifeTimeMS=0, maxConnectionIdleTimeMS=0, maintenanceInitialDelayMS=0, maintenanceFrequencyMS=60000, connectionPoolListeners=[io.micrometer.core.instrument.binder.mongodb.MongoMetricsConnectionPoolListener@2e4d252], maxConnecting=2}, serverSettings=ServerSettings{heartbeatFrequencyMS=10000, minHeartbeatFrequencyMS=500, serverListeners='[]', serverMonitorListeners='[]'}, sslSettings=SslSettings{enabled=false, invalidHostNameAllowed=false, context=null}, applicationName='null', compressorList=[], uuidRepresentation=JAVA_LEGACY, serverApi=null, autoEncryptionSettings=null, dnsClient=null, inetAddressResolver=null, contextProvider=null}
READY
RESULT 3604
processname:backend groupname:backend pid:1700 channel:stdout
[2025-04-04 10:34:04,281] [cluster-ClusterId{value='67efb59a4868e9050c9923e2', description='null'}-localhost:27017] requestId= userEmail= traceId= spanId= - Exception in monitor thread while connecting to server localhost:27017
com.mongodb.MongoSocketOpenException: Exception opening socket
	at com.mongodb.internal.connection.netty.NettyStream$OpenChannelFutureListener.lambda$operationComplete$1(NettyStream.java:527)
	at com.mongodb.internal.Locks.lambda$withLock$0(Locks.java:33)
	at com.mongodb.internal.Locks.checkedWithLock(Locks.java:45)
	at com.mongodb.internal.Locks.withLock(Locks.java:39)
	at com.mongodb.internal.Locks.withLock(Locks.java:32)
	at com.mongodb.internal.connection.netty.NettyStream$OpenChannelFutureListener.operationComplete(NettyStream.java:514)
	at com.mongodb.internal.connection.netty.NettyStream$OpenChannelFutureListener.operationComplete(NettyStream.java:500)
	at io.netty.util.concurrent.DefaultPromise.notifyListener0(DefaultPromise.java:590)
	at io.netty.util.concurrent.DefaultPromise.notifyListeners0(DefaultPromise.java:583)
	at io.netty.util.concurrent.DefaultPromise.notifyListenersNow(DefaultPromise.java:559)
	at io.netty.util.concurrent.DefaultPromise.notifyListeners(DefaultPromise.java:492)
	at io.netty.util.concurrent.DefaultPromise.setValue0(DefaultPromise.java:636)
	at io.netty.util.concurrent.DefaultPromise.setFailure0(DefaultPromise.java:629)
	at io.netty.util.concurrent.DefaultPromise.tryFailure(DefaultPromise.java:118)
	at io.netty.channel.nio.AbstractNioChannel$AbstractNioUnsafe.fulfillConnectPromise(AbstractNioChannel.java:326)
	at io.netty.channel.nio.AbstractNioChannel$AbstractNioUnsafe.finishConnect(AbstractNioChannel.java:342)
	at io.netty.channel.nio.NioEventLoop.processSelectedKey(NioEventLoop.java:776)
	at io.netty.channel.nio.NioEventLoop.processSelectedKeysOptimized(NioEventLoop.java:724)
	at io.netty.channel.nio.NioEventLoop.processSelectedKeys(NioEventLoop.java:650)
	at io.netty.channel.nio.NioEventLoop.run(NioEventLoop.java:562)
	at io.netty.util.concurrent.SingleThreadEventExecutor$4.run(SingleThreadEventExecutor.java:994)
	at io.netty.util.internal.ThreadExecutorMap$2.run(ThreadExecutorMap.java:74)
	at io.netty.util.concurrent.FastThreadLocalRunnable.run(FastThreadLocalRunnable.java:30)
	at java.base/java.lang.Thread.run(Thread.java:840)
Caused by: io.netty.channel.AbstractChannel$AnnotatedConnectException: Connection refused: localhost/[0:0:0:0:0:0:0:1]:27017
Caused by: java.net.ConnectException: Connection refused
	at java.base/sun.nio.ch.Net.pollConnect(Native Method)
	at java.base/sun.nio.ch.Net.pollConnectNow(Net.java:672)
	at java.base/sun.nio.ch.SocketChannelImpl.finishConnect(SocketChannelImpl.java:946)
	at io.netty.channel.socket.nio.NioSocketChannel.doFinishConnect(NioSocketChannel.java:336)
	at io.netty.channel.nio.AbstractNioChannel$AbstractNioUnsafe.finishConnect(AbstractNioChannel.java:339)
	at io.netty.channel.nio.NioEventLoop.processSelectedKey(NioEventLoop.java:776)
	at io.netty.channel.nio.NioEventLoop.processSelectedKeysOptimized(NioEventLoop.java:724)
	at io.netty.channel.nio.NioEventLoop.processSelectedKeys(NioEventLoop.java:650)
	at io.netty.channel.nio.NioEventLoop.run(NioEventLoop.java:562)
	at io.netty.util.concurrent.SingleThreadEventExecutor$4.run(SingleThreadEventExecutor.java:994)
	at io.netty.util.internal.ThreadExecutorMap$2.run(ThreadExecutorMap.java:74)
	at io.netty.util.concurrent.FastThreadLocalRunnable.run(FastThreadLocalRunnable.java:30)
	at java.base/java.lang.Thread.run(Thread.java:840)
READY
RESULT 801
processname:editor groupname:editor pid:1705 channel:stderr
{"level":"debug","ts":1743762846.1863408,"logger":"http.handlers.rewrite","msg":"rewrote request","request":{"remote_ip":"::1","remote_port":"47726","client_ip":"::1","proto":"HTTP/1.1","method":"GET","host":"localhost","uri":"/loading.html","headers":{"User-Agent":["curl/7.68.0"],"Accept":["*/*"],"X-Request-Id":["invalid_request_id"]}},"method":"GET","uri":"/loading.html"}
{"level":"debug","ts":1743762846.1864893,"logger":"http.handlers.file_server","msg":"sanitized path join","site_root":"/tmp/appsmith/www","fs":"","request_path":"/loading.html","result":"/tmp/appsmith/www/loading.html"}
{"level":"debug","ts":1743762846.1865485,"logger":"http.handlers.file_server","msg":"opening file","filename":"/tmp/appsmith/www/loading.html"}
READY
RESULT 885
processname:editor groupname:editor pid:1705 channel:stdout
{"level":"info","ts":1743762846.186917,"logger":"http.log.access.log0","msg":"handled request","request":{"remote_ip":"::1","remote_port":"47726","client_ip":"::1","proto":"HTTP/1.1","method":"GET","host":"localhost","uri":"/","headers":{"User-Agent":["curl/7.68.0"],"Accept":["*/*"]}},"bytes_read":0,"user_id":"","duration":0.001092671,"size":2026,"status":200,"resp_headers":{"X-Content-Type-Options":["nosniff"],"Vary":["Accept-Encoding"],"Content-Type":["text/html; charset=utf-8"],"Last-Modified":["Fri, 04 Apr 2025 10:32:59 GMT"],"Accept-Ranges":["bytes"],"Content-Security-Policy":["frame-ancestors 'self' *"],"X-Request-Id":["invalid_request_id"],"Etag":["\"d8xsbdrurt861ka\""],"Content-Length":["2026"],"X-Appsmith-Request-Id":["121d9091-b491-4841-aee9-6842d6e11150"]},"uuid":"121d9091-b491-4841-aee9-6842d6e11150"}
READY
RESULT 886
processname:editor groupname:editor pid:1705 channel:stdout
{"level":"info","ts":1743762863.1350973,"logger":"http.log.access.log0","msg":"handled request","request":{"remote_ip":"::1","remote_port":"48768","client_ip":"::1","proto":"HTTP/1.1","method":"GET","host":"localhost","uri":"/","headers":{"User-Agent":["curl/7.68.0"],"Accept":["*/*"]}},"bytes_read":0,"user_id":"","duration":0.000671054,"size":2026,"status":200,"resp_headers":{"X-Appsmith-Request-Id":["20645cd5-504e-49e0-9a4c-4626ca27b30c"],"X-Content-Type-Options":["nosniff"],"Vary":["Accept-Encoding"],"Last-Modified":["Fri, 04 Apr 2025 10:32:59 GMT"],"Accept-Ranges":["bytes"],"Content-Length":["2026"],"Content-Security-Policy":["frame-ancestors 'self' *"],"X-Request-Id":["invalid_request_id"],"Etag":["\"d8xsbdrurt861ka\""],"Content-Type":["text/html; charset=utf-8"]},"uuid":"20645cd5-504e-49e0-9a4c-4626ca27b30c"}
READY
RESULT 799
processname:editor groupname:editor pid:1705 channel:stderr
{"level":"debug","ts":1743762863.1347558,"logger":"http.handlers.rewrite","msg":"rewrote request","request":{"remote_ip":"::1","remote_port":"48768","client_ip":"::1","proto":"HTTP/1.1","method":"GET","host":"localhost","uri":"/loading.html","headers":{"User-Agent":["curl/7.68.0"],"Accept":["*/*"],"X-Request-Id":["invalid_request_id"]}},"method":"GET","uri":"/loading.html"}
{"level":"debug","ts":1743762863.134833,"logger":"http.handlers.file_server","msg":"sanitized path join","site_root":"/tmp/appsmith/www","fs":"","request_path":"/loading.html","result":"/tmp/appsmith/www/loading.html"}
{"level":"debug","ts":1743762863.134874,"logger":"http.handlers.file_server","msg":"opening file","filename":"/tmp/appsmith/www/loading.html"}
READY
RESULT 3604
processname:backend groupname:backend pid:1700 channel:stdout
[2025-04-04 10:34:34,256] [cluster-ClusterId{value='67efb5ba4868e9050c9923e3', description='null'}-localhost:27017] requestId= userEmail= traceId= spanId= - Exception in monitor thread while connecting to server localhost:27017
com.mongodb.MongoSocketOpenException: Exception opening socket
	at com.mongodb.internal.connection.netty.NettyStream$OpenChannelFutureListener.lambda$operationComplete$1(NettyStream.java:527)
	at com.mongodb.internal.Locks.lambda$withLock$0(Locks.java:33)
	at com.mongodb.internal.Locks.checkedWithLock(Locks.java:45)
	at com.mongodb.internal.Locks.withLock(Locks.java:39)
	at com.mongodb.internal.Locks.withLock(Locks.java:32)
	at com.mongodb.internal.connection.netty.NettyStream$OpenChannelFutureListener.operationComplete(NettyStream.java:514)
	at com.mongodb.internal.connection.netty.NettyStream$OpenChannelFutureListener.operationComplete(NettyStream.java:500)
	at io.netty.util.concurrent.DefaultPromise.notifyListener0(DefaultPromise.java:590)
	at io.netty.util.concurrent.DefaultPromise.notifyListeners0(DefaultPromise.java:583)
	at io.netty.util.concurrent.DefaultPromise.notifyListenersNow(DefaultPromise.java:559)
	at io.netty.util.concurrent.DefaultPromise.notifyListeners(DefaultPromise.java:492)
	at io.netty.util.concurrent.DefaultPromise.setValue0(DefaultPromise.java:636)
	at io.netty.util.concurrent.DefaultPromise.setFailure0(DefaultPromise.java:629)
	at io.netty.util.concurrent.DefaultPromise.tryFailure(DefaultPromise.java:118)
	at io.netty.channel.nio.AbstractNioChannel$AbstractNioUnsafe.fulfillConnectPromise(AbstractNioChannel.java:326)
	at io.netty.channel.nio.AbstractNioChannel$AbstractNioUnsafe.finishConnect(AbstractNioChannel.java:342)
	at io.netty.channel.nio.NioEventLoop.processSelectedKey(NioEventLoop.java:776)
	at io.netty.channel.nio.NioEventLoop.processSelectedKeysOptimized(NioEventLoop.java:724)
	at io.netty.channel.nio.NioEventLoop.processSelectedKeys(NioEventLoop.java:650)
	at io.netty.channel.nio.NioEventLoop.run(NioEventLoop.java:562)
	at io.netty.util.concurrent.SingleThreadEventExecutor$4.run(SingleThreadEventExecutor.java:994)
	at io.netty.util.internal.ThreadExecutorMap$2.run(ThreadExecutorMap.java:74)
	at io.netty.util.concurrent.FastThreadLocalRunnable.run(FastThreadLocalRunnable.java:30)
	at java.base/java.lang.Thread.run(Thread.java:840)
Caused by: io.netty.channel.AbstractChannel$AnnotatedConnectException: Connection refused: localhost/[0:0:0:0:0:0:0:1]:27017
Caused by: java.net.ConnectException: Connection refused
	at java.base/sun.nio.ch.Net.pollConnect(Native Method)
	at java.base/sun.nio.ch.Net.pollConnectNow(Net.java:672)
	at java.base/sun.nio.ch.SocketChannelImpl.finishConnect(SocketChannelImpl.java:946)
	at io.netty.channel.socket.nio.NioSocketChannel.doFinishConnect(NioSocketChannel.java:336)
	at io.netty.channel.nio.AbstractNioChannel$AbstractNioUnsafe.finishConnect(AbstractNioChannel.java:339)
	at io.netty.channel.nio.NioEventLoop.processSelectedKey(NioEventLoop.java:776)
	at io.netty.channel.nio.NioEventLoop.processSelectedKeysOptimized(NioEventLoop.java:724)
	at io.netty.channel.nio.NioEventLoop.processSelectedKeys(NioEventLoop.java:650)
	at io.netty.channel.nio.NioEventLoop.run(NioEventLoop.java:562)
	at io.netty.util.concurrent.SingleThreadEventExecutor$4.run(SingleThreadEventExecutor.java:994)
	at io.netty.util.internal.ThreadExecutorMap$2.run(ThreadExecutorMap.java:74)
	at io.netty.util.concurrent.FastThreadLocalRunnable.run(FastThreadLocalRunnable.java:30)
	at java.base/java.lang.Thread.run(Thread.java:840)
READY
RESULT 3001
processname:backend groupname:backend pid:1700 channel:stdout
[2025-04-04 10:34:34,261] [main] requestId= userEmail= traceId= spanId= - MongoClient with metadata {"driver": {"name": "mongo-java-driver|sync|spring-boot", "version": "5.0.1"}, "os": {"type": "Linux", "name": "Linux", "architecture": "amd64", "version": "5.15.167.4-microsoft-standard-WSL2"}, "platform": "Java/Eclipse Adoptium/17.0.9+9", "env": {"container": {"runtime": "docker"}}} created with settings MongoClientSettings{readPreference=primary, writeConcern=WriteConcern{w=null, wTimeout=null ms, journal=null}, retryWrites=true, retryReads=true, readConcern=ReadConcern{level=null}, credential=MongoCredential{mechanism=null, userName='appsmith', source='appsmith', password=<hidden>, mechanismProperties=<hidden>}, transportSettings=NettyTransportSettings{eventLoopGroup=io.netty.channel.nio.NioEventLoopGroup@31137f4d, socketChannelClass=null, allocator=null, sslContext=null}, commandListeners=[io.micrometer.core.instrument.binder.mongodb.MongoMetricsCommandListener@7d1cfe97], codecRegistry=ProvidersCodecRegistry{codecProviders=[ValueCodecProvider{}, BsonValueCodecProvider{}, DBRefCodecProvider{}, DBObjectCodecProvider{}, DocumentCodecProvider{}, CollectionCodecProvider{}, IterableCodecProvider{}, MapCodecProvider{}, GeoJsonCodecProvider{}, GridFSFileCodecProvider{}, Jsr310CodecProvider{}, JsonObjectCodecProvider{}, BsonCodecProvider{}, EnumCodecProvider{}, com.mongodb.client.model.mql.ExpressionCodecProvider@288915a1, com.mongodb.Jep395RecordCodecProvider@62a6a47e, com.mongodb.KotlinCodecProvider@4645a575]}, loggerSettings=LoggerSettings{maxDocumentLength=1000}, clusterSettings={hosts=[localhost:27017], srvServiceName=mongodb, mode=SINGLE, requiredClusterType=UNKNOWN, requiredReplicaSetName='null', serverSelector='null', clusterListeners='[]', serverSelectionTimeout='30000 ms', localThreshold='15 ms'}, socketSettings=SocketSettings{connectTimeoutMS=10000, readTimeoutMS=0, receiveBufferSize=0, proxySettings=ProxySettings{host=null, port=null, username=null, password=null}}, heartbeatSocketSettings=SocketSettings{connectTimeoutMS=10000, readTimeoutMS=10000, receiveBufferSize=0, proxySettings=ProxySettings{host=null, port=null, username=null, password=null}}, connectionPoolSettings=ConnectionPoolSettings{maxSize=100, minSize=0, maxWaitTimeMS=120000, maxConnectionLifeTimeMS=0, maxConnectionIdleTimeMS=0, maintenanceInitialDelayMS=0, maintenanceFrequencyMS=60000, connectionPoolListeners=[io.micrometer.core.instrument.binder.mongodb.MongoMetricsConnectionPoolListener@2e4d252], maxConnecting=2}, serverSettings=ServerSettings{heartbeatFrequencyMS=10000, minHeartbeatFrequencyMS=500, serverListeners='[]', serverMonitorListeners='[]'}, sslSettings=SslSettings{enabled=false, invalidHostNameAllowed=false, context=null}, applicationName='null', compressorList=[], uuidRepresentation=JAVA_LEGACY, serverApi=null, autoEncryptionSettings=null, dnsClient=null, inetAddressResolver=null, contextProvider=null}
READY
RESULT 886
processname:editor groupname:editor pid:1705 channel:stdout
{"level":"info","ts":1743762879.3312392,"logger":"http.log.access.log0","msg":"handled request","request":{"remote_ip":"::1","remote_port":"44236","client_ip":"::1","proto":"HTTP/1.1","method":"GET","host":"localhost","uri":"/","headers":{"Accept":["*/*"],"User-Agent":["curl/7.68.0"]}},"bytes_read":0,"user_id":"","duration":0.000813153,"size":2026,"status":200,"resp_headers":{"X-Request-Id":["invalid_request_id"],"Etag":["\"d8xsbdrurt861ka\""],"Content-Length":["2026"],"X-Content-Type-Options":["nosniff"],"Vary":["Accept-Encoding"],"Content-Type":["text/html; charset=utf-8"],"Last-Modified":["Fri, 04 Apr 2025 10:32:59 GMT"],"Accept-Ranges":["bytes"],"Content-Security-Policy":["frame-ancestors 'self' *"],"X-Appsmith-Request-Id":["01462ea8-e437-44ca-9879-1e53e86474a4"]},"uuid":"01462ea8-e437-44ca-9879-1e53e86474a4"}
READY
RESULT 801
processname:editor groupname:editor pid:1705 channel:stderr
{"level":"debug","ts":1743762879.3308277,"logger":"http.handlers.rewrite","msg":"rewrote request","request":{"remote_ip":"::1","remote_port":"44236","client_ip":"::1","proto":"HTTP/1.1","method":"GET","host":"localhost","uri":"/loading.html","headers":{"User-Agent":["curl/7.68.0"],"Accept":["*/*"],"X-Request-Id":["invalid_request_id"]}},"method":"GET","uri":"/loading.html"}
{"level":"debug","ts":1743762879.3308866,"logger":"http.handlers.file_server","msg":"sanitized path join","site_root":"/tmp/appsmith/www","fs":"","request_path":"/loading.html","result":"/tmp/appsmith/www/loading.html"}
{"level":"debug","ts":1743762879.3309267,"logger":"http.handlers.file_server","msg":"opening file","filename":"/tmp/appsmith/www/loading.html"}
READY
RESULT 156
processname:backend groupname:backend pid:1700 channel:stdout
[2025-04-04 10:34:44,693] [main] requestId= userEmail= traceId= spanId= - Enabled plugins: []
READY
RESULT 157
processname:backend groupname:backend pid:1700 channel:stdout
[2025-04-04 10:34:44,694] [main] requestId= userEmail= traceId= spanId= - Disabled plugins: []
READY
RESULT 177
processname:backend groupname:backend pid:1700 channel:stdout
[2025-04-04 10:34:44,714] [main] requestId= userEmail= traceId= spanId= - PF4J version 3.10.0 in 'deployment' mode
READY
RESULT 185
processname:backend groupname:backend pid:1700 channel:stdout
[2025-04-04 10:34:48,556] [main] requestId= userEmail= traceId= spanId= - Plugin 'appsmithai-plugin@1.0-SNAPSHOT' resolved
READY
RESULT 2350
processname:backend groupname:backend pid:1700 channel:stdout
[2025-04-04 10:34:48,557] [main] requestId= userEmail= traceId= spanId= - Plugin 'saas-plugin@1.0-SNAPSHOT' resolved
[2025-04-04 10:34:48,557] [main] requestId= userEmail= traceId= spanId= - Plugin 'google-sheets-plugin@1.0-SNAPSHOT' resolved
[2025-04-04 10:34:48,557] [main] requestId= userEmail= traceId= spanId= - Plugin 'js-plugin@1.0-SNAPSHOT' resolved
[2025-04-04 10:34:48,557] [main] requestId= userEmail= traceId= spanId= - Plugin 'smtp-plugin@1.0-SNAPSHOT' resolved
[2025-04-04 10:34:48,558] [main] requestId= userEmail= traceId= spanId= - Plugin 'oracle-plugin@1.0-SNAPSHOT' resolved
[2025-04-04 10:34:48,558] [main] requestId= userEmail= traceId= spanId= - Plugin 'amazons3-plugin@1.0-SNAPSHOT' resolved
[2025-04-04 10:34:48,558] [main] requestId= userEmail= traceId= spanId= - Plugin 'mysql-plugin@1.0-SNAPSHOT' resolved
[2025-04-04 10:34:48,558] [main] requestId= userEmail= traceId= spanId= - Plugin 'restapi-plugin@1.0-SNAPSHOT' resolved
[2025-04-04 10:34:48,558] [main] requestId= userEmail= traceId= spanId= - Plugin 'postgres-plugin@1.0-SNAPSHOT' resolved
[2025-04-04 10:34:48,558] [main] requestId= userEmail= traceId= spanId= - Plugin 'googleai-plugin@1.0-SNAPSHOT' resolved
[2025-04-04 10:34:48,558] [main] requestId= userEmail= traceId= spanId= - Plugin 'snowflake-plugin@1.0-SNAPSHOT' resolved
[2025-04-04 10:34:48,558] [main] requestId= userEmail= traceId= spanId= - Plugin 'anthropic-plugin@1.0-SNAPSHOT' resolved
[2025-04-04 10:34:48,558] [main] requestId= userEmail= traceId= spanId= - Plugin 'elasticsearch-plugin@1.0-SNAPSHOT' resolved
[2025-04-04 10:34:48,558] [main] requestId= userEmail= traceId= spanId= - Plugin 'mssql-plugin@1.0-SNAPSHOT' resolved
[2025-04-04 10:34:48,558] [main] requestId= userEmail= traceId= spanId= - Plugin 'redshift-plugin@1.0-SNAPSHOT' resolved
[2025-04-04 10:34:48,558] [main] requestId= userEmail= traceId= spanId= - Plugin 'mongo-plugin@1.0-SNAPSHOT' resolved
[2025-04-04 10:34:48,559] [main] requestId= userEmail= traceId= spanId= - Plugin 'databricks-plugin@1.0-SNAPSHOT' resolved
[2025-04-04 10:34:48,559] [main] requestId= userEmail= traceId= spanId= - Plugin 'graphql-plugin@1.0-SNAPSHOT' resolved
[2025-04-04 10:34:48,559] [main] requestId= userEmail= traceId= spanId= - Plugin 'aws-lambda-plugin@1.0-SNAPSHOT' resolved
READY
RESULT 895
processname:backend groupname:backend pid:1700 channel:stdout
[2025-04-04 10:34:48,559] [main] requestId= userEmail= traceId= spanId= - Plugin 'openai-plugin@1.0-SNAPSHOT' resolved
[2025-04-04 10:34:48,569] [main] requestId= userEmail= traceId= spanId= - Plugin 'dynamo-plugin@1.0-SNAPSHOT' resolved
[2025-04-04 10:34:48,570] [main] requestId= userEmail= traceId= spanId= - Plugin 'arangodb-plugin@1.0-SNAPSHOT' resolved
[2025-04-04 10:34:48,570] [main] requestId= userEmail= traceId= spanId= - Plugin 'redis-plugin@1.0-SNAPSHOT' resolved
[2025-04-04 10:34:48,570] [main] requestId= userEmail= traceId= spanId= - Plugin 'firestore-plugin@1.0-SNAPSHOT' resolved
[2025-04-04 10:34:48,570] [main] requestId= userEmail= traceId= spanId= - Start plugin 'appsmithai-plugin@1.0-SNAPSHOT'
[2025-04-04 10:34:48,595] [main] requestId= userEmail= traceId= spanId= - Start plugin 'saas-plugin@1.0-SNAPSHOT'
READY
RESULT 185
processname:backend groupname:backend pid:1700 channel:stdout
[2025-04-04 10:34:48,659] [main] requestId= userEmail= traceId= spanId= - Start plugin 'google-sheets-plugin@1.0-SNAPSHOT'
READY
RESULT 174
processname:backend groupname:backend pid:1700 channel:stdout
[2025-04-04 10:34:48,769] [main] requestId= userEmail= traceId= spanId= - Start plugin 'js-plugin@1.0-SNAPSHOT'
READY
RESULT 176
processname:backend groupname:backend pid:1700 channel:stdout
[2025-04-04 10:34:48,779] [main] requestId= userEmail= traceId= spanId= - Start plugin 'smtp-plugin@1.0-SNAPSHOT'
READY
RESULT 178
processname:backend groupname:backend pid:1700 channel:stdout
[2025-04-04 10:34:48,802] [main] requestId= userEmail= traceId= spanId= - Start plugin 'oracle-plugin@1.0-SNAPSHOT'
READY
RESULT 180
processname:backend groupname:backend pid:1700 channel:stdout
[2025-04-04 10:34:48,839] [main] requestId= userEmail= traceId= spanId= - Start plugin 'amazons3-plugin@1.0-SNAPSHOT'
READY
RESULT 177
processname:backend groupname:backend pid:1700 channel:stdout
[2025-04-04 10:34:48,866] [main] requestId= userEmail= traceId= spanId= - Start plugin 'mysql-plugin@1.0-SNAPSHOT'
READY
RESULT 179
processname:backend groupname:backend pid:1700 channel:stdout
[2025-04-04 10:34:48,882] [main] requestId= userEmail= traceId= spanId= - Start plugin 'restapi-plugin@1.0-SNAPSHOT'
READY
RESULT 180
processname:backend groupname:backend pid:1700 channel:stdout
[2025-04-04 10:34:48,888] [main] requestId= userEmail= traceId= spanId= - Start plugin 'postgres-plugin@1.0-SNAPSHOT'
READY
RESULT 180
processname:backend groupname:backend pid:1700 channel:stdout
[2025-04-04 10:34:48,903] [main] requestId= userEmail= traceId= spanId= - Start plugin 'googleai-plugin@1.0-SNAPSHOT'
READY
RESULT 181
processname:backend groupname:backend pid:1700 channel:stdout
[2025-04-04 10:34:48,909] [main] requestId= userEmail= traceId= spanId= - Start plugin 'snowflake-plugin@1.0-SNAPSHOT'
READY
RESULT 181
processname:backend groupname:backend pid:1700 channel:stdout
[2025-04-04 10:34:48,968] [main] requestId= userEmail= traceId= spanId= - Start plugin 'anthropic-plugin@1.0-SNAPSHOT'
READY
RESULT 185
processname:backend groupname:backend pid:1700 channel:stdout
[2025-04-04 10:34:48,978] [main] requestId= userEmail= traceId= spanId= - Start plugin 'elasticsearch-plugin@1.0-SNAPSHOT'
READY
RESULT 177
processname:backend groupname:backend pid:1700 channel:stdout
[2025-04-04 10:34:48,986] [main] requestId= userEmail= traceId= spanId= - Start plugin 'mssql-plugin@1.0-SNAPSHOT'
READY
RESULT 180
processname:backend groupname:backend pid:1700 channel:stdout
[2025-04-04 10:34:49,038] [main] requestId= userEmail= traceId= spanId= - Start plugin 'redshift-plugin@1.0-SNAPSHOT'
READY
RESULT 177
processname:backend groupname:backend pid:1700 channel:stdout
[2025-04-04 10:34:49,068] [main] requestId= userEmail= traceId= spanId= - Start plugin 'mongo-plugin@1.0-SNAPSHOT'
READY
RESULT 182
processname:backend groupname:backend pid:1700 channel:stdout
[2025-04-04 10:34:49,128] [main] requestId= userEmail= traceId= spanId= - Start plugin 'databricks-plugin@1.0-SNAPSHOT'
READY
RESULT 179
processname:backend groupname:backend pid:1700 channel:stdout
[2025-04-04 10:34:49,161] [main] requestId= userEmail= traceId= spanId= - Start plugin 'graphql-plugin@1.0-SNAPSHOT'
READY
RESULT 182
processname:backend groupname:backend pid:1700 channel:stdout
[2025-04-04 10:34:49,187] [main] requestId= userEmail= traceId= spanId= - Start plugin 'aws-lambda-plugin@1.0-SNAPSHOT'
READY
RESULT 178
processname:backend groupname:backend pid:1700 channel:stdout
[2025-04-04 10:34:49,441] [main] requestId= userEmail= traceId= spanId= - Start plugin 'openai-plugin@1.0-SNAPSHOT'
READY
RESULT 178
processname:backend groupname:backend pid:1700 channel:stdout
[2025-04-04 10:34:49,449] [main] requestId= userEmail= traceId= spanId= - Start plugin 'dynamo-plugin@1.0-SNAPSHOT'
READY
RESULT 180
processname:backend groupname:backend pid:1700 channel:stdout
[2025-04-04 10:34:49,483] [main] requestId= userEmail= traceId= spanId= - Start plugin 'arangodb-plugin@1.0-SNAPSHOT'
READY
RESULT 177
processname:backend groupname:backend pid:1700 channel:stdout
[2025-04-04 10:34:49,495] [main] requestId= userEmail= traceId= spanId= - Start plugin 'redis-plugin@1.0-SNAPSHOT'
READY
RESULT 181
processname:backend groupname:backend pid:1700 channel:stdout
[2025-04-04 10:34:49,517] [main] requestId= userEmail= traceId= spanId= - Start plugin 'firestore-plugin@1.0-SNAPSHOT'
READY
RESULT 861
processname:backend groupname:backend pid:1700 channel:stdout
[2025-04-04 10:34:54,593] [cluster-ClusterId{value='67efb59a4868e9050c9923e2', description='null'}-localhost:27017] requestId= userEmail= traceId= spanId= - Monitor thread successfully connected to server with description ServerDescription{address=localhost:27017, type=REPLICA_SET_PRIMARY, state=CONNECTED, ok=true, minWireVersion=0, maxWireVersion=13, maxDocumentSize=16777216, logicalSessionTimeoutMinutes=30, roundTripTimeNanos=80657679, setName='mr1', canonicalAddress=localhost:27017, hosts=[localhost:27017], passives=[], arbiters=[], primary='localhost:27017', tagSet=TagSet{[]}, electionId=7fffffff000000000000000c, setVersion=1, topologyVersion=TopologyVersion{processId=67efb5692d1770eb81a01317, counter=6}, lastWriteDate=Fri Apr 04 10:34:50 UTC 2025, lastUpdateTimeNanos=15187647162660}
READY
RESULT 862
processname:backend groupname:backend pid:1700 channel:stdout
[2025-04-04 10:34:54,601] [cluster-ClusterId{value='67efb5ba4868e9050c9923e3', description='null'}-localhost:27017] requestId= userEmail= traceId= spanId= - Monitor thread successfully connected to server with description ServerDescription{address=localhost:27017, type=REPLICA_SET_PRIMARY, state=CONNECTED, ok=true, minWireVersion=0, maxWireVersion=13, maxDocumentSize=16777216, logicalSessionTimeoutMinutes=30, roundTripTimeNanos=253222065, setName='mr1', canonicalAddress=localhost:27017, hosts=[localhost:27017], passives=[], arbiters=[], primary='localhost:27017', tagSet=TagSet{[]}, electionId=7fffffff000000000000000c, setVersion=1, topologyVersion=TopologyVersion{processId=67efb5692d1770eb81a01317, counter=6}, lastWriteDate=Fri Apr 04 10:34:50 UTC 2025, lastUpdateTimeNanos=15187601919528}
READY
RESULT 886
processname:editor groupname:editor pid:1705 channel:stdout
{"level":"info","ts":1743762895.2289698,"logger":"http.log.access.log0","msg":"handled request","request":{"remote_ip":"::1","remote_port":"54746","client_ip":"::1","proto":"HTTP/1.1","method":"GET","host":"localhost","uri":"/","headers":{"User-Agent":["curl/7.68.0"],"Accept":["*/*"]}},"bytes_read":0,"user_id":"","duration":0.000644664,"size":2026,"status":200,"resp_headers":{"X-Appsmith-Request-Id":["a18ab9d8-02d3-4594-aab5-1544e548e450"],"Etag":["\"d8xsbdrurt861ka\""],"Accept-Ranges":["bytes"],"Content-Security-Policy":["frame-ancestors 'self' *"],"Content-Length":["2026"],"X-Content-Type-Options":["nosniff"],"X-Request-Id":["invalid_request_id"],"Vary":["Accept-Encoding"],"Content-Type":["text/html; charset=utf-8"],"Last-Modified":["Fri, 04 Apr 2025 10:32:59 GMT"]},"uuid":"a18ab9d8-02d3-4594-aab5-1544e548e450"}
READY
RESULT 800
processname:editor groupname:editor pid:1705 channel:stderr
{"level":"debug","ts":1743762895.2286646,"logger":"http.handlers.rewrite","msg":"rewrote request","request":{"remote_ip":"::1","remote_port":"54746","client_ip":"::1","proto":"HTTP/1.1","method":"GET","host":"localhost","uri":"/loading.html","headers":{"User-Agent":["curl/7.68.0"],"Accept":["*/*"],"X-Request-Id":["invalid_request_id"]}},"method":"GET","uri":"/loading.html"}
{"level":"debug","ts":1743762895.228718,"logger":"http.handlers.file_server","msg":"sanitized path join","site_root":"/tmp/appsmith/www","fs":"","request_path":"/loading.html","result":"/tmp/appsmith/www/loading.html"}
{"level":"debug","ts":1743762895.2287498,"logger":"http.handlers.file_server","msg":"opening file","filename":"/tmp/appsmith/www/loading.html"}
READY
RESULT 575
processname:backend groupname:backend pid:1700 channel:stdout
[2025-04-04 10:34:58,525] [main] requestId= userEmail= traceId= spanId= - A MeterFilter is being configured after a Meter has been registered to this registry. All MeterFilters should be configured before any Meters are registered. If that is not possible or you have a use case where it should be allowed, let the Micrometer maintainers know at https://github.com/micrometer-metrics/micrometer/issues/4920. Enable DEBUG level logging on this logger to see a stack trace of the call configuring this MeterFilter.
READY
RESULT 176
processname:backend groupname:backend pid:1700 channel:stdout
[2025-04-04 10:35:00,665] [main] requestId= userEmail= traceId= spanId= - Mongock runner COMMUNITY version[5.1.6]
READY
RESULT 597
processname:backend groupname:backend pid:1700 channel:stdout
[2025-04-04 10:35:00,665] [main] requestId= userEmail= traceId= spanId= - Running Mongock with NO metadata
[2025-04-04 10:35:00,665] [main] requestId= userEmail= traceId= spanId= - Property transaction-enabled not provided. It will become true as default in next versions. Set explicit value to false in case transaction are not desired.
[2025-04-04 10:35:00,666] [main] requestId= userEmail= traceId= spanId= - Property transaction-enabled not provided, but driver is transactionable. BY DEFAULT MONGOCK WILL RUN IN TRANSACTION MODE.
READY
RESULT 207
processname:backend groupname:backend pid:1700 channel:stdout
[2025-04-04 10:35:00,988] [main] requestId= userEmail= traceId= spanId= - Reflections took 246 ms to scan 1 urls, producing 6 keys and 86 values
READY
RESULT 206
processname:backend groupname:backend pid:1700 channel:stdout
[2025-04-04 10:35:01,099] [main] requestId= userEmail= traceId= spanId= - Reflections took 59 ms to scan 1 urls, producing 6 keys and 86 values
READY
RESULT 171
processname:backend groupname:backend pid:1700 channel:stdout
[2025-04-04 10:35:03,254] [main] requestId= userEmail= traceId= spanId= - Mongock trying to acquire the lock
READY
RESULT 198
processname:backend groupname:backend pid:1700 channel:stdout
[2025-04-04 10:35:03,768] [main] requestId= userEmail= traceId= spanId= - Mongock acquired the lock until: Fri Apr 04 10:36:03 UTC 2025
READY
RESULT 172
processname:backend groupname:backend pid:1700 channel:stdout
[2025-04-04 10:35:03,770] [Thread-3] requestId= userEmail= traceId= spanId= - Starting mongock lock daemon...
READY
RESULT 221
processname:backend groupname:backend pid:1700 channel:stdout
[2025-04-04 10:35:03,873] [main] requestId= userEmail= traceId= spanId= - Mongock starting the data migration sequence id[2025-04-04T10:35:00.392982163-15]...
READY
RESULT 2897
processname:backend groupname:backend pid:1700 channel:stdout
[2025-04-04 10:35:03,892] [main] requestId= userEmail= traceId= spanId= - PASSED OVER - {"id"="initialize-schema-version", "type"="execution", "author"="", "class"="DatabaseChangelog0", "method"="initializeSchemaVersion"}
[2025-04-04 10:35:03,894] [main] requestId= userEmail= traceId= spanId= - PASSED OVER - {"id"="initial-plugins", "type"="execution", "author"="", "class"="DatabaseChangelog1", "method"="initialPlugins"}
[2025-04-04 10:35:03,894] [main] requestId= userEmail= traceId= spanId= - PASSED OVER - {"id"="initial-indexes", "type"="execution", "author"="", "class"="DatabaseChangelog1", "method"="addInitialIndexes"}
[2025-04-04 10:35:03,894] [main] requestId= userEmail= traceId= spanId= - PASSED OVER - {"id"="set-initial-sequence-for-datasource", "type"="execution", "author"="", "class"="DatabaseChangelog1", "method"="setInitialSequenceForDatasource"}
[2025-04-04 10:35:03,894] [main] requestId= userEmail= traceId= spanId= - PASSED OVER - {"id"="set-plugin-image-and-docs-link", "type"="execution", "author"="", "class"="DatabaseChangelog1", "method"="setPluginImageAndDocsLink"}
[2025-04-04 10:35:03,894] [main] requestId= userEmail= traceId= spanId= - PASSED OVER - {"id"="install-mysql-plugins", "type"="execution", "author"="", "class"="DatabaseChangelog1", "method"="mysqlPlugin"}
[2025-04-04 10:35:03,894] [main] requestId= userEmail= traceId= spanId= - PASSED OVER - {"id"="update-database-documentation-links", "type"="execution", "author"="", "class"="DatabaseChangelog1", "method"="updateDatabaseDocumentationLinks"}
[2025-04-04 10:35:03,894] [main] requestId= userEmail= traceId= spanId= - PASSED OVER - {"id"="generate-unique-id-for-instance", "type"="execution", "author"="", "class"="DatabaseChangelog1", "method"="generateUniqueIdForInstance"}
[2025-04-04 10:35:03,894] [main] requestId= userEmail= traceId= spanId= - PASSED OVER - {"id"="fix-password-reset-token-expiration", "type"="execution", "author"="", "class"="DatabaseChangelog1", "method"="fixTokenExpiration"}
[2025-04-04 10:35:03,894] [main] requestId= userEmail= traceId= spanId= - PASSED OVER - {"id"="add-elastic-search-plugin", "type"="execution", "author"="", "class"="DatabaseChangelog1", "method"="addElasticSearchPlugin"}
[2025-04-04 10:35:03,894] [main] requestId= userEmail= traceId= spanId= - PASSED OVER - {"id"="add-dynamo-plugin", "type"="execution", "author"="", "class"="DatabaseChangelog1", "method"="addDynamoPlugin"}
[2025-04-04 10:35:03,895] [main] requestId= userEmail= traceId= spanId= - PASSED OVER - {"id"="use-png-logos", "type"="execution", "author"="", "class"="DatabaseChangelog1", "method"="usePngLogos"}
[2025-04-04 10:35:03,895] [main] requestId= userEmail= traceId= spanId= - PASSED OVER - {"id"="add-redis-plugin", "type"="execution", "author"="", "class"="DatabaseChangelog1", "method"="addRedisPlugin"}
READY
RESULT 768
processname:backend groupname:backend pid:1700 channel:stdout
[2025-04-04 10:35:03,895] [main] requestId= userEmail= traceId= spanId= - PASSED OVER - {"id"="add-msSql-plugin", "type"="execution", "author"="", "class"="DatabaseChangelog1", "method"="addMsSqlPlugin"}
[2025-04-04 10:35:03,901] [main] requestId= userEmail= traceId= spanId= - PASSED OVER - {"id"="createNewPageIndexAfterDroppingNewPage", "type"="execution", "author"="", "class"="DatabaseChangelog1", "method"="addNewPageIndexAfterDroppingNewPage"}
[2025-04-04 10:35:03,901] [main] requestId= userEmail= traceId= spanId= - PASSED OVER - {"id"="createNewActionIndexAfterDroppingNewAction", "type"="execution", "author"="", "class"="DatabaseChangelog1", "method"="addNewActionIndexAfterDroppingNewAction"}
READY
RESULT 299
processname:backend groupname:backend pid:1700 channel:stdout
[2025-04-04 10:35:03,901] [main] requestId= userEmail= traceId= spanId= - PASSED OVER - {"id"="new-page-new-action-add-indexes", "type"="execution", "author"="", "class"="DatabaseChangelog1", "method"="addNewPageAndNewActionNewIndexes"}
READY
RESULT 322
processname:backend groupname:backend pid:1700 channel:stdout
[2025-04-04 10:35:03,902] [main] requestId= userEmail= traceId= spanId= - PASSED OVER - {"id"="update-action-index-to-single-multiple-indices", "type"="execution", "author"="", "class"="DatabaseChangelog1", "method"="updateActionIndexToSingleMultipleIndices"}
READY
RESULT 8283
processname:backend groupname:backend pid:1700 channel:stdout
[2025-04-04 10:35:03,907] [main] requestId= userEmail= traceId= spanId= - PASSED OVER - {"id"="add-firestore-plugin", "type"="execution", "author"="", "class"="DatabaseChangelog1", "method"="addFirestorePlugin"}
[2025-04-04 10:35:03,907] [main] requestId= userEmail= traceId= spanId= - PASSED OVER - {"id"="add-redshift-plugin", "type"="execution", "author"="", "class"="DatabaseChangelog1", "method"="addRedshiftPlugin"}
[2025-04-04 10:35:03,907] [main] requestId= userEmail= traceId= spanId= - PASSED OVER - {"id"="clear-userdata-collection", "type"="execution", "author"="", "class"="DatabaseChangelog1", "method"="clearUserDataCollection"}
[2025-04-04 10:35:03,907] [main] requestId= userEmail= traceId= spanId= - PASSED OVER - {"id"="update-database-documentation-links-v1-2-1", "type"="execution", "author"="", "class"="DatabaseChangelog1", "method"="updateDatabaseDocumentationLinks_v1_2_1"}
[2025-04-04 10:35:03,907] [main] requestId= userEmail= traceId= spanId= - PASSED OVER - {"id"="add-amazons3-plugin", "type"="execution", "author"="", "class"="DatabaseChangelog1", "method"="addAmazonS3Plugin"}
[2025-04-04 10:35:03,907] [main] requestId= userEmail= traceId= spanId= - PASSED OVER - {"id"="update-plugin-datasource-form-components", "type"="execution", "author"="", "class"="DatabaseChangelog1", "method"="updatePluginDatasourceFormComponents"}
[2025-04-04 10:35:03,907] [main] requestId= userEmail= traceId= spanId= - PASSED OVER - {"id"="update-s3-datasource-configuration-and-label", "type"="execution", "author"="", "class"="DatabaseChangelog1", "method"="updateS3DatasourceConfigurationAndLabel"}
[2025-04-04 10:35:03,907] [main] requestId= userEmail= traceId= spanId= - PASSED OVER - {"id"="add-google-sheets-plugin", "type"="execution", "author"="", "class"="DatabaseChangelog1", "method"="addGoogleSheetsPlugin"}
[2025-04-04 10:35:03,907] [main] requestId= userEmail= traceId= spanId= - PASSED OVER - {"id"="mark-instance-unregistered", "type"="execution", "author"="", "class"="DatabaseChangelog1", "method"="markInstanceAsUnregistered"}
[2025-04-04 10:35:03,908] [main] requestId= userEmail= traceId= spanId= - PASSED OVER - {"id"="add-snowflake-plugin", "type"="execution", "author"="", "class"="DatabaseChangelog1", "method"="addSnowflakePlugin"}
[2025-04-04 10:35:03,908] [main] requestId= userEmail= traceId= spanId= - PASSED OVER - {"id"="add-arangodb-plugin", "type"="execution", "author"="", "class"="DatabaseChangelog1", "method"="addArangoDBPlugin"}
[2025-04-04 10:35:03,908] [main] requestId= userEmail= traceId= spanId= - PASSED OVER - {"id"="set-svg-logo-to-plugins", "type"="execution", "author"="", "class"="DatabaseChangelog1", "method"="setSvgLogoToPluginIcons"}
[2025-04-04 10:35:03,908] [main] requestId= userEmail= traceId= spanId= - PASSED OVER - {"id"="create-plugin-reference-for-genarate-CRUD-page", "type"="execution", "author"="", "class"="DatabaseChangelog1", "method"="createPluginReferenceForGenerateCRUDPage"}
[2025-04-04 10:35:03,908] [main] requestId= userEmail= traceId= spanId= - PASSED OVER - {"id"="create-plugin-reference-for-S3-GSheet-genarate-CRUD-page", "type"="execution", "author"="", "class"="DatabaseChangelog1", "method"="createPluginReferenceForS3AndGSheetGenerateCRUDPage"}
[2025-04-04 10:35:03,908] [main] requestId= userEmail= traceId= spanId= - PASSED OVER - {"id"="add-js-plugin", "type"="execution", "author"="", "class"="DatabaseChangelog1", "method"="addJSPlugin"}
[2025-04-04 10:35:03,908] [main] requestId= userEmail= traceId= spanId= - PASSED OVER - {"id"="update-plugin-package-name-index", "type"="execution", "author"="", "class"="DatabaseChangelog1", "method"="updatePluginPackageNameIndexToPluginNamePackageNameAndVersion"}
[2025-04-04 10:35:03,908] [main] requestId= userEmail= traceId= spanId= - PASSED OVER - {"id"="migrate-s3-to-uqi", "type"="execution", "author"="", "class"="DatabaseChangelog1", "method"="migrateS3PluginToUqi"}
[2025-04-04 10:35:03,908] [main] requestId= userEmail= traceId= spanId= - PASSED OVER - {"id"="add-smtp-plugin", "type"="execution", "author"="", "class"="DatabaseChangelog1", "method"="addSmtpPluginPlugin"}
[2025-04-04 10:35:03,908] [main] requestId= userEmail= traceId= spanId= - PASSED OVER - {"id"="add-google-sheets-plugin-name", "type"="execution", "author"="", "class"="DatabaseChangelog1", "method"="addPluginNameForGoogleSheets"}
[2025-04-04 10:35:03,908] [main] requestId= userEmail= traceId= spanId= - PASSED OVER - {"id"="migrate-firestore-to-uqi", "type"="execution", "author"="", "class"="DatabaseChangelog1", "method"="migrateFirestorePluginToUqi"}
[2025-04-04 10:35:03,909] [main] requestId= userEmail= traceId= spanId= - PASSED OVER - {"id"="migrate-firestore-to-uqi-3", "type"="execution", "author"="", "class"="DatabaseChangelog1", "method"="migrateFirestorePluginToUqi3"}
[2025-04-04 10:35:03,909] [main] requestId= userEmail= traceId= spanId= - PASSED OVER - {"id"="update-index-for-git", "type"="execution", "author"="", "class"="DatabaseChangelog1", "method"="updateGitIndexes"}
[2025-04-04 10:35:03,909] [main] requestId= userEmail= traceId= spanId= - PASSED OVER - {"id"="use-assets-cdn-for-plugin-icons", "type"="execution", "author"="", "class"="DatabaseChangelog1", "method"="useAssetsCDNForPluginIcons"}
[2025-04-04 10:35:03,909] [main] requestId= userEmail= traceId= spanId= - PASSED OVER - {"id"="update-index-for-newAction-actionCollection-userData", "type"="execution", "author"="", "class"="DatabaseChangelog1", "method"="updateNewActionActionCollectionAndUserDataIndexes"}
[2025-04-04 10:35:03,909] [main] requestId= userEmail= traceId= spanId= - PASSED OVER - {"id"="mark-mssql-crud-unavailable", "type"="execution", "author"="", "class"="DatabaseChangelog1", "method"="markMSSQLCrudUnavailable"}
[2025-04-04 10:35:03,909] [main] requestId= userEmail= traceId= spanId= - PASSED OVER - {"id"="update-index-for-newAction-actionCollection", "type"="execution", "author"="", "class"="DatabaseChangelog1", "method"="updateNewActionActionCollectionIndexes"}
[2025-04-04 10:35:03,910] [main] requestId= userEmail= traceId= spanId= - PASSED OVER - {"id"="fix-plugin-title-casing", "type"="execution", "author"="", "class"="DatabaseChangelog2", "method"="fixPluginTitleCasing"}
[2025-04-04 10:35:03,911] [main] requestId= userEmail= traceId= spanId= - PASSED OVER - {"id"="update-git-indexes", "type"="execution", "author"="", "class"="DatabaseChangelog2", "method"="addIndexesForGit"}
[2025-04-04 10:35:03,911] [main] requestId= userEmail= traceId= spanId= - PASSED OVER - {"id"="add-workspace-indexes", "type"="execution", "author"="", "class"="DatabaseChangelog2", "method"="addWorkspaceIndexes"}
[2025-04-04 10:35:03,911] [main] requestId= userEmail= traceId= spanId= - PASSED OVER - {"id"="add-default-tenant", "type"="execution", "author"="", "class"="DatabaseChangelog2", "method"="addDefaultTenant"}
[2025-04-04 10:35:03,911] [main] requestId= userEmail= traceId= spanId= - PASSED OVER - {"id"="organization-to-workspace-indexes-recreate", "type"="execution", "author"="", "class"="DatabaseChangelog2", "method"="organizationToWorkspaceIndexesRecreate"}
[2025-04-04 10:35:03,911] [main] requestId= userEmail= traceId= spanId= - PASSED OVER - {"id"="flush-spring-redis-keys-2a", "type"="execution", "author"="", "class"="DatabaseChangelog2", "method"="clearRedisCache2"}
[2025-04-04 10:35:03,911] [main] requestId= userEmail= traceId= spanId= - PASSED OVER - {"id"="add-anonymousUser", "type"="execution", "author"="", "class"="DatabaseChangelog2", "method"="addAnonymousUser"}
[2025-04-04 10:35:03,911] [main] requestId= userEmail= traceId= spanId= - PASSED OVER - {"id"="add-instance-config-object", "type"="execution", "author"="", "class"="DatabaseChangelog2", "method"="addInstanceConfigurationPlaceHolder"}
[2025-04-04 10:35:03,911] [main] requestId= userEmail= traceId= spanId= - PASSED OVER - {"id"="add-anonymous-user-permission-group", "type"="execution", "author"="", "class"="DatabaseChangelog2", "method"="addAnonymousUserPermissionGroup"}
[2025-04-04 10:35:03,911] [main] requestId= userEmail= traceId= spanId= - PASSED OVER - {"id"="create-themes-indices", "type"="execution", "author"="", "class"="DatabaseChangelog2", "method"="createThemesIndices"}
READY
RESULT 234
processname:backend groupname:backend pid:1700 channel:stdout
[2025-04-04 10:35:04,183] [main] requestId= userEmail= traceId= spanId= - method[createSystemThemes3] with arguments: [org.springframework.data.mongodb.core.MongoTemplate]
READY
RESULT 277
processname:backend groupname:backend pid:1700 channel:stdout
[2025-04-04 10:35:06,042] [main] requestId= userEmail= traceId= spanId= - RE-APPLIED - {"id"="create-system-themes-v3", "type"="execution", "author"="", "class"="DatabaseChangelog2", "method"="createSystemThemes3"}
READY
RESULT 776
processname:backend groupname:backend pid:1700 channel:stdout
[2025-04-04 10:35:06,043] [main] requestId= userEmail= traceId= spanId= - PASSED OVER - {"id"="create-indices-on-permissions-for-performance", "type"="execution", "author"="", "class"="DatabaseChangelog2", "method"="addPermissionGroupIndex"}
[2025-04-04 10:35:06,043] [main] requestId= userEmail= traceId= spanId= - PASSED OVER - {"id"="update-bad-theme-state", "type"="execution", "author"="", "class"="DatabaseChangelog2", "method"="updateBadThemeState"}
[2025-04-04 10:35:06,043] [main] requestId= userEmail= traceId= spanId= - PASSED OVER - {"id"="add-tenant-admin-permissions-instance-admin", "type"="execution", "author"="", "class"="DatabaseChangelog2", "method"="addTenantAdminPermissionsToInstanceAdmin"}
READY
RESULT 270
processname:backend groupname:backend pid:1700 channel:stdout
[2025-04-04 10:35:06,044] [main] requestId= userEmail= traceId= spanId= - PASSED OVER - {"id"="add-graphql-plugin", "type"="execution", "author"="", "class"="DatabaseChangelog2", "method"="addGraphQLPlugin"}
READY
RESULT 534
processname:backend groupname:backend pid:1700 channel:stdout
[2025-04-04 10:35:06,048] [main] requestId= userEmail= traceId= spanId= - PASSED OVER - {"id"="indices-recommended-by-mongodb-cloud", "type"="execution", "author"="", "class"="DatabaseChangelog2", "method"="addIndicesRecommendedByMongoCloud"}
[2025-04-04 10:35:06,049] [main] requestId= userEmail= traceId= spanId= - PASSED OVER - {"id"="add-unique-index-for-uidstring", "type"="execution", "author"="", "class"="DatabaseChangelog2", "method"="addUniqueIndexOnUidString"}
READY
RESULT 592
processname:backend groupname:backend pid:1700 channel:stdout
[2025-04-04 10:35:06,050] [main] requestId= userEmail= traceId= spanId= - PASSED OVER - {"id"="change-readPermissionGroup-to-readPermissionGroupMembers", "type"="execution", "author"="", "class"="DatabaseChangelog2", "method"="modifyReadPermissionGroupToReadPermissionGroupMembers"}
[2025-04-04 10:35:06,051] [main] requestId= userEmail= traceId= spanId= - PASSED OVER - {"id"="delete-permissions-in-permissionGroups", "type"="execution", "author"="", "class"="DatabaseChangelog2", "method"="deletePermissionsInPermissionGroups"}
READY
RESULT 307
processname:backend groupname:backend pid:1700 channel:stdout
[2025-04-04 10:35:06,052] [main] requestId= userEmail= traceId= spanId= - PASSED OVER - {"id"="remove-usage-pulses-for-appsmith-cloud", "type"="execution", "author"="", "class"="DatabaseChangelog2", "method"="removeUsagePulsesForAppsmithCloud"}
READY
RESULT 759
processname:backend groupname:backend pid:1700 channel:stdout
[2025-04-04 10:35:06,056] [main] requestId= userEmail= traceId= spanId= - PASSED OVER - {"id"="add-ssl-mode-settings-for-existing-mssql-datasources", "type"="execution", "author"="", "class"="DatabaseChangelog2", "method"="addSslModeSettingsForExistingMssqlDatasource"}
[2025-04-04 10:35:06,056] [main] requestId= userEmail= traceId= spanId= - PASSED OVER - {"id"="add-oracle-plugin", "type"="execution", "author"="", "class"="DatabaseChangelog2", "method"="addOraclePlugin"}
[2025-04-04 10:35:06,056] [main] requestId= userEmail= traceId= spanId= - PASSED OVER - {"id"="update-oracle-plugin-name", "type"="execution", "author"="", "class"="DatabaseChangelog2", "method"="updateOraclePluginName"}
READY
RESULT 611
processname:backend groupname:backend pid:1700 channel:stdout
[2025-04-04 10:35:06,063] [main] requestId= userEmail= traceId= spanId= - method[com.appsmith.server.migrations.db.ce.Migration003AddInstanceNameToTenantConfiguration] with arguments: [org.springframework.data.mongodb.core.MongoTemplate]
[2025-04-04 10:35:06,063] [main] requestId= userEmail= traceId= spanId= - PASSED OVER - {"id"="add-instance-name-env-variable-tenant-configuration", "type"="execution", "author"="default_author", "class"="Migration003AddInstanceNameToTenantConfiguration", "method"="addInstanceNameEnvVarToTenantConfiguration"}
READY
RESULT 306
processname:backend groupname:backend pid:1700 channel:stdout
[2025-04-04 10:35:06,074] [main] requestId= userEmail= traceId= spanId= - method[com.appsmith.server.migrations.db.ce.Migration004PermissionGroupDefaultWorkspaceIdMigration] with arguments: [org.springframework.data.mongodb.core.MongoTemplate]
READY
RESULT 362
processname:backend groupname:backend pid:1700 channel:stdout
[2025-04-04 10:35:06,076] [main] requestId= userEmail= traceId= spanId= - PASSED OVER - {"id"="migrate-default-workspace-id-to-default-domain-id", "type"="execution", "author"="default_author", "class"="Migration004PermissionGroupDefaultWorkspaceIdMigration", "method"="defaultWorkspaceIdMigration"}
READY
RESULT 306
processname:backend groupname:backend pid:1700 channel:stdout
[2025-04-04 10:35:06,080] [main] requestId= userEmail= traceId= spanId= - method[com.appsmith.server.migrations.db.ce.Migration005CreateIndexForApplicationSnapshotMigration] with arguments: [org.springframework.data.mongodb.core.MongoTemplate]
READY
RESULT 863
processname:backend groupname:backend pid:1700 channel:stdout
[2025-04-04 10:35:06,081] [main] requestId= userEmail= traceId= spanId= - PASSED OVER - {"id"="create-index-for-application-snapshot-collection", "type"="execution", "author"="default_author", "class"="Migration005CreateIndexForApplicationSnapshotMigration", "method"="addIndexOnApplicationIdAndChunkOrder"}
[2025-04-04 10:35:06,091] [main] requestId= userEmail= traceId= spanId= - method[com.appsmith.server.migrations.db.ce.Migration006ResetOnPageLoadEdgesInLayouts] with arguments: [org.springframework.data.mongodb.core.MongoTemplate]
[2025-04-04 10:35:06,091] [main] requestId= userEmail= traceId= spanId= - PASSED OVER - {"id"="reset-on-page-load-edges-in-layouts", "type"="execution", "author"="default_author", "class"="Migration006ResetOnPageLoadEdgesInLayouts", "method"="executeMigration"}
READY
RESULT 596
processname:backend groupname:backend pid:1700 channel:stdout
[2025-04-04 10:35:06,098] [main] requestId= userEmail= traceId= spanId= - method[com.appsmith.server.migrations.db.ce.Migration007OptOutUnsupportedPluginsForAirGap] with arguments: [org.springframework.data.mongodb.core.MongoTemplate]
[2025-04-04 10:35:06,098] [main] requestId= userEmail= traceId= spanId= - PASSED OVER - {"id"="opt-out-unsupported-plugins-airgap-instance", "type"="execution", "author"="default_author", "class"="Migration007OptOutUnsupportedPluginsForAirGap", "method"="optOutUnsupportedPluginsForAirGapInstance"}
READY
RESULT 296
processname:backend groupname:backend pid:1700 channel:stdout
[2025-04-04 10:35:06,114] [main] requestId= userEmail= traceId= spanId= - method[com.appsmith.server.migrations.db.ce.Migration008SupportNonHostedPluginsForAirgap] with arguments: [org.springframework.data.mongodb.core.MongoTemplate]
READY
RESULT 822
processname:backend groupname:backend pid:1700 channel:stdout
[2025-04-04 10:35:06,115] [main] requestId= userEmail= traceId= spanId= - PASSED OVER - {"id"="support-non-self-hosted-plugins-for-airgap", "type"="execution", "author"="default_author", "class"="Migration008SupportNonHostedPluginsForAirgap", "method"="supportNonHostedPluginsForAirgap"}
[2025-04-04 10:35:06,118] [main] requestId= userEmail= traceId= spanId= - method[com.appsmith.server.migrations.db.ce.Migration009UpdateOracleLogoToSVG] with arguments: [org.springframework.data.mongodb.core.MongoTemplate]
[2025-04-04 10:35:06,119] [main] requestId= userEmail= traceId= spanId= - PASSED OVER - {"id"="update-oracle-logo-to-svg", "type"="execution", "author"="default_author", "class"="Migration009UpdateOracleLogoToSVG", "method"="updateOracleLogoToSVG"}
READY
RESULT 540
processname:backend groupname:backend pid:1700 channel:stdout
[2025-04-04 10:35:06,133] [main] requestId= userEmail= traceId= spanId= - method[com.appsmith.server.migrations.db.ce.Migration010UpdatePluginDocsLink] with arguments: [org.springframework.data.mongodb.core.MongoTemplate]
[2025-04-04 10:35:06,134] [main] requestId= userEmail= traceId= spanId= - PASSED OVER - {"id"="update-plugins-docs-link", "type"="execution", "author"="default_author", "class"="Migration010UpdatePluginDocsLink", "method"="updatePluginDocumentationLinks"}
READY
RESULT 715
processname:backend groupname:backend pid:1700 channel:stdout
[2025-04-04 10:35:06,137] [main] requestId= userEmail= traceId= spanId= - method[com.appsmith.server.migrations.db.ce.Migration011CreateIndexDefaultDomainIdDefaultDomainTypeDropIndexDefaultWorkspaceId] with arguments: [org.springframework.data.mongodb.core.MongoTemplate]
[2025-04-04 10:35:06,138] [main] requestId= userEmail= traceId= spanId= - PASSED OVER - {"id"="create-index-default-domain-id-default-domain-type", "type"="execution", "author"="default_author", "class"="Migration011CreateIndexDefaultDomainIdDefaultDomainTypeDropIndexDefaultWorkspaceId", "method"="createNewIndexDefaultDomainIdDefaultDomainTypeAndDropOldIndexDefaultWorkspaceId"}
READY
RESULT 635
processname:backend groupname:backend pid:1700 channel:stdout
[2025-04-04 10:35:06,181] [main] requestId= userEmail= traceId= spanId= - method[com.appsmith.server.migrations.db.ce.Migration012RemoveStructureFromWithinDatasource] with arguments: [org.springframework.data.mongodb.core.MongoOperations, org.springframework.data.mongodb.core.MongoTemplate]
[2025-04-04 10:35:06,183] [main] requestId= userEmail= traceId= spanId= - PASSED OVER - {"id"="remove-structure-from-within-datasource-modified", "type"="execution", "author"="default_author", "class"="Migration012RemoveStructureFromWithinDatasource", "method"="executeMigration"}
READY
RESULT 546
processname:backend groupname:backend pid:1700 channel:stdout
[2025-04-04 10:35:06,188] [main] requestId= userEmail= traceId= spanId= - method[com.appsmith.server.migrations.db.ce.Migration013AddEmailBodyTypeToSMTPPlugin] with arguments: [org.springframework.data.mongodb.core.MongoTemplate]
[2025-04-04 10:35:06,188] [main] requestId= userEmail= traceId= spanId= - PASSED OVER - {"id"="add-smtp-email-body-type", "type"="execution", "author"="default_author", "class"="Migration013AddEmailBodyTypeToSMTPPlugin", "method"="addSmtpEmailBodyType"}
READY
RESULT 558
processname:backend groupname:backend pid:1700 channel:stdout
[2025-04-04 10:35:06,194] [main] requestId= userEmail= traceId= spanId= - method[com.appsmith.server.migrations.db.ce.Migration014AddIndexToDatasourceStorage] with arguments: [org.springframework.data.mongodb.core.MongoTemplate]
[2025-04-04 10:35:06,195] [main] requestId= userEmail= traceId= spanId= - PASSED OVER - {"id"="index-for-datasource-storage", "type"="execution", "author"="default_author", "class"="Migration014AddIndexToDatasourceStorage", "method"="addingIndexToDatasourceStorage"}
READY
RESULT 585
processname:backend groupname:backend pid:1700 channel:stdout
[2025-04-04 10:35:06,201] [main] requestId= userEmail= traceId= spanId= - method[com.appsmith.server.migrations.db.ce.Migration015AddPluginTypeIndexToNewActionCollection] with arguments: [org.springframework.data.mongodb.core.MongoTemplate]
[2025-04-04 10:35:06,202] [main] requestId= userEmail= traceId= spanId= - PASSED OVER - {"id"="app-id-plugin-type-index-for-new-action", "type"="execution", "author"="default_author", "class"="Migration015AddPluginTypeIndexToNewActionCollection", "method"="addingIndexToNewAction"}
READY
RESULT 544
processname:backend groupname:backend pid:1700 channel:stdout
[2025-04-04 10:35:06,205] [main] requestId= userEmail= traceId= spanId= - method[com.appsmith.server.migrations.db.ce.Migration016RenameIndexesWithLongNames] with arguments: [org.springframework.data.mongodb.core.MongoTemplate]
[2025-04-04 10:35:06,205] [main] requestId= userEmail= traceId= spanId= - PASSED OVER - {"id"="rename-indexes-with-long-names", "type"="execution", "author"="default_author", "class"="Migration016RenameIndexesWithLongNames", "method"="executeMigration"}
READY
RESULT 293
processname:backend groupname:backend pid:1700 channel:stdout
[2025-04-04 10:35:06,218] [main] requestId= userEmail= traceId= spanId= - method[com.appsmith.server.migrations.db.ce.Migration017UnsetEncryptionVersion2Fields] with arguments: [org.springframework.data.mongodb.core.MongoTemplate]
READY
RESULT 1086
processname:backend groupname:backend pid:1700 channel:stdout
[2025-04-04 10:35:06,219] [main] requestId= userEmail= traceId= spanId= - PASSED OVER - {"id"="unset-not-encrypted-encryption-version-2-fields", "type"="execution", "author"="default_author", "class"="Migration017UnsetEncryptionVersion2Fields", "method"="executeMigration"}
[2025-04-04 10:35:06,221] [main] requestId= userEmail= traceId= spanId= - method[com.appsmith.server.migrations.db.ce.Migration018UpdateOraclePluginDocumentationLink] with arguments: [org.springframework.data.mongodb.core.MongoTemplate]
[2025-04-04 10:35:06,222] [main] requestId= userEmail= traceId= spanId= - PASSED OVER - {"id"="update-oracle-doc-link", "type"="execution", "author"="default_author", "class"="Migration018UpdateOraclePluginDocumentationLink", "method"="updateOracleDocumentationLink"}
[2025-04-04 10:35:06,225] [main] requestId= userEmail= traceId= spanId= - method[com.appsmith.server.migrations.db.ce.Migration019RemoveNullEnvIdDatasourceStructureDocuments] with arguments: [org.springframework.data.mongodb.core.MongoTemplate]
READY
RESULT 333
processname:backend groupname:backend pid:1700 channel:stdout
[2025-04-04 10:35:06,235] [main] requestId= userEmail= traceId= spanId= - PASSED OVER - {"id"="delete-null-envId-key-document", "type"="execution", "author"="default_author", "class"="Migration019RemoveNullEnvIdDatasourceStructureDocuments", "method"="executeMigration"}
READY
RESULT 351
processname:backend groupname:backend pid:1700 channel:stdout
[2025-04-04 10:35:06,254] [main] requestId= userEmail= traceId= spanId= - method[com.appsmith.server.migrations.db.ce.Migration021MoveGoogleMapsKeyToTenantConfiguration] with arguments: [org.springframework.data.mongodb.core.MongoTemplate, com.appsmith.server.configurations.CommonConfig]
READY
RESULT 342
processname:backend groupname:backend pid:1700 channel:stdout
[2025-04-04 10:35:06,255] [main] requestId= userEmail= traceId= spanId= - PASSED OVER - {"id"="move-google-maps-key-to-tenant-configuration", "type"="execution", "author"="default_author", "class"="Migration021MoveGoogleMapsKeyToTenantConfiguration", "method"="executeMigration"}
READY
RESULT 1094
processname:backend groupname:backend pid:1700 channel:stdout
[2025-04-04 10:35:06,258] [main] requestId= userEmail= traceId= spanId= - method[com.appsmith.server.migrations.db.ce.Migration022AddConnectionMethodDefaultValueToAllMySQLDatasources] with arguments: [org.springframework.data.mongodb.core.MongoTemplate]
[2025-04-04 10:35:06,258] [main] requestId= userEmail= traceId= spanId= - PASSED OVER - {"id"="add-connection-method-default-value-for-mysql", "type"="execution", "author"="default_author", "class"="Migration022AddConnectionMethodDefaultValueToAllMySQLDatasources", "method"="updateConnectionMethodDefaultValueForMySQL"}
[2025-04-04 10:35:06,261] [main] requestId= userEmail= traceId= spanId= - method[com.appsmith.server.migrations.db.ce.Migration023UpdateJSPluginIcon] with arguments: [org.springframework.data.mongodb.core.MongoTemplate]
[2025-04-04 10:35:06,261] [main] requestId= userEmail= traceId= spanId= - PASSED OVER - {"id"="update-js-plugin-icon", "type"="execution", "author"="default_author", "class"="Migration023UpdateJSPluginIcon", "method"="executeMigration"}
READY
RESULT 306
processname:backend groupname:backend pid:1700 channel:stdout
[2025-04-04 10:35:06,276] [main] requestId= userEmail= traceId= spanId= - method[com.appsmith.server.migrations.db.ce.Migration024EnableGenerateCRUDPageToggleForMssqlPlugin] with arguments: [org.springframework.data.mongodb.core.MongoTemplate]
READY
RESULT 852
processname:backend groupname:backend pid:1700 channel:stdout
[2025-04-04 10:35:06,276] [main] requestId= userEmail= traceId= spanId= - PASSED OVER - {"id"="enable-generate-crud-page-for-mssql", "type"="execution", "author"="default_author", "class"="Migration024EnableGenerateCRUDPageToggleForMssqlPlugin", "method"="enableGenerateCRUDPageToggle"}
[2025-04-04 10:35:06,279] [main] requestId= userEmail= traceId= spanId= - method[com.appsmith.server.migrations.db.ce.Migration025AddIndexDeletedInApplication] with arguments: [org.springframework.data.mongodb.core.MongoTemplate]
[2025-04-04 10:35:06,279] [main] requestId= userEmail= traceId= spanId= - PASSED OVER - {"id"="add-index-application-deleted", "type"="execution", "author"="default_author", "class"="Migration025AddIndexDeletedInApplication", "method"="createIndexInApplicationCollection"}
READY
RESULT 608
processname:backend groupname:backend pid:1700 channel:stdout
[2025-04-04 10:35:06,285] [main] requestId= userEmail= traceId= spanId= - method[com.appsmith.server.migrations.db.ce.Migration025RemoveUnassignPermissionFromUnnecessaryRoles] with arguments: [org.springframework.data.mongodb.core.MongoTemplate]
[2025-04-04 10:35:06,287] [main] requestId= userEmail= traceId= spanId= - PASSED OVER - {"id"="remove-unassign-permission-from-workspace-dev-viewer-roles", "type"="execution", "author"="default_author", "class"="Migration025RemoveUnassignPermissionFromUnnecessaryRoles", "method"="executeMigration"}
READY
RESULT 299
processname:backend groupname:backend pid:1700 channel:stdout
[2025-04-04 10:35:06,294] [main] requestId= userEmail= traceId= spanId= - method[com.appsmith.server.migrations.db.ce.Migration026AddIndexTenantAndDeletedInWorkspace] with arguments: [org.springframework.data.mongodb.core.MongoTemplate]
READY
RESULT 342
processname:backend groupname:backend pid:1700 channel:stdout
[2025-04-04 10:35:06,294] [main] requestId= userEmail= traceId= spanId= - PASSED OVER - {"id"="add-index-workspace-tenant-deleted", "type"="execution", "author"="default_author", "class"="Migration026AddIndexTenantAndDeletedInWorkspace", "method"="addIndexInWorkspaceCollection"}
READY
RESULT 302
processname:backend groupname:backend pid:1700 channel:stdout
[2025-04-04 10:35:06,307] [main] requestId= userEmail= traceId= spanId= - method[com.appsmith.server.migrations.db.ce.Migration027AddIndexDatasourceIdAndDeletedInAction] with arguments: [org.springframework.data.mongodb.core.MongoTemplate]
READY
RESULT 1193
processname:backend groupname:backend pid:1700 channel:stdout
[2025-04-04 10:35:06,307] [main] requestId= userEmail= traceId= spanId= - PASSED OVER - {"id"="new-action-compound-index-datasource-id", "type"="execution", "author"="default_author", "class"="Migration027AddIndexDatasourceIdAndDeletedInAction", "method"="addIndexInNewActionCollection"}
[2025-04-04 10:35:06,310] [main] requestId= userEmail= traceId= spanId= - method[com.appsmith.server.migrations.db.ce.Migration028TagUserManagementRolesWithoutDefaultDomainTypeAndId] with arguments: [org.springframework.data.mongodb.core.MongoTemplate]
[2025-04-04 10:35:06,311] [main] requestId= userEmail= traceId= spanId= - PASSED OVER - {"id"="tag-user-management-roles-without-default-domain-type-and-id", "type"="execution", "author"="default_author", "class"="Migration028TagUserManagementRolesWithoutDefaultDomainTypeAndId", "method"="tagUserManagementRolesWithoutDefaultDomainTypeAndId"}
[2025-04-04 10:35:06,313] [main] requestId= userEmail= traceId= spanId= - method[com.appsmith.server.migrations.db.ce.Migration029PopulateDefaultDomainIdInUserManagementRoles] with arguments: [org.springframework.data.mongodb.core.MongoTemplate]
READY
RESULT 383
processname:backend groupname:backend pid:1700 channel:stdout
[2025-04-04 10:35:06,314] [main] requestId= userEmail= traceId= spanId= - PASSED OVER - {"id"="populate-default-domain-id-in-user-management-roles", "type"="execution", "author"="default_author", "class"="Migration029PopulateDefaultDomainIdInUserManagementRoles", "method"="populateDefaultDomainIdInUserManagementRoles"}
READY
RESULT 584
processname:backend groupname:backend pid:1700 channel:stdout
[2025-04-04 10:35:06,326] [main] requestId= userEmail= traceId= spanId= - method[com.appsmith.server.migrations.db.ce.Migration030TagUsersWithNoUserManagementRoles] with arguments: [org.springframework.data.mongodb.core.MongoTemplate]
[2025-04-04 10:35:06,326] [main] requestId= userEmail= traceId= spanId= - PASSED OVER - {"id"="tag-users-with-no-user-management-roles", "type"="execution", "author"="default_author", "class"="Migration030TagUsersWithNoUserManagementRoles", "method"="tagUsersWithNoUserManagementRoles"}
READY
RESULT 1223
processname:backend groupname:backend pid:1700 channel:stdout
[2025-04-04 10:35:06,342] [main] requestId= userEmail= traceId= spanId= - method[com.appsmith.server.migrations.db.ce.Migration031CreateUserManagementRolesForUsersTaggedIn030] with arguments: [org.springframework.data.mongodb.core.MongoTemplate, com.appsmith.server.solutions.PolicySolution]
[2025-04-04 10:35:06,343] [main] requestId= userEmail= traceId= spanId= - PASSED OVER - {"id"="create-user-management-roles-for-users-tagged-in-migration-030", "type"="execution", "author"="default_author", "class"="Migration031CreateUserManagementRolesForUsersTaggedIn030", "method"="createUserManagementRolesForUsersTaggedInMigration030"}
[2025-04-04 10:35:06,346] [main] requestId= userEmail= traceId= spanId= - method[com.appsmith.server.migrations.db.ce.Migration032AddingXmlParserToApplicationLibraries] with arguments: [org.springframework.data.mongodb.core.MongoTemplate]
[2025-04-04 10:35:06,347] [main] requestId= userEmail= traceId= spanId= - PASSED OVER - {"id"="add-xml-parser-to-application-jslibs", "type"="execution", "author"="default_author", "class"="Migration032AddingXmlParserToApplicationLibraries", "method"="addXmlParserEntryToEachApplication"}
READY
RESULT 279
processname:backend groupname:backend pid:1700 channel:stdout
[2025-04-04 10:35:06,355] [main] requestId= userEmail= traceId= spanId= - method[com.appsmith.server.migrations.db.ce.Migration033AddOpenAIPlugin] with arguments: [org.springframework.data.mongodb.core.MongoTemplate]
READY
RESULT 302
processname:backend groupname:backend pid:1700 channel:stdout
[2025-04-04 10:35:06,355] [main] requestId= userEmail= traceId= spanId= - PASSED OVER - {"id"="add-open-ai-plugin", "type"="execution", "author"="default_author", "class"="Migration033AddOpenAIPlugin", "method"="addPluginToDbAndWorkspace"}
READY
RESULT 304
processname:backend groupname:backend pid:1700 channel:stdout
[2025-04-04 10:35:06,363] [main] requestId= userEmail= traceId= spanId= - method[com.appsmith.server.migrations.db.ce.Migration034ChangeOpenAIIntegrationDocumentationLink] with arguments: [org.springframework.data.mongodb.core.MongoTemplate]
READY
RESULT 352
processname:backend groupname:backend pid:1700 channel:stdout
[2025-04-04 10:35:06,364] [main] requestId= userEmail= traceId= spanId= - PASSED OVER - {"id"="change-open-ai-integration-documentation-link", "type"="execution", "author"="default_author", "class"="Migration034ChangeOpenAIIntegrationDocumentationLink", "method"="changeDocumentationLink"}
READY
RESULT 527
processname:backend groupname:backend pid:1700 channel:stdout
[2025-04-04 10:35:06,368] [main] requestId= userEmail= traceId= spanId= - method[com.appsmith.server.migrations.db.ce.Migration035AddAnthropicPlugin] with arguments: [org.springframework.data.mongodb.core.MongoTemplate]
[2025-04-04 10:35:06,368] [main] requestId= userEmail= traceId= spanId= - PASSED OVER - {"id"="add-anthropic-plugin", "type"="execution", "author"="default_author", "class"="Migration035AddAnthropicPlugin", "method"="addPluginToDbAndWorkspace"}
READY
RESULT 730
processname:backend groupname:backend pid:1700 channel:stdout
[2025-04-04 10:35:06,392] [main] requestId= userEmail= traceId= spanId= - method[com.appsmith.server.migrations.db.ce.Migration035RemoveMockDbEndPointInDatasourceInSelfHostedInstance] with arguments: [org.springframework.data.mongodb.core.MongoTemplate, com.appsmith.server.configurations.CommonConfig, com.appsmith.server.solutions.EnvManager]
[2025-04-04 10:35:06,394] [main] requestId= userEmail= traceId= spanId= - PASSED OVER - {"id"="remove-mockdb-endpoint-in-datasource-self-hosted-instance", "type"="execution", "author"="default_author", "class"="Migration035RemoveMockDbEndPointInDatasourceInSelfHostedInstance", "method"="removeMockDbEndpointInDatasource"}
READY
RESULT 298
processname:backend groupname:backend pid:1700 channel:stdout
[2025-04-04 10:35:06,403] [main] requestId= userEmail= traceId= spanId= - method[com.appsmith.server.migrations.db.ce.Migration036AddRecentlyUsedEntitiesForUserData] with arguments: [org.springframework.data.mongodb.core.MongoTemplate]
READY
RESULT 347
processname:backend groupname:backend pid:1700 channel:stdout
[2025-04-04 10:35:06,403] [main] requestId= userEmail= traceId= spanId= - PASSED OVER - {"id"="add-recently-used-entities-for-user", "type"="execution", "author"="default_author", "class"="Migration036AddRecentlyUsedEntitiesForUserData", "method"="addRecentlyUsedEntitiesForUserData"}
READY
RESULT 591
processname:backend groupname:backend pid:1700 channel:stdout
[2025-04-04 10:35:06,406] [main] requestId= userEmail= traceId= spanId= - method[com.appsmith.server.migrations.db.ce.Migration037AddCompoundIndexForNameAndDeletedAt] with arguments: [org.springframework.data.mongodb.core.MongoTemplate]
[2025-04-04 10:35:06,410] [main] requestId= userEmail= traceId= spanId= - PASSED OVER - {"id"="add-compound-index-name-deleted", "type"="execution", "author"="default_author", "class"="Migration037AddCompoundIndexForNameAndDeletedAt", "method"="addIndexInWorkspaceAndApplicationsCollection"}
READY
RESULT 298
processname:backend groupname:backend pid:1700 channel:stdout
[2025-04-04 10:35:06,419] [main] requestId= userEmail= traceId= spanId= - method[com.appsmith.server.migrations.db.ce.Migration037MarkAnonymousUserAsSystemGenerated] with arguments: [org.springframework.data.mongodb.core.MongoTemplate]
READY
RESULT 333
processname:backend groupname:backend pid:1700 channel:stdout
[2025-04-04 10:35:06,420] [main] requestId= userEmail= traceId= spanId= - PASSED OVER - {"id"="mark-anonymous-user-as-system-generated", "type"="execution", "author"="default_author", "class"="Migration037MarkAnonymousUserAsSystemGenerated", "method"="executeMigration"}
READY
RESULT 578
processname:backend groupname:backend pid:1700 channel:stdout
[2025-04-04 10:35:06,423] [main] requestId= userEmail= traceId= spanId= - method[com.appsmith.server.migrations.db.ce.Migration038AddCompoundIndexForActionCollection] with arguments: [org.springframework.data.mongodb.core.MongoTemplate]
[2025-04-04 10:35:06,424] [main] requestId= userEmail= traceId= spanId= - PASSED OVER - {"id"="add-compound-index-action-collection", "type"="execution", "author"="default_author", "class"="Migration038AddCompoundIndexForActionCollection", "method"="addIndexInActionCollection"}
READY
RESULT 1055
processname:backend groupname:backend pid:1700 channel:stdout
[2025-04-04 10:35:06,439] [main] requestId= userEmail= traceId= spanId= - method[com.appsmith.server.migrations.db.ce.Migration038AddGoogleAIPlugin] with arguments: [org.springframework.data.mongodb.core.MongoTemplate]
[2025-04-04 10:35:06,439] [main] requestId= userEmail= traceId= spanId= - PASSED OVER - {"id"="add-google-ai-plugin", "type"="execution", "author"="default_author", "class"="Migration038AddGoogleAIPlugin", "method"="addPluginToDbAndWorkspace"}
[2025-04-04 10:35:06,442] [main] requestId= userEmail= traceId= spanId= - method[com.appsmith.server.migrations.db.ce.Migration039AddCompoundIndexForDatasourceStorage] with arguments: [org.springframework.data.mongodb.core.MongoTemplate]
[2025-04-04 10:35:06,443] [main] requestId= userEmail= traceId= spanId= - PASSED OVER - {"id"="add-compound-index-datasource-storage", "type"="execution", "author"="default_author", "class"="Migration039AddCompoundIndexForDatasourceStorage", "method"="addIndexInDatasourceStorageCollection"}
READY
RESULT 530
processname:backend groupname:backend pid:1700 channel:stdout
[2025-04-04 10:35:06,459] [main] requestId= userEmail= traceId= spanId= - method[com.appsmith.server.migrations.db.ce.Migration039AddDatabricksPlugin] with arguments: [org.springframework.data.mongodb.core.MongoTemplate]
[2025-04-04 10:35:06,459] [main] requestId= userEmail= traceId= spanId= - PASSED OVER - {"id"="add-databricks-plugin", "type"="execution", "author"="default_author", "class"="Migration039AddDatabricksPlugin", "method"="addPluginToDbAndWorkspace"}
READY
RESULT 787
processname:backend groupname:backend pid:1700 channel:stdout
[2025-04-04 10:35:06,462] [main] requestId= userEmail= traceId= spanId= - method[com.appsmith.server.migrations.db.ce.Migration039OpenAIMessagesJsToggle] with arguments: [org.springframework.data.mongodb.core.MongoTemplate]
[2025-04-04 10:35:06,463] [main] requestId= userEmail= traceId= spanId= - PASSED OVER - {"id"="move-messages-to-data-key-in-openai", "type"="execution", "author"="default_author", "class"="Migration039OpenAIMessagesJsToggle", "method"="moveMessagesToDataKeyForSupportingJsToggle"}
[2025-04-04 10:35:06,466] [main] requestId= userEmail= traceId= spanId= - method[com.appsmith.server.migrations.db.ce.Migration040AddAWSLambdaPlugin] with arguments: [org.springframework.data.mongodb.core.MongoTemplate]
READY
RESULT 308
processname:backend groupname:backend pid:1700 channel:stdout
[2025-04-04 10:35:06,473] [main] requestId= userEmail= traceId= spanId= - PASSED OVER - {"id"="add-aws-lambda-plugin", "type"="execution", "author"="default_author", "class"="Migration040AddAWSLambdaPlugin", "method"="addPluginToDbAndWorkspace"}
READY
RESULT 283
processname:backend groupname:backend pid:1700 channel:stdout
[2025-04-04 10:35:06,480] [main] requestId= userEmail= traceId= spanId= - method[com.appsmith.server.migrations.db.ce.Migration040AddAppsmithAiPlugin] with arguments: [org.springframework.data.mongodb.core.MongoTemplate]
READY
RESULT 887
processname:backend groupname:backend pid:1700 channel:stdout
[2025-04-04 10:35:06,481] [main] requestId= userEmail= traceId= spanId= - PASSED OVER - {"id"="add-appsmith-ai-plugin", "type"="execution", "author"="default_author", "class"="Migration040AddAppsmithAiPlugin", "method"="addPluginToDbAndWorkspace"}
[2025-04-04 10:35:06,484] [main] requestId= userEmail= traceId= spanId= - method[com.appsmith.server.migrations.db.ce.Migration041TagWorkspacesForGitOperationsPermissionMigration] with arguments: [org.springframework.data.mongodb.core.MongoTemplate]
[2025-04-04 10:35:06,484] [main] requestId= userEmail= traceId= spanId= - PASSED OVER - {"id"="tag-workspaces-to-migrate-adding-git-permissions", "type"="execution", "author"="default_author", "class"="Migration041TagWorkspacesForGitOperationsPermissionMigration", "method"="addPermissionForGitOperationsToExistingWorkspaces"}
READY
RESULT 591
processname:backend groupname:backend pid:1700 channel:stdout
[2025-04-04 10:35:06,491] [main] requestId= userEmail= traceId= spanId= - method[com.appsmith.server.migrations.db.ce.Migration042AddPermissionsForGitOperations] with arguments: [org.springframework.data.mongodb.core.MongoTemplate]
[2025-04-04 10:35:06,492] [main] requestId= userEmail= traceId= spanId= - PASSED OVER - {"id"="add-permissions-for-git-operations", "type"="execution", "author"="default_author", "class"="Migration042AddPermissionsForGitOperations", "method"="addPermissionForGitOperationsToExistingApplications"}
READY
RESULT 1081
processname:backend groupname:backend pid:1700 channel:stdout
[2025-04-04 10:35:06,496] [main] requestId= userEmail= traceId= spanId= - method[com.appsmith.server.migrations.db.ce.Migration043AddIndexActionCollectionPageID] with arguments: [org.springframework.data.mongodb.core.MongoTemplate]
[2025-04-04 10:35:06,496] [main] requestId= userEmail= traceId= spanId= - PASSED OVER - {"id"="add-index-to-action-collection-default-resources-pageid", "type"="execution", "author"="default_author", "class"="Migration043AddIndexActionCollectionPageID", "method"="addIndexToActionCollectionCollection"}
[2025-04-04 10:35:06,499] [main] requestId= userEmail= traceId= spanId= - method[com.appsmith.server.migrations.db.ce.Migration044AddIndexesToDomainObjects] with arguments: [org.springframework.data.mongodb.core.MongoTemplate]
[2025-04-04 10:35:06,500] [main] requestId= userEmail= traceId= spanId= - PASSED OVER - {"id"="add-index-to-domain-objects", "type"="execution", "author"="default_author", "class"="Migration044AddIndexesToDomainObjects", "method"="addIndexToDomainObjects"}
READY
RESULT 615
processname:backend groupname:backend pid:1700 channel:stdout
[2025-04-04 10:35:06,507] [main] requestId= userEmail= traceId= spanId= - method[com.appsmith.server.migrations.db.ce.Migration045AddDefaultAppsmithAiDatasourceForOrphanActions] with arguments: [org.springframework.data.mongodb.core.MongoTemplate]
[2025-04-04 10:35:06,508] [main] requestId= userEmail= traceId= spanId= - PASSED OVER - {"id"="add-default-appsmith-datasource", "type"="execution", "author"="default_author", "class"="Migration045AddDefaultAppsmithAiDatasourceForOrphanActions", "method"="addDefaultAppsmithAiDatasourceForOrphanActions"}
READY
RESULT 780
processname:backend groupname:backend pid:1700 channel:stdout
[2025-04-04 10:35:06,513] [main] requestId= userEmail= traceId= spanId= - method[com.appsmith.server.migrations.db.ce.Migration046DeleteArchivedPlugins] with arguments: [org.springframework.data.mongodb.core.MongoTemplate]
[2025-04-04 10:35:06,514] [main] requestId= userEmail= traceId= spanId= - PASSED OVER - {"id"="delete-archived-pluginsd", "type"="execution", "author"="default_author", "class"="Migration046DeleteArchivedPlugins", "method"="deleteArchivedPlugins"}
[2025-04-04 10:35:06,516] [main] requestId= userEmail= traceId= spanId= - method[com.appsmith.server.migrations.db.ce.Migration047AddMissingFieldsInDefaultAppsmithAiDatasource] with arguments: [org.springframework.data.mongodb.core.MongoTemplate]
READY
RESULT 891
processname:backend groupname:backend pid:1700 channel:stdout
[2025-04-04 10:35:06,518] [main] requestId= userEmail= traceId= spanId= - PASSED OVER - {"id"="add-missing-fields-in-default-appsmith-datasource", "type"="execution", "author"="default_author", "class"="Migration047AddMissingFieldsInDefaultAppsmithAiDatasource", "method"="addMissingFieldsInDefaultAppsmithAiDatasource"}
[2025-04-04 10:35:06,523] [main] requestId= userEmail= traceId= spanId= - method[com.appsmith.server.migrations.db.ce.Migration048AddCompoundIndexToUserEntity] with arguments: [org.springframework.data.mongodb.core.MongoTemplate]
[2025-04-04 10:35:06,524] [main] requestId= userEmail= traceId= spanId= - PASSED OVER - {"id"="add-compound-index-in-user-collection", "type"="execution", "author"="default_author", "class"="Migration048AddCompoundIndexToUserEntity", "method"="addMissingIndexInUserCollection"}
READY
RESULT 1036
processname:backend groupname:backend pid:1700 channel:stdout
[2025-04-04 10:35:06,531] [main] requestId= userEmail= traceId= spanId= - method[com.appsmith.server.migrations.db.ce.Migration049RemoveLayoutBaseFields] with arguments: [org.springframework.data.mongodb.core.MongoTemplate]
[2025-04-04 10:35:06,532] [main] requestId= userEmail= traceId= spanId= - PASSED OVER - {"id"="remove-layout-base-fields", "type"="execution", "author"="default_author", "class"="Migration049RemoveLayoutBaseFields", "method"="execute"}
[2025-04-04 10:35:06,539] [main] requestId= userEmail= traceId= spanId= - method[com.appsmith.server.migrations.db.ce.Migration050MoveAnthropicLegacyModelsInQueries] with arguments: [org.springframework.data.mongodb.core.MongoTemplate]
[2025-04-04 10:35:06,540] [main] requestId= userEmail= traceId= spanId= - PASSED OVER - {"id"="move-anthropic-legacy-models", "type"="execution", "author"="default_author", "class"="Migration050MoveAnthropicLegacyModelsInQueries", "method"="moveAnthropicLegacyModelsInQueries"}
READY
RESULT 1057
processname:backend groupname:backend pid:1700 channel:stdout
[2025-04-04 10:35:06,547] [main] requestId= userEmail= traceId= spanId= - method[com.appsmith.server.migrations.db.ce.Migration051AddNewActionCollectionIdIndex] with arguments: [org.springframework.data.mongodb.core.MongoTemplate]
[2025-04-04 10:35:06,547] [main] requestId= userEmail= traceId= spanId= - PASSED OVER - {"id"="add-idx-new-action-coll-id", "type"="execution", "author"="default_author", "class"="Migration051AddNewActionCollectionIdIndex", "method"="addMissingIndexInNewActionCollection"}
[2025-04-04 10:35:06,553] [main] requestId= userEmail= traceId= spanId= - method[com.appsmith.server.migrations.db.ce.Migration052RemoveInvalidPluginsInWorkspaces] with arguments: [org.springframework.data.mongodb.core.MongoTemplate]
[2025-04-04 10:35:06,554] [main] requestId= userEmail= traceId= spanId= - PASSED OVER - {"id"="remove-invalid-plugins-in-workspaces", "type"="execution", "author"="default_author", "class"="Migration052RemoveInvalidPluginsInWorkspaces", "method"="execute"}
READY
RESULT 312
processname:backend groupname:backend pid:1700 channel:stdout
[2025-04-04 10:35:06,556] [main] requestId= userEmail= traceId= spanId= - method[com.appsmith.server.migrations.db.ce.Migration053AddApplicationDeletePagePermissionToApplications] with arguments: [org.springframework.data.mongodb.core.MongoTemplate]
READY
RESULT 386
processname:backend groupname:backend pid:1700 channel:stdout
[2025-04-04 10:35:06,568] [main] requestId= userEmail= traceId= spanId= - PASSED OVER - {"id"="add-app-delete-pages-permission-to-application", "type"="execution", "author"="default_author", "class"="Migration053AddApplicationDeletePagePermissionToApplications", "method"="addApplicationDeletePagesPermissionToApplication"}
READY
RESULT 620
processname:backend groupname:backend pid:1700 channel:stdout
[2025-04-04 10:35:06,571] [main] requestId= userEmail= traceId= spanId= - method[com.appsmith.server.migrations.db.ce.Migration055AddIsAtomicPushAllowedEnvVarToTenantConfiguration] with arguments: [org.springframework.data.mongodb.core.MongoTemplate]
[2025-04-04 10:35:06,571] [main] requestId= userEmail= traceId= spanId= - PASSED OVER - {"id"="add-is-atomic-push-allowed-env-variable-tenant-configuration", "type"="execution", "author"="default_author", "class"="Migration055AddIsAtomicPushAllowedEnvVarToTenantConfiguration", "method"="executeMigration"}
READY
RESULT 608
processname:backend groupname:backend pid:1700 channel:stdout
[2025-04-04 10:35:06,574] [main] requestId= userEmail= traceId= spanId= - method[com.appsmith.server.migrations.db.ce.Migration056AddBranchNameAndDefaultArtifactIndexToApplication] with arguments: [org.springframework.data.mongodb.core.MongoTemplate]
[2025-04-04 10:35:06,574] [main] requestId= userEmail= traceId= spanId= - PASSED OVER - {"id"="add-idx-branch-name-default-artifact-id", "type"="execution", "author"="default_author", "class"="Migration056AddBranchNameAndDefaultArtifactIndexToApplication", "method"="createIndexForApplication"}
READY
RESULT 511
processname:backend groupname:backend pid:1700 channel:stdout
[2025-04-04 10:35:06,589] [main] requestId= userEmail= traceId= spanId= - method[com.appsmith.server.migrations.db.ce.Migration057MoveDRToBaseIds] with arguments: [org.springframework.data.mongodb.core.MongoTemplate]
[2025-04-04 10:35:06,590] [main] requestId= userEmail= traceId= spanId= - PASSED OVER - {"id"="move-dr-to-base-ids", "type"="execution", "author"="default_author", "class"="Migration057MoveDRToBaseIds", "method"="executeMigration"}
READY
RESULT 542
processname:backend groupname:backend pid:1700 channel:stdout
[2025-04-04 10:35:06,593] [main] requestId= userEmail= traceId= spanId= - method[com.appsmith.server.migrations.db.ce.Migration058AddIndexesToBranchAwareDomains] with arguments: [org.springframework.data.mongodb.core.MongoTemplate]
[2025-04-04 10:35:06,593] [main] requestId= userEmail= traceId= spanId= - PASSED OVER - {"id"="add-idx-branch-aware", "type"="execution", "author"="default_author", "class"="Migration058AddIndexesToBranchAwareDomains", "method"="executeMigration"}
READY
RESULT 585
processname:backend groupname:backend pid:1700 channel:stdout
[2025-04-04 10:35:06,896] [main] requestId= userEmail= traceId= spanId= - method[com.appsmith.server.migrations.db.ce.Migration059PolicySetToPolicyMap] with arguments: [org.springframework.data.mongodb.core.ReactiveMongoTemplate, com.appsmith.server.repositories.CacheableRepositoryHelper]
[2025-04-04 10:35:06,897] [main] requestId= userEmail= traceId= spanId= - PASSED OVER - {"id"="policy-set-to-policy-map", "type"="execution", "author"="default_author", "class"="Migration059PolicySetToPolicyMap", "method"="execute"}
READY
RESULT 2466
processname:backend groupname:backend pid:1700 channel:stdout
[2025-04-04 10:35:06,899] [main] requestId= userEmail= traceId= spanId= - method[com.appsmith.server.migrations.db.ce.Migration060AddIndexesForPolicyMap] with arguments: [org.springframework.data.mongodb.core.MongoTemplate]
[2025-04-04 10:35:06,900] [main] requestId= userEmail= traceId= spanId= - PASSED OVER - {"id"="add-idx-policy-map", "type"="execution", "author"="default_author", "class"="Migration060AddIndexesForPolicyMap", "method"="executeMigration"}
[2025-04-04 10:35:06,914] [main] requestId= userEmail= traceId= spanId= - method[com.appsmith.server.migrations.db.ce.Migration061TenantPolicySetToPolicyMap] with arguments: [org.springframework.data.mongodb.core.MongoTemplate, com.appsmith.server.repositories.CacheableRepositoryHelper]
[2025-04-04 10:35:06,914] [main] requestId= userEmail= traceId= spanId= - PASSED OVER - {"id"="migrate-policy-set-to-map-tenant", "type"="execution", "author"="default_author", "class"="Migration061TenantPolicySetToPolicyMap", "method"="executeMigration"}
[2025-04-04 10:35:06,928] [main] requestId= userEmail= traceId= spanId= - method[com.appsmith.server.migrations.db.ce.Migration062AddEmptyPolicyMapForNullValues] with arguments: [org.springframework.data.mongodb.core.ReactiveMongoTemplate]
[2025-04-04 10:35:06,928] [main] requestId= userEmail= traceId= spanId= - PASSED OVER - {"id"="add_empty_policyMap_for_null_entries", "type"="execution", "author"="default_author", "class"="Migration062AddEmptyPolicyMapForNullValues", "method"="execute"}
[2025-04-04 10:35:06,929] [main] requestId= userEmail= traceId= spanId= - method[com.appsmith.server.migrations.db.ce.Migration063CacheBustSpringBoot3_3] with arguments: []
[2025-04-04 10:35:06,929] [main] requestId= userEmail= traceId= spanId= - PASSED OVER - {"id"="reset_session_oauth2_spring_3_3", "type"="execution", "author"="default_author", "class"="Migration063CacheBustSpringBoot3_3", "method"="execute"}
[2025-04-04 10:35:06,932] [main] requestId= userEmail= traceId= spanId= - method[com.appsmith.server.migrations.db.ce.Migration064AddPluginDocUrlToRestApiPlugin] with arguments: [org.springframework.data.mongodb.core.MongoTemplate]
[2025-04-04 10:35:06,932] [main] requestId= userEmail= traceId= spanId= - PASSED OVER - {"id"="add_plugin_doc_url_to_rest_api_plugin", "type"="execution", "author"="default_author", "class"="Migration064AddPluginDocUrlToRestApiPlugin", "method"="execute"}
READY
RESULT 650
processname:backend groupname:backend pid:1700 channel:stdout
[2025-04-04 10:35:07,136] [main] requestId= userEmail= traceId= spanId= - method[com.appsmith.server.migrations.db.ce.Migration065_CopyTenantIdToOrganizationId] with arguments: [org.springframework.data.redis.core.ReactiveRedisOperations, com.fasterxml.jackson.databind.ObjectMapper, org.springframework.data.mongodb.core.MongoTemplate]
[2025-04-04 10:35:07,136] [main] requestId= userEmail= traceId= spanId= - PASSED OVER - {"id"="copy-tenant-id-to-organization-id", "type"="execution", "author"="default_author", "class"="Migration065_CopyTenantIdToOrganizationId", "method"="execute"}
READY
RESULT 992
processname:backend groupname:backend pid:1700 channel:stdout
[2025-04-04 10:35:07,137] [main] requestId= userEmail= traceId= spanId= - method[com.appsmith.server.migrations.db.ce.Migration066_CacheBustTenantOrgMigration] with arguments: []
[2025-04-04 10:35:07,137] [main] requestId= userEmail= traceId= spanId= - PASSED OVER - {"id"="cache-bust-tenant-org-migration", "type"="execution", "author"="default_author", "class"="Migration066_CacheBustTenantOrgMigration", "method"="execute"}
[2025-04-04 10:35:07,140] [main] requestId= userEmail= traceId= spanId= - method[com.appsmith.server.migrations.db.ce.Migration066_RenameInstanceAdminRoleToOrgAdmin] with arguments: [org.springframework.data.mongodb.core.MongoTemplate]
[2025-04-04 10:35:07,140] [main] requestId= userEmail= traceId= spanId= - PASSED OVER - {"id"="rename-instance-admin-role-to-org-admin-role", "type"="execution", "author"="default_author", "class"="Migration066_RenameInstanceAdminRoleToOrgAdmin", "method"="execute"}
READY
RESULT 234
processname:backend groupname:backend pid:1700 channel:stdout
[2025-04-04 10:35:07,152] [main] requestId= userEmail= traceId= spanId= - method[com.appsmith.server.migrations.db.ce.Migration067_UpdateUserEmailIndex] with arguments: []
READY
RESULT 805
processname:backend groupname:backend pid:1700 channel:stdout
[2025-04-04 10:35:07,153] [main] requestId= userEmail= traceId= spanId= - PASSED OVER - {"id"="update-user-email-index", "type"="execution", "author"="default_author", "class"="Migration067_UpdateUserEmailIndex", "method"="execute"}
[2025-04-04 10:35:07,155] [main] requestId= userEmail= traceId= spanId= - method[com.appsmith.server.migrations.db.ce.Migration068_AddOrganizationIdToPasswordResetToken] with arguments: [org.springframework.data.mongodb.core.MongoTemplate]
[2025-04-04 10:35:07,156] [main] requestId= userEmail= traceId= spanId= - PASSED OVER - {"id"="add-organization-id-to-password-reset-token", "type"="execution", "author"="default_author", "class"="Migration068_AddOrganizationIdToPasswordResetToken", "method"="execute"}
READY
RESULT 305
processname:backend groupname:backend pid:1700 channel:stdout
[2025-04-04 10:35:07,170] [main] requestId= userEmail= traceId= spanId= - method[com.appsmith.server.migrations.db.ce.Migration069MigrateOrganizationConfigToInstanceConfig] with arguments: [org.springframework.data.mongodb.core.MongoTemplate]
READY
RESULT 372
processname:backend groupname:backend pid:1700 channel:stdout
[2025-04-04 10:35:07,171] [main] requestId= userEmail= traceId= spanId= - PASSED OVER - {"id"="migrate-organization-config-to-instance-config", "type"="execution", "author"="default_author", "class"="Migration069MigrateOrganizationConfigToInstanceConfig", "method"="migrateOrganizationConfigToInstanceConfig"}
READY
RESULT 618
processname:backend groupname:backend pid:1700 channel:stdout
[2025-04-04 10:35:07,184] [main] requestId= userEmail= traceId= spanId= - method[com.appsmith.server.migrations.db.ce.Migration070_AddOrganizationIdToEmailVerificationToken] with arguments: [org.springframework.data.mongodb.core.MongoTemplate]
[2025-04-04 10:35:07,185] [main] requestId= userEmail= traceId= spanId= - PASSED OVER - {"id"="add-organization-id-to-email-verification-token", "type"="execution", "author"="default_author", "class"="Migration070_AddOrganizationIdToEmailVerificationToken", "method"="addOrganizationIdToEmailVerificationToken"}
READY
RESULT 429
processname:backend groupname:backend pid:1700 channel:stdout
[2025-04-04 10:35:07,203] [main] requestId= userEmail= traceId= spanId= - method[com.appsmith.server.migrations.db.ce.Migration10000_UpdateSuperUser] with arguments: [org.springframework.data.mongodb.core.MongoTemplate, com.appsmith.server.repositories.CacheableRepositoryHelper, com.appsmith.server.solutions.PolicySolution, com.appsmith.server.acl.PolicyGenerator]
READY
RESULT 180
processname:backend groupname:backend pid:1700 channel:stdout
[2025-04-04 10:35:07,203] [main] requestId= userEmail= traceId= spanId= - method[executeMigration] with arguments: []
READY
RESULT 295
processname:backend groupname:backend pid:1700 channel:stdout
[2025-04-04 10:35:07,633] [main] requestId= userEmail= traceId= spanId= - RE-APPLIED - {"id"="update-super-users", "type"="execution", "author"="default_author", "class"="Migration10000_UpdateSuperUser", "method"="executeMigration"}
READY
RESULT 759
processname:backend groupname:backend pid:1700 channel:stdout
[2025-04-04 10:35:07,636] [main] requestId= userEmail= traceId= spanId= - method[com.appsmith.server.migrations.db.ce.Migration020TransferToDatasourceStorage] with arguments: [org.springframework.data.mongodb.core.MongoTemplate]
[2025-04-04 10:35:07,637] [main] requestId= userEmail= traceId= spanId= - PASSED OVER - {"id"="migrate-configurations-to-data-storage-v2", "type"="execution", "author"="default_author", "class"="Migration020TransferToDatasourceStorage", "method"="executeMigration"}
[2025-04-04 10:35:07,637] [main] requestId= userEmail= traceId= spanId= - Mongock releasing the lock
[2025-04-04 10:35:07,637] [main] requestId= userEmail= traceId= spanId= - Mongock releasing the lock
READY
RESULT 257
processname:backend groupname:backend pid:1700 channel:stdout
[2025-04-04 10:35:12,234] [main] requestId= userEmail= traceId= spanId= - Mongock released the lock
[2025-04-04 10:35:12,234] [main] requestId= userEmail= traceId= spanId= - Mongock has finished
READY
RESULT 436
processname:editor groupname:editor pid:1705 channel:stderr
{"level":"debug","ts":1743762913.266759,"logger":"http.handlers.rewrite","msg":"rewrote request","request":{"remote_ip":"::1","remote_port":"49298","client_ip":"::1","proto":"HTTP/1.1","method":"GET","host":"localhost","uri":"/loading.html","headers":{"User-Agent":["curl/7.68.0"],"Accept":["*/*"],"X-Request-Id":["invalid_request_id"]}},"method":"GET","uri":"/loading.html"}
READY
RESULT 424
processname:editor groupname:editor pid:1705 channel:stderr
{"level":"debug","ts":1743762913.2669094,"logger":"http.handlers.file_server","msg":"sanitized path join","site_root":"/tmp/appsmith/www","fs":"","request_path":"/loading.html","result":"/tmp/appsmith/www/loading.html"}
{"level":"debug","ts":1743762913.2697248,"logger":"http.handlers.file_server","msg":"opening file","filename":"/tmp/appsmith/www/loading.html"}
READY
RESULT 885
processname:editor groupname:editor pid:1705 channel:stdout
{"level":"info","ts":1743762913.2704427,"logger":"http.log.access.log0","msg":"handled request","request":{"remote_ip":"::1","remote_port":"49298","client_ip":"::1","proto":"HTTP/1.1","method":"GET","host":"localhost","uri":"/","headers":{"Accept":["*/*"],"User-Agent":["curl/7.68.0"]}},"bytes_read":0,"user_id":"","duration":0.00433927,"size":2026,"status":200,"resp_headers":{"X-Request-Id":["invalid_request_id"],"Vary":["Accept-Encoding"],"Etag":["\"d8xsbdrurt861ka\""],"Accept-Ranges":["bytes"],"Content-Security-Policy":["frame-ancestors 'self' *"],"X-Appsmith-Request-Id":["c9e45c57-7bd0-4779-a7da-a7a2b88f45a2"],"Content-Type":["text/html; charset=utf-8"],"Last-Modified":["Fri, 04 Apr 2025 10:32:59 GMT"],"Content-Length":["2026"],"X-Content-Type-Options":["nosniff"]},"uuid":"c9e45c57-7bd0-4779-a7da-a7a2b88f45a2"}
READY
RESULT 186
processname:backend groupname:backend pid:1700 channel:stdout
[2025-04-04 10:35:19,218] [main] requestId= userEmail= traceId= spanId= - Exposing 1 endpoint beneath base path '/actuator'
READY
RESULT 170
processname:backend groupname:backend pid:1700 channel:stdout
[2025-04-04 10:35:22,875] [main] requestId= userEmail= traceId= spanId= - Netty started on port 8080 (http)
READY
RESULT 211
processname:backend groupname:backend pid:1700 channel:stdout
[2025-04-04 10:35:22,970] [main] requestId= userEmail= traceId= spanId= - Started ServerApplication in 123.137 seconds (process running for 128.438)
READY
RESULT 209
processname:backend groupname:backend pid:1700 channel:stdout
[2025-04-04 10:35:22,974] [main] requestId= userEmail= traceId= spanId= - Cleaning up and updating default organization policies on server startup
READY
RESULT 232
processname:backend groupname:backend pid:1700 channel:stdout
[2025-04-04 10:35:23,253] [main] requestId= userEmail= traceId=de4c9809aabd0b2425e4d00d71a25d7a spanId=7d53277e12f92a86 - Performing RTS health check of this instance...
READY
RESULT 296
processname:backend groupname:backend pid:1700 channel:stdout
[2025-04-04 10:35:23,310] [main] requestId= userEmail= traceId=de4c9809aabd0b2425e4d00d71a25d7a spanId=7d53277e12f92a86 - In memory cache miss for anonymous user permission groups. Fetching from DB and adding it to in memory storage.
READY
RESULT 208
processname:backend groupname:backend pid:1700 channel:stdout
[2025-04-04 10:35:23,367] [nioEventLoopGroup-3-8] requestId= userEmail= traceId= spanId= - Fetched and set conenncted mongo db version as: 5.0.30
READY
RESULT 179
processname:backend groupname:backend pid:1700 channel:stdout
[2025-04-04 10:35:23,979] [reactor-http-epoll-4] requestId= userEmail= traceId= spanId= - RTS health check succeeded
READY
RESULT 170
processname:backend groupname:backend pid:1700 channel:stdout
[2025-04-04 10:35:24,045] [Thread-3] requestId= userEmail= traceId= spanId= - Cancelled mongock lock daemon
READY
RESULT 230
processname:backend groupname:backend pid:1700 channel:stdout
[2025-04-04 10:35:25,079] [parallel-1] requestId= userEmail=anonymousUser traceId=547da021544625da8a801a13602bd23e spanId=d32d8b030de0a600 - Checking server health ...
READY
RESULT 790
processname:editor groupname:editor pid:1705 channel:stderr
{"level":"debug","ts":1743762929.412998,"logger":"http.handlers.rewrite","msg":"rewrote request","request":{"remote_ip":"::1","remote_port":"38678","client_ip":"::1","proto":"HTTP/1.1","method":"GET","host":"localhost","uri":"/index.html","headers":{"User-Agent":["curl/7.68.0"],"Accept":["*/*"],"X-Request-Id":["invalid_request_id"]}},"method":"GET","uri":"/index.html"}
{"level":"debug","ts":1743762929.4130936,"logger":"http.handlers.file_server","msg":"sanitized path join","site_root":"/tmp/appsmith/www","fs":"","request_path":"/index.html","result":"/tmp/appsmith/www/index.html"}
{"level":"debug","ts":1743762929.4131355,"logger":"http.handlers.file_server","msg":"opening file","filename":"/tmp/appsmith/www/index.html"}
READY
RESULT 886
processname:editor groupname:editor pid:1705 channel:stdout
{"level":"info","ts":1743762929.4144416,"logger":"http.log.access.log0","msg":"handled request","request":{"remote_ip":"::1","remote_port":"38678","client_ip":"::1","proto":"HTTP/1.1","method":"GET","host":"localhost","uri":"/","headers":{"User-Agent":["curl/7.68.0"],"Accept":["*/*"]}},"bytes_read":0,"user_id":"","duration":0.001784608,"size":5571,"status":200,"resp_headers":{"Content-Type":["text/html; charset=utf-8"],"Last-Modified":["Fri, 04 Apr 2025 10:33:12 GMT"],"Accept-Ranges":["bytes"],"Content-Length":["5571"],"Content-Security-Policy":["frame-ancestors 'self' *"],"Etag":["\"d8xsbjw5nvby4ar\""],"X-Request-Id":["invalid_request_id"],"Vary":["Accept-Encoding"],"X-Appsmith-Request-Id":["745af98f-0dfa-487d-a4a8-a14debf959e4"],"X-Content-Type-Options":["nosniff"]},"uuid":"745af98f-0dfa-487d-a4a8-a14debf959e4"}
READY
RESULT 348
processname:backend groupname:backend pid:1700 channel:stdout
[2025-04-04 10:35:33,047] [scheduling-1] requestId= userEmail= traceId= spanId= - Acquired lock for: lock:fetchFeatures
[2025-04-04 10:35:33,049] [scheduling-1] requestId= userEmail= traceId=f7e36d297bb5bc45016dd12a390155bd spanId=2de7ef7408197c10 - Fetching features for organizations
READY
RESULT 127
processname:redis groupname:redis pid:1696 channel:stdout
1696:M 04 Apr 2025 10:35:33.116 * 1 changes in 15 seconds. Saving...
READY
RESULT 130
processname:redis groupname:redis pid:1696 channel:stdout
1696:M 04 Apr 2025 10:35:33.117 * Background saving started by pid 2516
READY
RESULT 236
processname:backend groupname:backend pid:1700 channel:stdout
[2025-04-04 10:35:33,122] [lettuce-epollEventLoop-10-1] requestId= userEmail= traceId= spanId= - Cache entry evicted for key organizationNewFeatures:67ed7af229bfce1821ec8598
READY
RESULT 227
processname:backend groupname:backend pid:1700 channel:stdout
[2025-04-04 10:35:33,150] [lettuce-epollEventLoop-10-1] requestId= userEmail= traceId= spanId= - Cache miss for key organizationNewFeatures:67ed7af229bfce1821ec8598
READY
RESULT 109
processname:redis groupname:redis pid:1696 channel:stdout
2516:C 04 Apr 2025 10:35:33.243 * DB saved on disk
READY
RESULT 134
processname:redis groupname:redis pid:1696 channel:stdout
2516:C 04 Apr 2025 10:35:33.245 * RDB: 0 MB of memory used by copy-on-write
READY
RESULT 134
processname:redis groupname:redis pid:1696 channel:stdout
1696:M 04 Apr 2025 10:35:33.317 * Background saving terminated with success
READY
RESULT 227
processname:backend groupname:backend pid:1700 channel:stdout
[2025-04-04 10:35:37,134] [reactor-http-epoll-2] requestId= userEmail= traceId= spanId= - Cache entry added for key organizationNewFeatures:67ed7af229bfce1821ec8598
READY
RESULT 790
processname:editor groupname:editor pid:1705 channel:stderr
{"level":"debug","ts":1743762945.1070652,"logger":"http.handlers.rewrite","msg":"rewrote request","request":{"remote_ip":"::1","remote_port":"49642","client_ip":"::1","proto":"HTTP/1.1","method":"GET","host":"localhost","uri":"/index.html","headers":{"User-Agent":["curl/7.68.0"],"Accept":["*/*"],"X-Request-Id":["invalid_request_id"]}},"method":"GET","uri":"/index.html"}
{"level":"debug","ts":1743762945.107154,"logger":"http.handlers.file_server","msg":"sanitized path join","site_root":"/tmp/appsmith/www","fs":"","request_path":"/index.html","result":"/tmp/appsmith/www/index.html"}
{"level":"debug","ts":1743762945.1072156,"logger":"http.handlers.file_server","msg":"opening file","filename":"/tmp/appsmith/www/index.html"}
READY
RESULT 886
processname:editor groupname:editor pid:1705 channel:stdout
{"level":"info","ts":1743762945.1076474,"logger":"http.log.access.log0","msg":"handled request","request":{"remote_ip":"::1","remote_port":"49642","client_ip":"::1","proto":"HTTP/1.1","method":"GET","host":"localhost","uri":"/","headers":{"Accept":["*/*"],"User-Agent":["curl/7.68.0"]}},"bytes_read":0,"user_id":"","duration":0.001054912,"size":5571,"status":200,"resp_headers":{"Content-Security-Policy":["frame-ancestors 'self' *"],"X-Appsmith-Request-Id":["2ffc9518-49b9-437d-81b1-fc132c1674ae"],"X-Content-Type-Options":["nosniff"],"X-Request-Id":["invalid_request_id"],"Content-Type":["text/html; charset=utf-8"],"Accept-Ranges":["bytes"],"Last-Modified":["Fri, 04 Apr 2025 10:33:12 GMT"],"Content-Length":["5571"],"Vary":["Accept-Encoding"],"Etag":["\"d8xsbjw5nvby4ar\""]},"uuid":"2ffc9518-49b9-437d-81b1-fc132c1674ae"}
READY
RESULT 127
processname:redis groupname:redis pid:1696 channel:stdout
1696:M 04 Apr 2025 10:35:49.006 * 1 changes in 15 seconds. Saving...
READY
RESULT 130
processname:redis groupname:redis pid:1696 channel:stdout
1696:M 04 Apr 2025 10:35:49.007 * Background saving started by pid 2527
READY
RESULT 109
processname:redis groupname:redis pid:1696 channel:stdout
2527:C 04 Apr 2025 10:35:49.033 * DB saved on disk
READY
RESULT 134
processname:redis groupname:redis pid:1696 channel:stdout
2527:C 04 Apr 2025 10:35:49.034 * RDB: 0 MB of memory used by copy-on-write
READY
RESULT 134
processname:redis groupname:redis pid:1696 channel:stdout
1696:M 04 Apr 2025 10:35:49.107 * Background saving terminated with success
READY
RESULT 791
processname:editor groupname:editor pid:1705 channel:stderr
{"level":"debug","ts":1743762961.0241926,"logger":"http.handlers.rewrite","msg":"rewrote request","request":{"remote_ip":"::1","remote_port":"51398","client_ip":"::1","proto":"HTTP/1.1","method":"GET","host":"localhost","uri":"/index.html","headers":{"User-Agent":["curl/7.68.0"],"Accept":["*/*"],"X-Request-Id":["invalid_request_id"]}},"method":"GET","uri":"/index.html"}
{"level":"debug","ts":1743762961.0242836,"logger":"http.handlers.file_server","msg":"sanitized path join","site_root":"/tmp/appsmith/www","fs":"","request_path":"/index.html","result":"/tmp/appsmith/www/index.html"}
{"level":"debug","ts":1743762961.0243382,"logger":"http.handlers.file_server","msg":"opening file","filename":"/tmp/appsmith/www/index.html"}
READY
RESULT 885
processname:editor groupname:editor pid:1705 channel:stdout
{"level":"info","ts":1743762961.0246134,"logger":"http.log.access.log0","msg":"handled request","request":{"remote_ip":"::1","remote_port":"51398","client_ip":"::1","proto":"HTTP/1.1","method":"GET","host":"localhost","uri":"/","headers":{"User-Agent":["curl/7.68.0"],"Accept":["*/*"]}},"bytes_read":0,"user_id":"","duration":0.00075197,"size":5571,"status":200,"resp_headers":{"X-Request-Id":["invalid_request_id"],"Vary":["Accept-Encoding"],"Etag":["\"d8xsbjw5nvby4ar\""],"Content-Length":["5571"],"Content-Security-Policy":["frame-ancestors 'self' *"],"X-Content-Type-Options":["nosniff"],"Content-Type":["text/html; charset=utf-8"],"Last-Modified":["Fri, 04 Apr 2025 10:33:12 GMT"],"Accept-Ranges":["bytes"],"X-Appsmith-Request-Id":["a4578d5e-6049-4fa6-a03d-1dcf4677ce54"]},"uuid":"a4578d5e-6049-4fa6-a03d-1dcf4677ce54"}
READY
RESULT 791
processname:editor groupname:editor pid:1705 channel:stderr
{"level":"debug","ts":1743762976.3624353,"logger":"http.handlers.rewrite","msg":"rewrote request","request":{"remote_ip":"::1","remote_port":"42412","client_ip":"::1","proto":"HTTP/1.1","method":"GET","host":"localhost","uri":"/index.html","headers":{"Accept":["*/*"],"X-Request-Id":["invalid_request_id"],"User-Agent":["curl/7.68.0"]}},"method":"GET","uri":"/index.html"}
{"level":"debug","ts":1743762976.3624961,"logger":"http.handlers.file_server","msg":"sanitized path join","site_root":"/tmp/appsmith/www","fs":"","request_path":"/index.html","result":"/tmp/appsmith/www/index.html"}
{"level":"debug","ts":1743762976.3625286,"logger":"http.handlers.file_server","msg":"opening file","filename":"/tmp/appsmith/www/index.html"}
READY
RESULT 886
processname:editor groupname:editor pid:1705 channel:stdout
{"level":"info","ts":1743762976.3627493,"logger":"http.log.access.log0","msg":"handled request","request":{"remote_ip":"::1","remote_port":"42412","client_ip":"::1","proto":"HTTP/1.1","method":"GET","host":"localhost","uri":"/","headers":{"User-Agent":["curl/7.68.0"],"Accept":["*/*"]}},"bytes_read":0,"user_id":"","duration":0.000611465,"size":5571,"status":200,"resp_headers":{"X-Request-Id":["invalid_request_id"],"Etag":["\"d8xsbjw5nvby4ar\""],"Last-Modified":["Fri, 04 Apr 2025 10:33:12 GMT"],"Accept-Ranges":["bytes"],"Content-Length":["5571"],"Content-Security-Policy":["frame-ancestors 'self' *"],"Vary":["Accept-Encoding"],"Content-Type":["text/html; charset=utf-8"],"X-Appsmith-Request-Id":["3c83b700-da54-4f0e-a19e-9bb22db76d35"],"X-Content-Type-Options":["nosniff"]},"uuid":"3c83b700-da54-4f0e-a19e-9bb22db76d35"}
READY
RESULT 791
processname:editor groupname:editor pid:1705 channel:stderr
{"level":"debug","ts":1743762991.7934866,"logger":"http.handlers.rewrite","msg":"rewrote request","request":{"remote_ip":"::1","remote_port":"42226","client_ip":"::1","proto":"HTTP/1.1","method":"GET","host":"localhost","uri":"/index.html","headers":{"Accept":["*/*"],"X-Request-Id":["invalid_request_id"],"User-Agent":["curl/7.68.0"]}},"method":"GET","uri":"/index.html"}
{"level":"debug","ts":1743762991.7935586,"logger":"http.handlers.file_server","msg":"sanitized path join","site_root":"/tmp/appsmith/www","fs":"","request_path":"/index.html","result":"/tmp/appsmith/www/index.html"}
{"level":"debug","ts":1743762991.7935946,"logger":"http.handlers.file_server","msg":"opening file","filename":"/tmp/appsmith/www/index.html"}
READY
RESULT 885
processname:editor groupname:editor pid:1705 channel:stdout
{"level":"info","ts":1743762991.7938526,"logger":"http.log.access.log0","msg":"handled request","request":{"remote_ip":"::1","remote_port":"42226","client_ip":"::1","proto":"HTTP/1.1","method":"GET","host":"localhost","uri":"/","headers":{"User-Agent":["curl/7.68.0"],"Accept":["*/*"]}},"bytes_read":0,"user_id":"","duration":0.00066631,"size":5571,"status":200,"resp_headers":{"Etag":["\"d8xsbjw5nvby4ar\""],"Accept-Ranges":["bytes"],"X-Appsmith-Request-Id":["18e1dd54-6a2b-4b0f-b37d-f327a8e905d6"],"X-Content-Type-Options":["nosniff"],"X-Request-Id":["invalid_request_id"],"Vary":["Accept-Encoding"],"Content-Type":["text/html; charset=utf-8"],"Last-Modified":["Fri, 04 Apr 2025 10:33:12 GMT"],"Content-Length":["5571"],"Content-Security-Policy":["frame-ancestors 'self' *"]},"uuid":"18e1dd54-6a2b-4b0f-b37d-f327a8e905d6"}
READY
RESULT 789
processname:editor groupname:editor pid:1705 channel:stderr
{"level":"debug","ts":1743763007.4447072,"logger":"http.handlers.rewrite","msg":"rewrote request","request":{"remote_ip":"::1","remote_port":"38790","client_ip":"::1","proto":"HTTP/1.1","method":"GET","host":"localhost","uri":"/index.html","headers":{"User-Agent":["curl/7.68.0"],"Accept":["*/*"],"X-Request-Id":["invalid_request_id"]}},"method":"GET","uri":"/index.html"}
{"level":"debug","ts":1743763007.444764,"logger":"http.handlers.file_server","msg":"sanitized path join","site_root":"/tmp/appsmith/www","fs":"","request_path":"/index.html","result":"/tmp/appsmith/www/index.html"}
{"level":"debug","ts":1743763007.444794,"logger":"http.handlers.file_server","msg":"opening file","filename":"/tmp/appsmith/www/index.html"}
READY
RESULT 885
processname:editor groupname:editor pid:1705 channel:stdout
{"level":"info","ts":1743763007.445066,"logger":"http.log.access.log0","msg":"handled request","request":{"remote_ip":"::1","remote_port":"38790","client_ip":"::1","proto":"HTTP/1.1","method":"GET","host":"localhost","uri":"/","headers":{"User-Agent":["curl/7.68.0"],"Accept":["*/*"]}},"bytes_read":0,"user_id":"","duration":0.000628223,"size":5571,"status":200,"resp_headers":{"Last-Modified":["Fri, 04 Apr 2025 10:33:12 GMT"],"Accept-Ranges":["bytes"],"Content-Length":["5571"],"Vary":["Accept-Encoding"],"Etag":["\"d8xsbjw5nvby4ar\""],"X-Appsmith-Request-Id":["46e372d0-504c-40a2-9a00-c9b94b1753d2"],"X-Content-Type-Options":["nosniff"],"X-Request-Id":["invalid_request_id"],"Content-Type":["text/html; charset=utf-8"],"Content-Security-Policy":["frame-ancestors 'self' *"]},"uuid":"46e372d0-504c-40a2-9a00-c9b94b1753d2"}
READY
RESULT 791
processname:editor groupname:editor pid:1705 channel:stderr
{"level":"debug","ts":1743763022.7288752,"logger":"http.handlers.rewrite","msg":"rewrote request","request":{"remote_ip":"::1","remote_port":"37458","client_ip":"::1","proto":"HTTP/1.1","method":"GET","host":"localhost","uri":"/index.html","headers":{"User-Agent":["curl/7.68.0"],"Accept":["*/*"],"X-Request-Id":["invalid_request_id"]}},"method":"GET","uri":"/index.html"}
{"level":"debug","ts":1743763022.7289257,"logger":"http.handlers.file_server","msg":"sanitized path join","site_root":"/tmp/appsmith/www","fs":"","request_path":"/index.html","result":"/tmp/appsmith/www/index.html"}
{"level":"debug","ts":1743763022.7289517,"logger":"http.handlers.file_server","msg":"opening file","filename":"/tmp/appsmith/www/index.html"}
READY
RESULT 886
processname:editor groupname:editor pid:1705 channel:stdout
{"level":"info","ts":1743763022.7291586,"logger":"http.log.access.log0","msg":"handled request","request":{"remote_ip":"::1","remote_port":"37458","client_ip":"::1","proto":"HTTP/1.1","method":"GET","host":"localhost","uri":"/","headers":{"User-Agent":["curl/7.68.0"],"Accept":["*/*"]}},"bytes_read":0,"user_id":"","duration":0.000488282,"size":5571,"status":200,"resp_headers":{"Content-Length":["5571"],"X-Content-Type-Options":["nosniff"],"Vary":["Accept-Encoding"],"Etag":["\"d8xsbjw5nvby4ar\""],"Content-Type":["text/html; charset=utf-8"],"Last-Modified":["Fri, 04 Apr 2025 10:33:12 GMT"],"Accept-Ranges":["bytes"],"Content-Security-Policy":["frame-ancestors 'self' *"],"X-Appsmith-Request-Id":["56001a58-e37c-4ec6-a632-9127d01c59ec"],"X-Request-Id":["invalid_request_id"]},"uuid":"56001a58-e37c-4ec6-a632-9127d01c59ec"}
READY
RESULT 648
processname:editor groupname:editor pid:1705 channel:stderr
{"level":"debug","ts":1743763038.1101108,"logger":"http.handlers.rewrite","msg":"rewrote request","request":{"remote_ip":"::1","remote_port":"45966","client_ip":"::1","proto":"HTTP/1.1","method":"GET","host":"localhost","uri":"/index.html","headers":{"User-Agent":["curl/7.68.0"],"Accept":["*/*"],"X-Request-Id":["invalid_request_id"]}},"method":"GET","uri":"/index.html"}
{"level":"debug","ts":1743763038.110186,"logger":"http.handlers.file_server","msg":"sanitized path join","site_root":"/tmp/appsmith/www","fs":"","request_path":"/index.html","result":"/tmp/appsmith/www/index.html"}
READY
RESULT 202
processname:editor groupname:editor pid:1705 channel:stderr
{"level":"debug","ts":1743763038.1103568,"logger":"http.handlers.file_server","msg":"opening file","filename":"/tmp/appsmith/www/index.html"}
READY
RESULT 886
processname:editor groupname:editor pid:1705 channel:stdout
{"level":"info","ts":1743763038.1126263,"logger":"http.log.access.log0","msg":"handled request","request":{"remote_ip":"::1","remote_port":"45966","client_ip":"::1","proto":"HTTP/1.1","method":"GET","host":"localhost","uri":"/","headers":{"User-Agent":["curl/7.68.0"],"Accept":["*/*"]}},"bytes_read":0,"user_id":"","duration":0.003353254,"size":5571,"status":200,"resp_headers":{"Content-Security-Policy":["frame-ancestors 'self' *"],"X-Appsmith-Request-Id":["a8271234-d1fd-4e96-945d-f4ce92707d40"],"X-Content-Type-Options":["nosniff"],"X-Request-Id":["invalid_request_id"],"Vary":["Accept-Encoding"],"Etag":["\"d8xsbjw5nvby4ar\""],"Content-Type":["text/html; charset=utf-8"],"Last-Modified":["Fri, 04 Apr 2025 10:33:12 GMT"],"Accept-Ranges":["bytes"],"Content-Length":["5571"]},"uuid":"a8271234-d1fd-4e96-945d-f4ce92707d40"}
READY
RESULT 189
processname:backend groupname:backend pid:1700 channel:stdout
[2025-04-04 10:37:22,953] [scheduling-1] requestId= userEmail= traceId= spanId= - Lock already acquired for: lock:pingSchedule
READY
RESULT 186
processname:backend groupname:backend pid:1700 channel:stdout
[2025-04-04 10:37:22,957] [scheduling-1] requestId= userEmail= traceId= spanId= - Lock already acquired for: lock:pingStats
READY
RESULT 791
processname:editor groupname:editor pid:1705 channel:stderr
{"level":"debug","ts":1743763053.5252497,"logger":"http.handlers.rewrite","msg":"rewrote request","request":{"remote_ip":"::1","remote_port":"57284","client_ip":"::1","proto":"HTTP/1.1","method":"GET","host":"localhost","uri":"/index.html","headers":{"User-Agent":["curl/7.68.0"],"Accept":["*/*"],"X-Request-Id":["invalid_request_id"]}},"method":"GET","uri":"/index.html"}
{"level":"debug","ts":1743763053.5253367,"logger":"http.handlers.file_server","msg":"sanitized path join","site_root":"/tmp/appsmith/www","fs":"","request_path":"/index.html","result":"/tmp/appsmith/www/index.html"}
{"level":"debug","ts":1743763053.5253818,"logger":"http.handlers.file_server","msg":"opening file","filename":"/tmp/appsmith/www/index.html"}
READY
RESULT 886
processname:editor groupname:editor pid:1705 channel:stdout
{"level":"info","ts":1743763053.5256863,"logger":"http.log.access.log0","msg":"handled request","request":{"remote_ip":"::1","remote_port":"57284","client_ip":"::1","proto":"HTTP/1.1","method":"GET","host":"localhost","uri":"/","headers":{"User-Agent":["curl/7.68.0"],"Accept":["*/*"]}},"bytes_read":0,"user_id":"","duration":0.000801101,"size":5571,"status":200,"resp_headers":{"Accept-Ranges":["bytes"],"Content-Security-Policy":["frame-ancestors 'self' *"],"X-Content-Type-Options":["nosniff"],"X-Request-Id":["invalid_request_id"],"Content-Type":["text/html; charset=utf-8"],"Etag":["\"d8xsbjw5nvby4ar\""],"Last-Modified":["Fri, 04 Apr 2025 10:33:12 GMT"],"Content-Length":["5571"],"X-Appsmith-Request-Id":["159ea3c5-b1ac-4119-a92f-f5011409e04e"],"Vary":["Accept-Encoding"]},"uuid":"159ea3c5-b1ac-4119-a92f-f5011409e04e"}
READY
RESULT 791
processname:editor groupname:editor pid:1705 channel:stderr
{"level":"debug","ts":1743763068.7914064,"logger":"http.handlers.rewrite","msg":"rewrote request","request":{"remote_ip":"::1","remote_port":"37872","client_ip":"::1","proto":"HTTP/1.1","method":"GET","host":"localhost","uri":"/index.html","headers":{"User-Agent":["curl/7.68.0"],"Accept":["*/*"],"X-Request-Id":["invalid_request_id"]}},"method":"GET","uri":"/index.html"}
{"level":"debug","ts":1743763068.7914708,"logger":"http.handlers.file_server","msg":"sanitized path join","site_root":"/tmp/appsmith/www","fs":"","request_path":"/index.html","result":"/tmp/appsmith/www/index.html"}
{"level":"debug","ts":1743763068.7915132,"logger":"http.handlers.file_server","msg":"opening file","filename":"/tmp/appsmith/www/index.html"}
READY
RESULT 885
processname:editor groupname:editor pid:1705 channel:stdout
{"level":"info","ts":1743763068.791848,"logger":"http.log.access.log0","msg":"handled request","request":{"remote_ip":"::1","remote_port":"37872","client_ip":"::1","proto":"HTTP/1.1","method":"GET","host":"localhost","uri":"/","headers":{"User-Agent":["curl/7.68.0"],"Accept":["*/*"]}},"bytes_read":0,"user_id":"","duration":0.000824893,"size":5571,"status":200,"resp_headers":{"Vary":["Accept-Encoding"],"Etag":["\"d8xsbjw5nvby4ar\""],"Accept-Ranges":["bytes"],"Content-Length":["5571"],"X-Appsmith-Request-Id":["1073f947-9878-443d-b7d9-1a30d87cdbb9"],"X-Content-Type-Options":["nosniff"],"Content-Type":["text/html; charset=utf-8"],"Last-Modified":["Fri, 04 Apr 2025 10:33:12 GMT"],"Content-Security-Policy":["frame-ancestors 'self' *"],"X-Request-Id":["invalid_request_id"]},"uuid":"1073f947-9878-443d-b7d9-1a30d87cdbb9"}
READY
RESULT 791
processname:editor groupname:editor pid:1705 channel:stderr
{"level":"debug","ts":1743763084.3451428,"logger":"http.handlers.rewrite","msg":"rewrote request","request":{"remote_ip":"::1","remote_port":"41216","client_ip":"::1","proto":"HTTP/1.1","method":"GET","host":"localhost","uri":"/index.html","headers":{"User-Agent":["curl/7.68.0"],"Accept":["*/*"],"X-Request-Id":["invalid_request_id"]}},"method":"GET","uri":"/index.html"}
{"level":"debug","ts":1743763084.3452082,"logger":"http.handlers.file_server","msg":"sanitized path join","site_root":"/tmp/appsmith/www","fs":"","request_path":"/index.html","result":"/tmp/appsmith/www/index.html"}
{"level":"debug","ts":1743763084.3452387,"logger":"http.handlers.file_server","msg":"opening file","filename":"/tmp/appsmith/www/index.html"}
READY
RESULT 885
processname:editor groupname:editor pid:1705 channel:stdout
{"level":"info","ts":1743763084.345488,"logger":"http.log.access.log0","msg":"handled request","request":{"remote_ip":"::1","remote_port":"41216","client_ip":"::1","proto":"HTTP/1.1","method":"GET","host":"localhost","uri":"/","headers":{"User-Agent":["curl/7.68.0"],"Accept":["*/*"]}},"bytes_read":0,"user_id":"","duration":0.000638525,"size":5571,"status":200,"resp_headers":{"Content-Security-Policy":["frame-ancestors 'self' *"],"X-Appsmith-Request-Id":["85673c27-9784-4e58-83ee-05644ecd575b"],"X-Content-Type-Options":["nosniff"],"X-Request-Id":["invalid_request_id"],"Content-Type":["text/html; charset=utf-8"],"Accept-Ranges":["bytes"],"Last-Modified":["Fri, 04 Apr 2025 10:33:12 GMT"],"Content-Length":["5571"],"Vary":["Accept-Encoding"],"Etag":["\"d8xsbjw5nvby4ar\""]},"uuid":"85673c27-9784-4e58-83ee-05644ecd575b"}
READY
RESULT 788
processname:editor groupname:editor pid:1705 channel:stderr
{"level":"debug","ts":1743763099.650098,"logger":"http.handlers.rewrite","msg":"rewrote request","request":{"remote_ip":"::1","remote_port":"45244","client_ip":"::1","proto":"HTTP/1.1","method":"GET","host":"localhost","uri":"/index.html","headers":{"User-Agent":["curl/7.68.0"],"Accept":["*/*"],"X-Request-Id":["invalid_request_id"]}},"method":"GET","uri":"/index.html"}
{"level":"debug","ts":1743763099.65017,"logger":"http.handlers.file_server","msg":"sanitized path join","site_root":"/tmp/appsmith/www","fs":"","request_path":"/index.html","result":"/tmp/appsmith/www/index.html"}
{"level":"debug","ts":1743763099.6502047,"logger":"http.handlers.file_server","msg":"opening file","filename":"/tmp/appsmith/www/index.html"}
READY
RESULT 886
processname:editor groupname:editor pid:1705 channel:stdout
{"level":"info","ts":1743763099.6504507,"logger":"http.log.access.log0","msg":"handled request","request":{"remote_ip":"::1","remote_port":"45244","client_ip":"::1","proto":"HTTP/1.1","method":"GET","host":"localhost","uri":"/","headers":{"Accept":["*/*"],"User-Agent":["curl/7.68.0"]}},"bytes_read":0,"user_id":"","duration":0.000627518,"size":5571,"status":200,"resp_headers":{"Content-Type":["text/html; charset=utf-8"],"Last-Modified":["Fri, 04 Apr 2025 10:33:12 GMT"],"Accept-Ranges":["bytes"],"Content-Security-Policy":["frame-ancestors 'self' *"],"X-Appsmith-Request-Id":["e9b830d9-90d8-4cfe-b1e4-5744fa005bf9"],"X-Request-Id":["invalid_request_id"],"Etag":["\"d8xsbjw5nvby4ar\""],"X-Content-Type-Options":["nosniff"],"Vary":["Accept-Encoding"],"Content-Length":["5571"]},"uuid":"e9b830d9-90d8-4cfe-b1e4-5744fa005bf9"}
READY
RESULT 137
processname:postgres groupname:postgres pid:1717 channel:stderr
2025-04-04 10:38:34.693 UTC [1717] LOG:  received smart shutdown request
READY
RESULT 189
processname:postgres groupname:postgres pid:1717 channel:stderr
2025-04-04 10:38:34.842 UTC [1717] LOG:  background worker "logical replication launcher" (PID 1768) exited with exit code 1
READY
RESULT 119
processname:postgres groupname:postgres pid:1717 channel:stderr
2025-04-04 10:38:34.882 UTC [1762] LOG:  shutting down
READY
RESULT 134
processname:postgres groupname:postgres pid:1717 channel:stderr
2025-04-04 10:38:35.185 UTC [1717] LOG:  database system is shut down
READY
RESULT 156
processname:editor groupname:editor pid:1705 channel:stderr
{"level":"info","ts":1743763115.198255,"msg":"quitting process immediately","signal":"SIGQUIT"}
READY
RESULT 231
processname:backend groupname:backend pid:1700 channel:stdout
[2025-04-04 10:38:35,247] [SpringApplicationShutdownHook] requestId= userEmail= traceId= spanId= - Commencing graceful shutdown. Waiting for active requests to complete
READY
RESULT 173
processname:backend groupname:backend pid:1700 channel:stdout
[2025-04-04 10:38:35,266] [netty-shutdown] requestId= userEmail= traceId= spanId= - Graceful shutdown complete
READY
RESULT 297
processname:backend groupname:backend pid:1700 channel:stdout
[2025-04-04 10:38:37,467] [SpringApplicationShutdownHook] requestId= userEmail= traceId= spanId= - Invocation of destroy method failed on bean with name 'container': org.springframework.data.redis.RedisSystemException: Redis exception
READY
RESULT 131
processname:redis groupname:redis pid:1696 channel:stdout
1696:signal-handler (1743763121) Received SIGTERM scheduling shutdown...
READY
RESULT 199
processname:redis groupname:redis pid:1696 channel:stdout
1696:M 04 Apr 2025 10:38:42.032 # User requested shutdown...
1696:M 04 Apr 2025 10:38:42.032 * Saving the final RDB snapshot before exiting.
READY
RESULT 182
processname:redis groupname:redis pid:1696 channel:stdout
1696:M 04 Apr 2025 10:38:42.055 * DB saved on disk
1696:M 04 Apr 2025 10:38:42.056 # Redis is now ready to exit, bye bye...
READY
