READY
RESULT 965
processname:redis groupname:redis pid:1688 channel:stdout
1688:C 04 Apr 2025 10:49:32.942 # oO0OoO0OoO0Oo Redis is starting oO0OoO0OoO0Oo
1688:C 04 Apr 2025 10:49:32.942 # Redis version=5.0.7, bits=64, commit=00000000, modified=0, pid=1688, just started
1688:C 04 Apr 2025 10:49:32.942 # Configuration loaded
1688:M 04 Apr 2025 10:49:32.947 * Running mode=standalone, port=6379.
1688:M 04 Apr 2025 10:49:32.947 # Server initialized
1688:M 04 Apr 2025 10:49:32.947 # WARNING you have Transparent Huge Pages (THP) support enabled in your kernel. This will create latency and memory usage issues with Redis. To fix this issue run the command 'echo never > /sys/kernel/mm/transparent_hugepage/enabled' as root, and add it to your /etc/rc.local in order to retain the setting after a reboot. Redis must be restarted after THP is disabled.
1688:M 04 Apr 2025 10:49:32.963 * DB loaded from disk: 0.016 seconds
1688:M 04 Apr 2025 10:49:32.963 * Ready to accept connections
READY
RESULT 110
processname:rts groupname:rts pid:1690 channel:stdout
2025-04-04T10:49:32.944Z Load environment configuration
READY
RESULT 118
processname:backend groupname:backend pid:1696 channel:stdout
2025-04-04T10:49:32.983Z Load environment configuration
READY
RESULT 107
processname:backend groupname:backend pid:1696 channel:stdout
2025-04-04T10:49:33.013Z Running with mongo.
READY
RESULT 116
processname:editor groupname:editor pid:1698 channel:stdout
2025-04-04T10:49:33.010Z Load environment configuration
READY
RESULT 322
processname:mongodb groupname:mongodb pid:1689 channel:stdout
{"t":{"$date":"2025-04-04T10:49:33.034Z"},"s":"I",  "c":"CONTROL",  "id":20697,   "ctx":"-","msg":"Renamed existing log file","attr":{"oldLogPath":"/appsmith-stacks/logs/mongodb/db.log","newLogPath":"/appsmith-stacks/logs/mongodb/db.log.2025-04-04T10-49-33"}}
READY
RESULT 116
processname:backend groupname:backend pid:1696 channel:stdout
2025-04-04T10:49:33.044Z Waiting for RTS to start ...
READY
RESULT 336
processname:postgres groupname:postgres pid:1702 channel:stderr
2025-04-04 10:49:33.340 UTC [1702] LOG:  starting PostgreSQL 14.15 (Ubuntu 14.15-1.pgdg20.04+1) on x86_64-pc-linux-gnu, compiled by gcc (Ubuntu 9.4.0-1ubuntu1~20.04.2) 9.4.0, 64-bit
2025-04-04 10:49:33.340 UTC [1702] LOG:  listening on IPv4 address "127.0.0.1", port 5432
READY
RESULT 166
processname:postgres groupname:postgres pid:1702 channel:stderr
2025-04-04 10:49:33.394 UTC [1702] LOG:  listening on Unix socket "/var/run/postgresql/.s.PGSQL.5432"
READY
RESULT 162
processname:postgres groupname:postgres pid:1702 channel:stderr
2025-04-04 10:49:33.544 UTC [1757] LOG:  database system was shut down at 2025-04-04 10:49:30 UTC
READY
RESULT 152
processname:postgres groupname:postgres pid:1702 channel:stderr
2025-04-04 10:49:33.698 UTC [1702] LOG:  database system is ready to accept connections
READY
RESULT 92
processname:editor groupname:editor pid:1698 channel:stdout
/tmp/appsmith/www /opt/appsmith
READY
RESULT 74
processname:editor groupname:editor pid:1698 channel:stdout
/opt/appsmith
READY
RESULT 116
processname:backend groupname:backend pid:1696 channel:stdout
2025-04-04T10:49:34.259Z Waiting for RTS to start ...
READY
RESULT 164
processname:editor groupname:editor pid:1698 channel:stderr
{"level":"info","ts":1743763774.489116,"msg":"using config from file","file":"/tmp/appsmith/Caddyfile"}
READY
RESULT 255
processname:editor groupname:editor pid:1698 channel:stderr
{"level":"warn","ts":1743763774.513185,"msg":"The nested 'metrics' option inside `servers` is deprecated and will be removed in the next major version. Use the global 'metrics' option instead."}
READY
RESULT 153
processname:editor groupname:editor pid:1698 channel:stderr
{"level":"info","ts":1743763774.534657,"msg":"adapted config to JSON","adapter":"caddyfile"}
READY
RESULT 105
processname:rts groupname:rts pid:1690 channel:stdout
RTS version v1.65 running at http://localhost:8091
READY
RESULT 165
processname:editor groupname:editor pid:1698 channel:stderr
{"level":"info","ts":1743763774.7719383,"msg":"using config from file","file":"/tmp/appsmith/Caddyfile"}
READY
RESULT 256
processname:editor groupname:editor pid:1698 channel:stderr
{"level":"warn","ts":1743763774.7763846,"msg":"The nested 'metrics' option inside `servers` is deprecated and will be removed in the next major version. Use the global 'metrics' option instead."}
READY
RESULT 154
processname:editor groupname:editor pid:1698 channel:stderr
{"level":"info","ts":1743763774.7828634,"msg":"adapted config to JSON","adapter":"caddyfile"}
READY
RESULT 373
processname:editor groupname:editor pid:1698 channel:stderr
{"level":"info","ts":1743763774.7885168,"logger":"admin","msg":"admin endpoint started","address":"0.0.0.0:2019","enforce_origin":false,"origins":["//0.0.0.0:2019"]}
{"level":"warn","ts":1743763774.788539,"logger":"admin","msg":"admin endpoint on open interface; host checking disabled","address":"0.0.0.0:2019"}
READY
RESULT 208
processname:editor groupname:editor pid:1698 channel:stderr
{"level":"info","ts":1743763774.7960753,"logger":"tls.cache.maintenance","msg":"started background certificate maintenance","cache":"0xc0009ec580"}
READY
RESULT 268
processname:editor groupname:editor pid:1698 channel:stderr
{"level":"warn","ts":1743763774.8055391,"logger":"http.auto_https","msg":"server is listening only on the HTTP port, so no automatic HTTPS will be applied to this server","server_name":"srv0","http_port":80}
READY
RESULT 3841
processname:editor groupname:editor pid:1698 channel:stderr
{"level":"debug","ts":1743763774.805778,"logger":"http.auto_https","msg":"adjusted config","tls":{"automation":{"policies":[{}]}},"http":{"servers":{"srv0":{"listen":[":80"],"routes":[{"handle":[{"handler":"vars","root":"/opt/appsmith/editor"}]},{"handle":[{"handler":"vars","log_skip":true}]},{"handle":[{"handler":"vars","log_skip":true}]},{"handle":[{"handler":"headers","response":{"set":{"X-Request-Id":["{http.request.header.X-Request-Id}"]}}}]},{"handle":[{"handler":"headers","response":{"set":{"X-Request-Id":["invalid_request_id"]}}}]},{"handle":[{"handler":"headers","response":{"set":{"Cache-Control":["public, max-age=31536000, immutable"]}}}]},{"handle":[{"handler":"headers","response":{"deferred":true,"delete":["Server"],"set":{"Content-Security-Policy":["frame-ancestors 'self' *"],"X-Appsmith-Request-Id":["{http.request.uuid}"],"X-Content-Type-Options":["nosniff"]}}},{"handler":"request_body","max_size":150000000}]},{"handle":[{"handler":"static_response","headers":{"Location":["/supervisor/"]},"status_code":302}]},{"handle":[{"handler":"rate_limit","rate_limits":{"dynamic_zone":{"key":"{http.request.header.Forwarded}+{http.request.header.X-Forwarded-For}+{http.request.remote.host}","max_events":100,"window":1000000000}}}]},{"handle":[{"handler":"headers","request":{"set":{"X-Request-Id":["invalid_request_id"]}}}]},{"handle":[{"handler":"headers","request":{"delete":["X-Appsmith-Request-Id"]}}]},{"group":"group8","handle":[{"handler":"subroute","routes":[{"handle":[{"canonical_uris":false,"handler":"file_server","hide":["/tmp/appsmith/Caddyfile"],"precompressed":{"br":{},"gzip":{}},"precompressed_order":["br","gzip"]}]}]}]},{"group":"group8","handle":[{"handler":"subroute","routes":[{"handle":[{"handler":"error","status_code":404}]}]}]},{"group":"group8","handle":[{"handler":"subroute","routes":[{"handle":[{"handler":"vars","root":"/opt/appsmith"}]},{"group":"group3","handle":[{"handler":"rewrite","uri":"/info.json"}]},{"handle":[{"canonical_uris":false,"handler":"file_server","hide":["/tmp/appsmith/Caddyfile"],"precompressed":{"br":{},"gzip":{}},"precompressed_order":["br","gzip"]}]}]}]},{"group":"group8","handle":[{"handler":"subroute","routes":[{"handle":[{"handler":"reverse_proxy","headers":{"request":{"delete":["Forwarded"],"set":{"X-Appsmith-Request-Id":["{http.request.uuid}"]}}},"upstreams":[{"dial":"127.0.0.1:8080"}]}]}]}]},{"group":"group8","handle":[{"handler":"subroute","routes":[{"handle":[{"handler":"rewrite","strip_path_prefix":"/supervisor"}]},{"handle":[{"handler":"reverse_proxy","headers":{"request":{"delete":["Forwarded"],"set":{"X-Appsmith-Request-Id":["{http.request.uuid}"]}}},"upstreams":[{"dial":"127.0.0.1:9001"}]}]}]}]},{"group":"group8","handle":[{"handler":"subroute","routes":[{"handle":[{"handler":"reverse_proxy","headers":{"request":{"delete":["Forwarded"],"set":{"X-Appsmith-Request-Id":["{http.request.uuid}"]}}},"upstreams":[{"dial":"127.0.0.1:8091"}]}]}]}]},{"group":"group8","handle":[{"handler":"subroute","routes":[{"handle":[{"handler":"vars","root":"/tmp/appsmith/www"}]},{"handle":[{"handler":"rewrite","uri":"{http.matchers.file.relative}"}],"match":[{"file":{"try_files":["/loading.html","/index.html"]}}]},{"handle":[{"canonical_uris":false,"handler":"file_server","hide":["/tmp/appsmith/Caddyfile"],"precompressed":{"br":{},"gzip":{}},"precompressed_order":["br","gzip"]}]}]}]}],"errors":{"routes":[{"handle":[{"handler":"headers","response":{"deferred":true,"delete":["Server","Cache-Control"]}},{"body":"{http.error.status_code} {http.error.status_text}","handler":"static_response","status_code":"{http.error.status_code}"}]}]},"automatic_https":{"disable":true},"trusted_proxies":{"ranges":["0.0.0.0/0"],"source":"static"},"logs":{"default_logger_name":"log0"}}},"metrics":{}}}
READY
RESULT 662
processname:editor groupname:editor pid:1698 channel:stderr
{"level":"debug","ts":1743763774.825648,"logger":"http","msg":"starting server loop","address":"[::]:80","tls":false,"http3":false}
{"level":"warn","ts":1743763774.82572,"logger":"http","msg":"HTTP/2 skipped because it requires TLS","network":"tcp","addr":":80"}
{"level":"warn","ts":1743763774.8257308,"logger":"http","msg":"HTTP/3 skipped because it requires TLS","network":"tcp","addr":":80"}
{"level":"info","ts":1743763774.8257368,"logger":"http.log","msg":"server running","name":"srv0","protocols":["h1","h2","h3"]}
{"level":"info","ts":1743763774.8257508,"msg":"serving initial configuration"}
READY
RESULT 343
processname:editor groupname:editor pid:1698 channel:stderr
{"level":"info","ts":1743763774.8876631,"logger":"tls","msg":"storage cleaning happened too recently; skipping for now","storage":"FileStorage:/appsmith-stacks/data/caddy","instance":"8ad3c58a-9f27-4a64-950d-6f48b7035dd5","try_again":1743850174.8876584,"try_again_in":86399.9999991}
READY
RESULT 156
processname:editor groupname:editor pid:1698 channel:stderr
{"level":"info","ts":1743763774.9013653,"logger":"tls","msg":"finished cleaning storage units"}
READY
RESULT 78
processname:backend groupname:backend pid:1696 channel:stdout
{"success":true}READY
RESULT 100
processname:backend groupname:backend pid:1696 channel:stdout
2025-04-04T10:49:35.331Z RTS started.
READY
RESULT 886
processname:editor groupname:editor pid:1698 channel:stdout
{"level":"info","ts":1743763777.6306982,"logger":"http.log.access.log0","msg":"handled request","request":{"remote_ip":"::1","remote_port":"38268","client_ip":"::1","proto":"HTTP/1.1","method":"GET","host":"localhost","uri":"/","headers":{"User-Agent":["curl/7.68.0"],"Accept":["*/*"]}},"bytes_read":0,"user_id":"","duration":0.004460822,"size":2026,"status":200,"resp_headers":{"X-Content-Type-Options":["nosniff"],"Etag":["\"d8xsnxt4grme1ka\""],"Content-Type":["text/html; charset=utf-8"],"Last-Modified":["Fri, 04 Apr 2025 10:49:23 GMT"],"Accept-Ranges":["bytes"],"Content-Length":["2026"],"X-Appsmith-Request-Id":["a620876f-7647-499f-bd70-30488a79c853"],"X-Request-Id":["invalid_request_id"],"Vary":["Accept-Encoding"],"Content-Security-Policy":["frame-ancestors 'self' *"]},"uuid":"a620876f-7647-499f-bd70-30488a79c853"}
READY
RESULT 800
processname:editor groupname:editor pid:1698 channel:stderr
{"level":"debug","ts":1743763777.6266747,"logger":"http.handlers.rewrite","msg":"rewrote request","request":{"remote_ip":"::1","remote_port":"38268","client_ip":"::1","proto":"HTTP/1.1","method":"GET","host":"localhost","uri":"/loading.html","headers":{"Accept":["*/*"],"X-Request-Id":["invalid_request_id"],"User-Agent":["curl/7.68.0"]}},"method":"GET","uri":"/loading.html"}
{"level":"debug","ts":1743763777.626727,"logger":"http.handlers.file_server","msg":"sanitized path join","site_root":"/tmp/appsmith/www","fs":"","request_path":"/loading.html","result":"/tmp/appsmith/www/loading.html"}
{"level":"debug","ts":1743763777.6267638,"logger":"http.handlers.file_server","msg":"opening file","filename":"/tmp/appsmith/www/loading.html"}
READY
RESULT 118
processname:backend groupname:backend pid:1696 channel:stderr
SLF4J(W): Class path contains multiple SLF4J providers.
READY
RESULT 312
processname:backend groupname:backend pid:1696 channel:stderr
SLF4J(W): Found provider [ch.qos.logback.classic.spi.LogbackServiceProvider@7085bdee]
SLF4J(W): Found provider [org.slf4j.reload4j.Reload4jServiceProvider@1ce92674]
SLF4J(W): See https://www.slf4j.org/codes.html#multiple_bindings for an explanation.
READY
RESULT 160
processname:backend groupname:backend pid:1696 channel:stderr
SLF4J(I): Actual provider is of type [ch.qos.logback.classic.spi.LogbackServiceProvider@7085bdee]
READY
RESULT 288
processname:backend groupname:backend pid:1696 channel:stdout
[2025-04-04 10:49:43,218] [main] requestId= userEmail= traceId= spanId= - Starting ServerApplication vv1.65 using Java 17.0.9 with PID 1696 (/opt/appsmith/server/mongo/server.jar started by root in /opt/appsmith/server/mongo)
READY
RESULT 306
processname:backend groupname:backend pid:1696 channel:stdout
[2025-04-04 10:49:43,235] [main] requestId= userEmail= traceId= spanId= - Running with Spring Boot v3.3.3, Spring v6.1.12
[2025-04-04 10:49:43,236] [main] requestId= userEmail= traceId= spanId= - The following 1 profile is active: "production"
READY
RESULT 886
processname:editor groupname:editor pid:1698 channel:stdout
{"level":"info","ts":1743763784.9795427,"logger":"http.log.access.log0","msg":"handled request","request":{"remote_ip":"::1","remote_port":"43286","client_ip":"::1","proto":"HTTP/1.1","method":"GET","host":"localhost","uri":"/","headers":{"User-Agent":["curl/7.68.0"],"Accept":["*/*"]}},"bytes_read":0,"user_id":"","duration":0.000778768,"size":2026,"status":200,"resp_headers":{"Accept-Ranges":["bytes"],"Content-Length":["2026"],"Content-Security-Policy":["frame-ancestors 'self' *"],"X-Request-Id":["invalid_request_id"],"Content-Type":["text/html; charset=utf-8"],"Last-Modified":["Fri, 04 Apr 2025 10:49:23 GMT"],"X-Appsmith-Request-Id":["2639ff3a-a5b7-4588-b2cd-e446bab6cc7f"],"X-Content-Type-Options":["nosniff"],"Vary":["Accept-Encoding"],"Etag":["\"d8xsnxt4grme1ka\""]},"uuid":"2639ff3a-a5b7-4588-b2cd-e446bab6cc7f"}
READY
RESULT 800
processname:editor groupname:editor pid:1698 channel:stderr
{"level":"debug","ts":1743763784.979117,"logger":"http.handlers.rewrite","msg":"rewrote request","request":{"remote_ip":"::1","remote_port":"43286","client_ip":"::1","proto":"HTTP/1.1","method":"GET","host":"localhost","uri":"/loading.html","headers":{"User-Agent":["curl/7.68.0"],"Accept":["*/*"],"X-Request-Id":["invalid_request_id"]}},"method":"GET","uri":"/loading.html"}
{"level":"debug","ts":1743763784.9791713,"logger":"http.handlers.file_server","msg":"sanitized path join","site_root":"/tmp/appsmith/www","fs":"","request_path":"/loading.html","result":"/tmp/appsmith/www/loading.html"}
{"level":"debug","ts":1743763784.9792128,"logger":"http.handlers.file_server","msg":"opening file","filename":"/tmp/appsmith/www/loading.html"}
READY
RESULT 799
processname:editor groupname:editor pid:1698 channel:stderr
{"level":"debug","ts":1743763790.9631882,"logger":"http.handlers.rewrite","msg":"rewrote request","request":{"remote_ip":"::1","remote_port":"43288","client_ip":"::1","proto":"HTTP/1.1","method":"GET","host":"localhost","uri":"/loading.html","headers":{"User-Agent":["curl/7.68.0"],"Accept":["*/*"],"X-Request-Id":["invalid_request_id"]}},"method":"GET","uri":"/loading.html"}
{"level":"debug","ts":1743763790.963257,"logger":"http.handlers.file_server","msg":"sanitized path join","site_root":"/tmp/appsmith/www","fs":"","request_path":"/loading.html","result":"/tmp/appsmith/www/loading.html"}
{"level":"debug","ts":1743763790.963315,"logger":"http.handlers.file_server","msg":"opening file","filename":"/tmp/appsmith/www/loading.html"}
READY
RESULT 886
processname:editor groupname:editor pid:1698 channel:stdout
{"level":"info","ts":1743763790.9637685,"logger":"http.log.access.log0","msg":"handled request","request":{"remote_ip":"::1","remote_port":"43288","client_ip":"::1","proto":"HTTP/1.1","method":"GET","host":"localhost","uri":"/","headers":{"User-Agent":["curl/7.68.0"],"Accept":["*/*"]}},"bytes_read":0,"user_id":"","duration":0.001143077,"size":2026,"status":200,"resp_headers":{"Etag":["\"d8xsnxt4grme1ka\""],"Content-Type":["text/html; charset=utf-8"],"Accept-Ranges":["bytes"],"Content-Length":["2026"],"X-Content-Type-Options":["nosniff"],"X-Appsmith-Request-Id":["81271f0c-8230-433f-b8d4-8fc4c3d96ed8"],"Vary":["Accept-Encoding"],"X-Request-Id":["invalid_request_id"],"Last-Modified":["Fri, 04 Apr 2025 10:49:23 GMT"],"Content-Security-Policy":["frame-ancestors 'self' *"]},"uuid":"81271f0c-8230-433f-b8d4-8fc4c3d96ed8"}
READY
RESULT 218
processname:backend groupname:backend pid:1696 channel:stdout
[2025-04-04 10:49:53,822] [main] requestId= userEmail= traceId= spanId= - Multiple Spring Data modules found, entering strict repository configuration mode
READY
RESULT 209
processname:backend groupname:backend pid:1696 channel:stdout
[2025-04-04 10:49:53,824] [main] requestId= userEmail= traceId= spanId= - Bootstrapping Spring Data Reactive MongoDB repositories in DEFAULT mode.
READY
RESULT 238
processname:backend groupname:backend pid:1696 channel:stdout
[2025-04-04 10:49:55,841] [main] requestId= userEmail= traceId= spanId= - Finished Spring Data repository scanning in 1995 ms. Found 45 Reactive MongoDB repository interfaces.
READY
RESULT 800
processname:editor groupname:editor pid:1698 channel:stderr
{"level":"debug","ts":1743763797.1965938,"logger":"http.handlers.rewrite","msg":"rewrote request","request":{"remote_ip":"::1","remote_port":"56396","client_ip":"::1","proto":"HTTP/1.1","method":"GET","host":"localhost","uri":"/loading.html","headers":{"User-Agent":["curl/7.68.0"],"Accept":["*/*"],"X-Request-Id":["invalid_request_id"]}},"method":"GET","uri":"/loading.html"}
{"level":"debug","ts":1743763797.1966753,"logger":"http.handlers.file_server","msg":"sanitized path join","site_root":"/tmp/appsmith/www","fs":"","request_path":"/loading.html","result":"/tmp/appsmith/www/loading.html"}
{"level":"debug","ts":1743763797.196728,"logger":"http.handlers.file_server","msg":"opening file","filename":"/tmp/appsmith/www/loading.html"}
READY
RESULT 885
processname:editor groupname:editor pid:1698 channel:stdout
{"level":"info","ts":1743763797.197165,"logger":"http.log.access.log0","msg":"handled request","request":{"remote_ip":"::1","remote_port":"56396","client_ip":"::1","proto":"HTTP/1.1","method":"GET","host":"localhost","uri":"/","headers":{"User-Agent":["curl/7.68.0"],"Accept":["*/*"]}},"bytes_read":0,"user_id":"","duration":0.000948979,"size":2026,"status":200,"resp_headers":{"Etag":["\"d8xsnxt4grme1ka\""],"Content-Type":["text/html; charset=utf-8"],"Last-Modified":["Fri, 04 Apr 2025 10:49:23 GMT"],"Accept-Ranges":["bytes"],"Content-Security-Policy":["frame-ancestors 'self' *"],"Vary":["Accept-Encoding"],"X-Appsmith-Request-Id":["88e10f4e-7eda-4379-9166-5440d6e73b37"],"X-Content-Type-Options":["nosniff"],"X-Request-Id":["invalid_request_id"],"Content-Length":["2026"]},"uuid":"88e10f4e-7eda-4379-9166-5440d6e73b37"}
READY
RESULT 237
processname:backend groupname:backend pid:1696 channel:stdout
[2025-04-04 10:50:11,141] [main] requestId= userEmail= traceId= spanId= - Application started with build version v1.65, and commitSha 4a142af9e612d8ea5bd549541cb682c8842ca3db
READY
RESULT 170
processname:backend groupname:backend pid:1696 channel:stdout
[2025-04-04 10:50:11,984] [main] requestId= userEmail= traceId= spanId= - Found MongoDB uri configuring now
READY
RESULT 886
processname:editor groupname:editor pid:1698 channel:stdout
{"level":"info","ts":1743763813.5224137,"logger":"http.log.access.log0","msg":"handled request","request":{"remote_ip":"::1","remote_port":"45338","client_ip":"::1","proto":"HTTP/1.1","method":"GET","host":"localhost","uri":"/","headers":{"User-Agent":["curl/7.68.0"],"Accept":["*/*"]}},"bytes_read":0,"user_id":"","duration":0.000704559,"size":2026,"status":200,"resp_headers":{"X-Request-Id":["invalid_request_id"],"Vary":["Accept-Encoding"],"Etag":["\"d8xsnxt4grme1ka\""],"Content-Security-Policy":["frame-ancestors 'self' *"],"X-Appsmith-Request-Id":["0a89a26c-0e4d-4ec9-9c6e-7857756176c1"],"Content-Type":["text/html; charset=utf-8"],"Last-Modified":["Fri, 04 Apr 2025 10:49:23 GMT"],"Accept-Ranges":["bytes"],"Content-Length":["2026"],"X-Content-Type-Options":["nosniff"]},"uuid":"0a89a26c-0e4d-4ec9-9c6e-7857756176c1"}
READY
RESULT 801
processname:editor groupname:editor pid:1698 channel:stderr
{"level":"debug","ts":1743763813.5220313,"logger":"http.handlers.rewrite","msg":"rewrote request","request":{"remote_ip":"::1","remote_port":"45338","client_ip":"::1","proto":"HTTP/1.1","method":"GET","host":"localhost","uri":"/loading.html","headers":{"User-Agent":["curl/7.68.0"],"Accept":["*/*"],"X-Request-Id":["invalid_request_id"]}},"method":"GET","uri":"/loading.html"}
{"level":"debug","ts":1743763813.5221014,"logger":"http.handlers.file_server","msg":"sanitized path join","site_root":"/tmp/appsmith/www","fs":"","request_path":"/loading.html","result":"/tmp/appsmith/www/loading.html"}
{"level":"debug","ts":1743763813.5221388,"logger":"http.handlers.file_server","msg":"opening file","filename":"/tmp/appsmith/www/loading.html"}
READY
RESULT 3013
processname:backend groupname:backend pid:1696 channel:stdout
[2025-04-04 10:50:15,222] [main] requestId= userEmail= traceId= spanId= - MongoClient with metadata {"driver": {"name": "mongo-java-driver|reactive-streams|spring-boot", "version": "5.0.1"}, "os": {"type": "Linux", "name": "Linux", "architecture": "amd64", "version": "5.15.167.4-microsoft-standard-WSL2"}, "platform": "Java/Eclipse Adoptium/17.0.9+9", "env": {"container": {"runtime": "docker"}}} created with settings MongoClientSettings{readPreference=primary, writeConcern=WriteConcern{w=null, wTimeout=null ms, journal=null}, retryWrites=true, retryReads=true, readConcern=ReadConcern{level=null}, credential=MongoCredential{mechanism=null, userName='appsmith', source='appsmith', password=<hidden>, mechanismProperties=<hidden>}, transportSettings=NettyTransportSettings{eventLoopGroup=io.netty.channel.nio.NioEventLoopGroup@62a6a47e, socketChannelClass=null, allocator=null, sslContext=null}, commandListeners=[io.micrometer.core.instrument.binder.mongodb.MongoMetricsCommandListener@3e7ddb7e], codecRegistry=ProvidersCodecRegistry{codecProviders=[ValueCodecProvider{}, BsonValueCodecProvider{}, DBRefCodecProvider{}, DBObjectCodecProvider{}, DocumentCodecProvider{}, CollectionCodecProvider{}, IterableCodecProvider{}, MapCodecProvider{}, GeoJsonCodecProvider{}, GridFSFileCodecProvider{}, Jsr310CodecProvider{}, JsonObjectCodecProvider{}, BsonCodecProvider{}, EnumCodecProvider{}, com.mongodb.client.model.mql.ExpressionCodecProvider@4645a575, com.mongodb.Jep395RecordCodecProvider@b332eda, com.mongodb.KotlinCodecProvider@6bf70600]}, loggerSettings=LoggerSettings{maxDocumentLength=1000}, clusterSettings={hosts=[localhost:27017], srvServiceName=mongodb, mode=SINGLE, requiredClusterType=UNKNOWN, requiredReplicaSetName='null', serverSelector='null', clusterListeners='[]', serverSelectionTimeout='30000 ms', localThreshold='15 ms'}, socketSettings=SocketSettings{connectTimeoutMS=10000, readTimeoutMS=0, receiveBufferSize=0, proxySettings=ProxySettings{host=null, port=null, username=null, password=null}}, heartbeatSocketSettings=SocketSettings{connectTimeoutMS=10000, readTimeoutMS=10000, receiveBufferSize=0, proxySettings=ProxySettings{host=null, port=null, username=null, password=null}}, connectionPoolSettings=ConnectionPoolSettings{maxSize=100, minSize=0, maxWaitTimeMS=120000, maxConnectionLifeTimeMS=0, maxConnectionIdleTimeMS=0, maintenanceInitialDelayMS=0, maintenanceFrequencyMS=60000, connectionPoolListeners=[io.micrometer.core.instrument.binder.mongodb.MongoMetricsConnectionPoolListener@62fbefad], maxConnecting=2}, serverSettings=ServerSettings{heartbeatFrequencyMS=10000, minHeartbeatFrequencyMS=500, serverListeners='[]', serverMonitorListeners='[]'}, sslSettings=SslSettings{enabled=false, invalidHostNameAllowed=false, context=null}, applicationName='null', compressorList=[], uuidRepresentation=JAVA_LEGACY, serverApi=null, autoEncryptionSettings=null, dnsClient=null, inetAddressResolver=null, contextProvider=null}
READY
RESULT 3604
processname:backend groupname:backend pid:1696 channel:stdout
[2025-04-04 10:50:15,437] [cluster-ClusterId{value='67efb966b3af4b146590bd24', description='null'}-localhost:27017] requestId= userEmail= traceId= spanId= - Exception in monitor thread while connecting to server localhost:27017
com.mongodb.MongoSocketOpenException: Exception opening socket
	at com.mongodb.internal.connection.netty.NettyStream$OpenChannelFutureListener.lambda$operationComplete$1(NettyStream.java:527)
	at com.mongodb.internal.Locks.lambda$withLock$0(Locks.java:33)
	at com.mongodb.internal.Locks.checkedWithLock(Locks.java:45)
	at com.mongodb.internal.Locks.withLock(Locks.java:39)
	at com.mongodb.internal.Locks.withLock(Locks.java:32)
	at com.mongodb.internal.connection.netty.NettyStream$OpenChannelFutureListener.operationComplete(NettyStream.java:514)
	at com.mongodb.internal.connection.netty.NettyStream$OpenChannelFutureListener.operationComplete(NettyStream.java:500)
	at io.netty.util.concurrent.DefaultPromise.notifyListener0(DefaultPromise.java:590)
	at io.netty.util.concurrent.DefaultPromise.notifyListeners0(DefaultPromise.java:583)
	at io.netty.util.concurrent.DefaultPromise.notifyListenersNow(DefaultPromise.java:559)
	at io.netty.util.concurrent.DefaultPromise.notifyListeners(DefaultPromise.java:492)
	at io.netty.util.concurrent.DefaultPromise.setValue0(DefaultPromise.java:636)
	at io.netty.util.concurrent.DefaultPromise.setFailure0(DefaultPromise.java:629)
	at io.netty.util.concurrent.DefaultPromise.tryFailure(DefaultPromise.java:118)
	at io.netty.channel.nio.AbstractNioChannel$AbstractNioUnsafe.fulfillConnectPromise(AbstractNioChannel.java:326)
	at io.netty.channel.nio.AbstractNioChannel$AbstractNioUnsafe.finishConnect(AbstractNioChannel.java:342)
	at io.netty.channel.nio.NioEventLoop.processSelectedKey(NioEventLoop.java:776)
	at io.netty.channel.nio.NioEventLoop.processSelectedKeysOptimized(NioEventLoop.java:724)
	at io.netty.channel.nio.NioEventLoop.processSelectedKeys(NioEventLoop.java:650)
	at io.netty.channel.nio.NioEventLoop.run(NioEventLoop.java:562)
	at io.netty.util.concurrent.SingleThreadEventExecutor$4.run(SingleThreadEventExecutor.java:994)
	at io.netty.util.internal.ThreadExecutorMap$2.run(ThreadExecutorMap.java:74)
	at io.netty.util.concurrent.FastThreadLocalRunnable.run(FastThreadLocalRunnable.java:30)
	at java.base/java.lang.Thread.run(Thread.java:840)
Caused by: io.netty.channel.AbstractChannel$AnnotatedConnectException: Connection refused: localhost/[0:0:0:0:0:0:0:1]:27017
Caused by: java.net.ConnectException: Connection refused
	at java.base/sun.nio.ch.Net.pollConnect(Native Method)
	at java.base/sun.nio.ch.Net.pollConnectNow(Net.java:672)
	at java.base/sun.nio.ch.SocketChannelImpl.finishConnect(SocketChannelImpl.java:946)
	at io.netty.channel.socket.nio.NioSocketChannel.doFinishConnect(NioSocketChannel.java:336)
	at io.netty.channel.nio.AbstractNioChannel$AbstractNioUnsafe.finishConnect(AbstractNioChannel.java:339)
	at io.netty.channel.nio.NioEventLoop.processSelectedKey(NioEventLoop.java:776)
	at io.netty.channel.nio.NioEventLoop.processSelectedKeysOptimized(NioEventLoop.java:724)
	at io.netty.channel.nio.NioEventLoop.processSelectedKeys(NioEventLoop.java:650)
	at io.netty.channel.nio.NioEventLoop.run(NioEventLoop.java:562)
	at io.netty.util.concurrent.SingleThreadEventExecutor$4.run(SingleThreadEventExecutor.java:994)
	at io.netty.util.internal.ThreadExecutorMap$2.run(ThreadExecutorMap.java:74)
	at io.netty.util.concurrent.FastThreadLocalRunnable.run(FastThreadLocalRunnable.java:30)
	at java.base/java.lang.Thread.run(Thread.java:840)
READY
RESULT 800
processname:editor groupname:editor pid:1698 channel:stderr
{"level":"debug","ts":1743763830.5689127,"logger":"http.handlers.rewrite","msg":"rewrote request","request":{"remote_ip":"::1","remote_port":"36812","client_ip":"::1","proto":"HTTP/1.1","method":"GET","host":"localhost","uri":"/loading.html","headers":{"User-Agent":["curl/7.68.0"],"Accept":["*/*"],"X-Request-Id":["invalid_request_id"]}},"method":"GET","uri":"/loading.html"}
{"level":"debug","ts":1743763830.568971,"logger":"http.handlers.file_server","msg":"sanitized path join","site_root":"/tmp/appsmith/www","fs":"","request_path":"/loading.html","result":"/tmp/appsmith/www/loading.html"}
{"level":"debug","ts":1743763830.5690143,"logger":"http.handlers.file_server","msg":"opening file","filename":"/tmp/appsmith/www/loading.html"}
READY
RESULT 886
processname:editor groupname:editor pid:1698 channel:stdout
{"level":"info","ts":1743763830.5692787,"logger":"http.log.access.log0","msg":"handled request","request":{"remote_ip":"::1","remote_port":"36812","client_ip":"::1","proto":"HTTP/1.1","method":"GET","host":"localhost","uri":"/","headers":{"User-Agent":["curl/7.68.0"],"Accept":["*/*"]}},"bytes_read":0,"user_id":"","duration":0.000688957,"size":2026,"status":200,"resp_headers":{"Content-Type":["text/html; charset=utf-8"],"Last-Modified":["Fri, 04 Apr 2025 10:49:23 GMT"],"X-Request-Id":["invalid_request_id"],"Vary":["Accept-Encoding"],"Etag":["\"d8xsnxt4grme1ka\""],"Accept-Ranges":["bytes"],"Content-Length":["2026"],"Content-Security-Policy":["frame-ancestors 'self' *"],"X-Appsmith-Request-Id":["82ff4a8e-f5fd-490f-923c-7d5569772429"],"X-Content-Type-Options":["nosniff"]},"uuid":"82ff4a8e-f5fd-490f-923c-7d5569772429"}
READY
RESULT 3001
processname:backend groupname:backend pid:1696 channel:stdout
[2025-04-04 10:50:40,162] [main] requestId= userEmail= traceId= spanId= - MongoClient with metadata {"driver": {"name": "mongo-java-driver|sync|spring-boot", "version": "5.0.1"}, "os": {"type": "Linux", "name": "Linux", "architecture": "amd64", "version": "5.15.167.4-microsoft-standard-WSL2"}, "platform": "Java/Eclipse Adoptium/17.0.9+9", "env": {"container": {"runtime": "docker"}}} created with settings MongoClientSettings{readPreference=primary, writeConcern=WriteConcern{w=null, wTimeout=null ms, journal=null}, retryWrites=true, retryReads=true, readConcern=ReadConcern{level=null}, credential=MongoCredential{mechanism=null, userName='appsmith', source='appsmith', password=<hidden>, mechanismProperties=<hidden>}, transportSettings=NettyTransportSettings{eventLoopGroup=io.netty.channel.nio.NioEventLoopGroup@31137f4d, socketChannelClass=null, allocator=null, sslContext=null}, commandListeners=[io.micrometer.core.instrument.binder.mongodb.MongoMetricsCommandListener@3e7ddb7e], codecRegistry=ProvidersCodecRegistry{codecProviders=[ValueCodecProvider{}, BsonValueCodecProvider{}, DBRefCodecProvider{}, DBObjectCodecProvider{}, DocumentCodecProvider{}, CollectionCodecProvider{}, IterableCodecProvider{}, MapCodecProvider{}, GeoJsonCodecProvider{}, GridFSFileCodecProvider{}, Jsr310CodecProvider{}, JsonObjectCodecProvider{}, BsonCodecProvider{}, EnumCodecProvider{}, com.mongodb.client.model.mql.ExpressionCodecProvider@4645a575, com.mongodb.Jep395RecordCodecProvider@b332eda, com.mongodb.KotlinCodecProvider@6bf70600]}, loggerSettings=LoggerSettings{maxDocumentLength=1000}, clusterSettings={hosts=[localhost:27017], srvServiceName=mongodb, mode=SINGLE, requiredClusterType=UNKNOWN, requiredReplicaSetName='null', serverSelector='null', clusterListeners='[]', serverSelectionTimeout='30000 ms', localThreshold='15 ms'}, socketSettings=SocketSettings{connectTimeoutMS=10000, readTimeoutMS=0, receiveBufferSize=0, proxySettings=ProxySettings{host=null, port=null, username=null, password=null}}, heartbeatSocketSettings=SocketSettings{connectTimeoutMS=10000, readTimeoutMS=10000, receiveBufferSize=0, proxySettings=ProxySettings{host=null, port=null, username=null, password=null}}, connectionPoolSettings=ConnectionPoolSettings{maxSize=100, minSize=0, maxWaitTimeMS=120000, maxConnectionLifeTimeMS=0, maxConnectionIdleTimeMS=0, maintenanceInitialDelayMS=0, maintenanceFrequencyMS=60000, connectionPoolListeners=[io.micrometer.core.instrument.binder.mongodb.MongoMetricsConnectionPoolListener@62fbefad], maxConnecting=2}, serverSettings=ServerSettings{heartbeatFrequencyMS=10000, minHeartbeatFrequencyMS=500, serverListeners='[]', serverMonitorListeners='[]'}, sslSettings=SslSettings{enabled=false, invalidHostNameAllowed=false, context=null}, applicationName='null', compressorList=[], uuidRepresentation=JAVA_LEGACY, serverApi=null, autoEncryptionSettings=null, dnsClient=null, inetAddressResolver=null, contextProvider=null}
READY
RESULT 3604
processname:backend groupname:backend pid:1696 channel:stdout
[2025-04-04 10:50:40,213] [cluster-ClusterId{value='67efb980b3af4b146590bd25', description='null'}-localhost:27017] requestId= userEmail= traceId= spanId= - Exception in monitor thread while connecting to server localhost:27017
com.mongodb.MongoSocketOpenException: Exception opening socket
	at com.mongodb.internal.connection.netty.NettyStream$OpenChannelFutureListener.lambda$operationComplete$1(NettyStream.java:527)
	at com.mongodb.internal.Locks.lambda$withLock$0(Locks.java:33)
	at com.mongodb.internal.Locks.checkedWithLock(Locks.java:45)
	at com.mongodb.internal.Locks.withLock(Locks.java:39)
	at com.mongodb.internal.Locks.withLock(Locks.java:32)
	at com.mongodb.internal.connection.netty.NettyStream$OpenChannelFutureListener.operationComplete(NettyStream.java:514)
	at com.mongodb.internal.connection.netty.NettyStream$OpenChannelFutureListener.operationComplete(NettyStream.java:500)
	at io.netty.util.concurrent.DefaultPromise.notifyListener0(DefaultPromise.java:590)
	at io.netty.util.concurrent.DefaultPromise.notifyListeners0(DefaultPromise.java:583)
	at io.netty.util.concurrent.DefaultPromise.notifyListenersNow(DefaultPromise.java:559)
	at io.netty.util.concurrent.DefaultPromise.notifyListeners(DefaultPromise.java:492)
	at io.netty.util.concurrent.DefaultPromise.setValue0(DefaultPromise.java:636)
	at io.netty.util.concurrent.DefaultPromise.setFailure0(DefaultPromise.java:629)
	at io.netty.util.concurrent.DefaultPromise.tryFailure(DefaultPromise.java:118)
	at io.netty.channel.nio.AbstractNioChannel$AbstractNioUnsafe.fulfillConnectPromise(AbstractNioChannel.java:326)
	at io.netty.channel.nio.AbstractNioChannel$AbstractNioUnsafe.finishConnect(AbstractNioChannel.java:342)
	at io.netty.channel.nio.NioEventLoop.processSelectedKey(NioEventLoop.java:776)
	at io.netty.channel.nio.NioEventLoop.processSelectedKeysOptimized(NioEventLoop.java:724)
	at io.netty.channel.nio.NioEventLoop.processSelectedKeys(NioEventLoop.java:650)
	at io.netty.channel.nio.NioEventLoop.run(NioEventLoop.java:562)
	at io.netty.util.concurrent.SingleThreadEventExecutor$4.run(SingleThreadEventExecutor.java:994)
	at io.netty.util.internal.ThreadExecutorMap$2.run(ThreadExecutorMap.java:74)
	at io.netty.util.concurrent.FastThreadLocalRunnable.run(FastThreadLocalRunnable.java:30)
	at java.base/java.lang.Thread.run(Thread.java:840)
Caused by: io.netty.channel.AbstractChannel$AnnotatedConnectException: Connection refused: localhost/[0:0:0:0:0:0:0:1]:27017
Caused by: java.net.ConnectException: Connection refused
	at java.base/sun.nio.ch.Net.pollConnect(Native Method)
	at java.base/sun.nio.ch.Net.pollConnectNow(Net.java:672)
	at java.base/sun.nio.ch.SocketChannelImpl.finishConnect(SocketChannelImpl.java:946)
	at io.netty.channel.socket.nio.NioSocketChannel.doFinishConnect(NioSocketChannel.java:336)
	at io.netty.channel.nio.AbstractNioChannel$AbstractNioUnsafe.finishConnect(AbstractNioChannel.java:339)
	at io.netty.channel.nio.NioEventLoop.processSelectedKey(NioEventLoop.java:776)
	at io.netty.channel.nio.NioEventLoop.processSelectedKeysOptimized(NioEventLoop.java:724)
	at io.netty.channel.nio.NioEventLoop.processSelectedKeys(NioEventLoop.java:650)
	at io.netty.channel.nio.NioEventLoop.run(NioEventLoop.java:562)
	at io.netty.util.concurrent.SingleThreadEventExecutor$4.run(SingleThreadEventExecutor.java:994)
	at io.netty.util.internal.ThreadExecutorMap$2.run(ThreadExecutorMap.java:74)
	at io.netty.util.concurrent.FastThreadLocalRunnable.run(FastThreadLocalRunnable.java:30)
	at java.base/java.lang.Thread.run(Thread.java:840)
READY
RESULT 886
processname:editor groupname:editor pid:1698 channel:stdout
{"level":"info","ts":1743763846.5021064,"logger":"http.log.access.log0","msg":"handled request","request":{"remote_ip":"::1","remote_port":"48886","client_ip":"::1","proto":"HTTP/1.1","method":"GET","host":"localhost","uri":"/","headers":{"User-Agent":["curl/7.68.0"],"Accept":["*/*"]}},"bytes_read":0,"user_id":"","duration":0.000701259,"size":2026,"status":200,"resp_headers":{"X-Request-Id":["invalid_request_id"],"Etag":["\"d8xsnxt4grme1ka\""],"Last-Modified":["Fri, 04 Apr 2025 10:49:23 GMT"],"Accept-Ranges":["bytes"],"Content-Length":["2026"],"X-Content-Type-Options":["nosniff"],"Vary":["Accept-Encoding"],"Content-Type":["text/html; charset=utf-8"],"Content-Security-Policy":["frame-ancestors 'self' *"],"X-Appsmith-Request-Id":["988f708c-79a3-4ebe-baf2-fab0f21586b6"]},"uuid":"988f708c-79a3-4ebe-baf2-fab0f21586b6"}
READY
RESULT 800
processname:editor groupname:editor pid:1698 channel:stderr
{"level":"debug","ts":1743763846.5017571,"logger":"http.handlers.rewrite","msg":"rewrote request","request":{"remote_ip":"::1","remote_port":"48886","client_ip":"::1","proto":"HTTP/1.1","method":"GET","host":"localhost","uri":"/loading.html","headers":{"User-Agent":["curl/7.68.0"],"Accept":["*/*"],"X-Request-Id":["invalid_request_id"]}},"method":"GET","uri":"/loading.html"}
{"level":"debug","ts":1743763846.5018053,"logger":"http.handlers.file_server","msg":"sanitized path join","site_root":"/tmp/appsmith/www","fs":"","request_path":"/loading.html","result":"/tmp/appsmith/www/loading.html"}
{"level":"debug","ts":1743763846.501844,"logger":"http.handlers.file_server","msg":"opening file","filename":"/tmp/appsmith/www/loading.html"}
READY
RESULT 251
processname:backend groupname:backend pid:1696 channel:stdout
[2025-04-04 10:50:50,341] [main] requestId= userEmail= traceId= spanId= - Enabled plugins: []
[2025-04-04 10:50:50,357] [main] requestId= userEmail= traceId= spanId= - Disabled plugins: []
READY
RESULT 177
processname:backend groupname:backend pid:1696 channel:stdout
[2025-04-04 10:50:50,394] [main] requestId= userEmail= traceId= spanId= - PF4J version 3.10.0 in 'deployment' mode
READY
RESULT 779
processname:backend groupname:backend pid:1696 channel:stdout
[2025-04-04 10:50:55,552] [main] requestId= userEmail= traceId= spanId= - Plugin 'appsmithai-plugin@1.0-SNAPSHOT' resolved
[2025-04-04 10:50:55,553] [main] requestId= userEmail= traceId= spanId= - Plugin 'saas-plugin@1.0-SNAPSHOT' resolved
[2025-04-04 10:50:55,553] [main] requestId= userEmail= traceId= spanId= - Plugin 'google-sheets-plugin@1.0-SNAPSHOT' resolved
[2025-04-04 10:50:55,553] [main] requestId= userEmail= traceId= spanId= - Plugin 'js-plugin@1.0-SNAPSHOT' resolved
[2025-04-04 10:50:55,553] [main] requestId= userEmail= traceId= spanId= - Plugin 'smtp-plugin@1.0-SNAPSHOT' resolved
[2025-04-04 10:50:55,554] [main] requestId= userEmail= traceId= spanId= - Plugin 'oracle-plugin@1.0-SNAPSHOT' resolved
READY
RESULT 2475
processname:backend groupname:backend pid:1696 channel:stdout
[2025-04-04 10:50:55,554] [main] requestId= userEmail= traceId= spanId= - Plugin 'amazons3-plugin@1.0-SNAPSHOT' resolved
[2025-04-04 10:50:55,554] [main] requestId= userEmail= traceId= spanId= - Plugin 'mysql-plugin@1.0-SNAPSHOT' resolved
[2025-04-04 10:50:55,554] [main] requestId= userEmail= traceId= spanId= - Plugin 'restapi-plugin@1.0-SNAPSHOT' resolved
[2025-04-04 10:50:55,554] [main] requestId= userEmail= traceId= spanId= - Plugin 'postgres-plugin@1.0-SNAPSHOT' resolved
[2025-04-04 10:50:55,554] [main] requestId= userEmail= traceId= spanId= - Plugin 'googleai-plugin@1.0-SNAPSHOT' resolved
[2025-04-04 10:50:55,554] [main] requestId= userEmail= traceId= spanId= - Plugin 'snowflake-plugin@1.0-SNAPSHOT' resolved
[2025-04-04 10:50:55,554] [main] requestId= userEmail= traceId= spanId= - Plugin 'anthropic-plugin@1.0-SNAPSHOT' resolved
[2025-04-04 10:50:55,555] [main] requestId= userEmail= traceId= spanId= - Plugin 'elasticsearch-plugin@1.0-SNAPSHOT' resolved
[2025-04-04 10:50:55,555] [main] requestId= userEmail= traceId= spanId= - Plugin 'mssql-plugin@1.0-SNAPSHOT' resolved
[2025-04-04 10:50:55,555] [main] requestId= userEmail= traceId= spanId= - Plugin 'redshift-plugin@1.0-SNAPSHOT' resolved
[2025-04-04 10:50:55,568] [main] requestId= userEmail= traceId= spanId= - Plugin 'mongo-plugin@1.0-SNAPSHOT' resolved
[2025-04-04 10:50:55,568] [main] requestId= userEmail= traceId= spanId= - Plugin 'databricks-plugin@1.0-SNAPSHOT' resolved
[2025-04-04 10:50:55,569] [main] requestId= userEmail= traceId= spanId= - Plugin 'graphql-plugin@1.0-SNAPSHOT' resolved
[2025-04-04 10:50:55,569] [main] requestId= userEmail= traceId= spanId= - Plugin 'aws-lambda-plugin@1.0-SNAPSHOT' resolved
[2025-04-04 10:50:55,569] [main] requestId= userEmail= traceId= spanId= - Plugin 'openai-plugin@1.0-SNAPSHOT' resolved
[2025-04-04 10:50:55,569] [main] requestId= userEmail= traceId= spanId= - Plugin 'dynamo-plugin@1.0-SNAPSHOT' resolved
[2025-04-04 10:50:55,569] [main] requestId= userEmail= traceId= spanId= - Plugin 'arangodb-plugin@1.0-SNAPSHOT' resolved
[2025-04-04 10:50:55,569] [main] requestId= userEmail= traceId= spanId= - Plugin 'redis-plugin@1.0-SNAPSHOT' resolved
[2025-04-04 10:50:55,569] [main] requestId= userEmail= traceId= spanId= - Plugin 'firestore-plugin@1.0-SNAPSHOT' resolved
[2025-04-04 10:50:55,569] [main] requestId= userEmail= traceId= spanId= - Start plugin 'appsmithai-plugin@1.0-SNAPSHOT'
READY
RESULT 299
processname:backend groupname:backend pid:1696 channel:stdout
[2025-04-04 10:50:55,607] [main] requestId= userEmail= traceId= spanId= - Start plugin 'saas-plugin@1.0-SNAPSHOT'
[2025-04-04 10:50:55,609] [main] requestId= userEmail= traceId= spanId= - Start plugin 'google-sheets-plugin@1.0-SNAPSHOT'
READY
RESULT 404
processname:backend groupname:backend pid:1696 channel:stdout
[2025-04-04 10:50:55,674] [main] requestId= userEmail= traceId= spanId= - Start plugin 'js-plugin@1.0-SNAPSHOT'
[2025-04-04 10:50:55,686] [main] requestId= userEmail= traceId= spanId= - Start plugin 'smtp-plugin@1.0-SNAPSHOT'
[2025-04-04 10:50:55,688] [main] requestId= userEmail= traceId= spanId= - Start plugin 'oracle-plugin@1.0-SNAPSHOT'
READY
RESULT 767
processname:backend groupname:backend pid:1696 channel:stdout
[2025-04-04 10:50:55,709] [main] requestId= userEmail= traceId= spanId= - Start plugin 'amazons3-plugin@1.0-SNAPSHOT'
[2025-04-04 10:50:55,725] [main] requestId= userEmail= traceId= spanId= - Start plugin 'mysql-plugin@1.0-SNAPSHOT'
[2025-04-04 10:50:55,754] [main] requestId= userEmail= traceId= spanId= - Start plugin 'restapi-plugin@1.0-SNAPSHOT'
[2025-04-04 10:50:55,756] [main] requestId= userEmail= traceId= spanId= - Start plugin 'postgres-plugin@1.0-SNAPSHOT'
[2025-04-04 10:50:55,761] [main] requestId= userEmail= traceId= spanId= - Start plugin 'googleai-plugin@1.0-SNAPSHOT'
[2025-04-04 10:50:55,775] [main] requestId= userEmail= traceId= spanId= - Start plugin 'snowflake-plugin@1.0-SNAPSHOT'
READY
RESULT 181
processname:backend groupname:backend pid:1696 channel:stdout
[2025-04-04 10:50:55,852] [main] requestId= userEmail= traceId= spanId= - Start plugin 'anthropic-plugin@1.0-SNAPSHOT'
READY
RESULT 185
processname:backend groupname:backend pid:1696 channel:stdout
[2025-04-04 10:50:55,860] [main] requestId= userEmail= traceId= spanId= - Start plugin 'elasticsearch-plugin@1.0-SNAPSHOT'
READY
RESULT 177
processname:backend groupname:backend pid:1696 channel:stdout
[2025-04-04 10:50:55,865] [main] requestId= userEmail= traceId= spanId= - Start plugin 'mssql-plugin@1.0-SNAPSHOT'
READY
RESULT 180
processname:backend groupname:backend pid:1696 channel:stdout
[2025-04-04 10:50:55,878] [main] requestId= userEmail= traceId= spanId= - Start plugin 'redshift-plugin@1.0-SNAPSHOT'
READY
RESULT 177
processname:backend groupname:backend pid:1696 channel:stdout
[2025-04-04 10:50:55,884] [main] requestId= userEmail= traceId= spanId= - Start plugin 'mongo-plugin@1.0-SNAPSHOT'
READY
RESULT 182
processname:backend groupname:backend pid:1696 channel:stdout
[2025-04-04 10:50:55,902] [main] requestId= userEmail= traceId= spanId= - Start plugin 'databricks-plugin@1.0-SNAPSHOT'
READY
RESULT 299
processname:backend groupname:backend pid:1696 channel:stdout
[2025-04-04 10:50:55,936] [main] requestId= userEmail= traceId= spanId= - Start plugin 'graphql-plugin@1.0-SNAPSHOT'
[2025-04-04 10:50:55,938] [main] requestId= userEmail= traceId= spanId= - Start plugin 'aws-lambda-plugin@1.0-SNAPSHOT'
READY
RESULT 178
processname:backend groupname:backend pid:1696 channel:stdout
[2025-04-04 10:50:56,269] [main] requestId= userEmail= traceId= spanId= - Start plugin 'openai-plugin@1.0-SNAPSHOT'
READY
RESULT 178
processname:backend groupname:backend pid:1696 channel:stdout
[2025-04-04 10:50:56,285] [main] requestId= userEmail= traceId= spanId= - Start plugin 'dynamo-plugin@1.0-SNAPSHOT'
READY
RESULT 414
processname:backend groupname:backend pid:1696 channel:stdout
[2025-04-04 10:50:56,317] [main] requestId= userEmail= traceId= spanId= - Start plugin 'arangodb-plugin@1.0-SNAPSHOT'
[2025-04-04 10:50:56,330] [main] requestId= userEmail= traceId= spanId= - Start plugin 'redis-plugin@1.0-SNAPSHOT'
[2025-04-04 10:50:56,343] [main] requestId= userEmail= traceId= spanId= - Start plugin 'firestore-plugin@1.0-SNAPSHOT'
READY
RESULT 657
processname:editor groupname:editor pid:1698 channel:stderr
{"level":"debug","ts":1743763863.1032388,"logger":"http.handlers.rewrite","msg":"rewrote request","request":{"remote_ip":"::1","remote_port":"45512","client_ip":"::1","proto":"HTTP/1.1","method":"GET","host":"localhost","uri":"/loading.html","headers":{"User-Agent":["curl/7.68.0"],"Accept":["*/*"],"X-Request-Id":["invalid_request_id"]}},"method":"GET","uri":"/loading.html"}
{"level":"debug","ts":1743763863.1033332,"logger":"http.handlers.file_server","msg":"sanitized path join","site_root":"/tmp/appsmith/www","fs":"","request_path":"/loading.html","result":"/tmp/appsmith/www/loading.html"}
READY
RESULT 885
processname:editor groupname:editor pid:1698 channel:stdout
{"level":"info","ts":1743763863.103732,"logger":"http.log.access.log0","msg":"handled request","request":{"remote_ip":"::1","remote_port":"45512","client_ip":"::1","proto":"HTTP/1.1","method":"GET","host":"localhost","uri":"/","headers":{"Accept":["*/*"],"User-Agent":["curl/7.68.0"]}},"bytes_read":0,"user_id":"","duration":0.000877285,"size":2026,"status":200,"resp_headers":{"Vary":["Accept-Encoding"],"Accept-Ranges":["bytes"],"Content-Length":["2026"],"X-Request-Id":["invalid_request_id"],"Etag":["\"d8xsnxt4grme1ka\""],"Content-Type":["text/html; charset=utf-8"],"Last-Modified":["Fri, 04 Apr 2025 10:49:23 GMT"],"Content-Security-Policy":["frame-ancestors 'self' *"],"X-Appsmith-Request-Id":["c8dcf609-9e6c-4185-8aa2-feb75e44f4ed"],"X-Content-Type-Options":["nosniff"]},"uuid":"c8dcf609-9e6c-4185-8aa2-feb75e44f4ed"}
READY
RESULT 204
processname:editor groupname:editor pid:1698 channel:stderr
{"level":"debug","ts":1743763863.1033819,"logger":"http.handlers.file_server","msg":"opening file","filename":"/tmp/appsmith/www/loading.html"}
READY
RESULT 575
processname:backend groupname:backend pid:1696 channel:stdout
[2025-04-04 10:51:10,265] [main] requestId= userEmail= traceId= spanId= - A MeterFilter is being configured after a Meter has been registered to this registry. All MeterFilters should be configured before any Meters are registered. If that is not possible or you have a use case where it should be allowed, let the Micrometer maintainers know at https://github.com/micrometer-metrics/micrometer/issues/4920. Enable DEBUG level logging on this logger to see a stack trace of the call configuring this MeterFilter.
READY
RESULT 176
processname:backend groupname:backend pid:1696 channel:stdout
[2025-04-04 10:51:13,786] [main] requestId= userEmail= traceId= spanId= - Mongock runner COMMUNITY version[5.1.6]
READY
RESULT 597
processname:backend groupname:backend pid:1696 channel:stdout
[2025-04-04 10:51:13,787] [main] requestId= userEmail= traceId= spanId= - Running Mongock with NO metadata
[2025-04-04 10:51:13,787] [main] requestId= userEmail= traceId= spanId= - Property transaction-enabled not provided. It will become true as default in next versions. Set explicit value to false in case transaction are not desired.
[2025-04-04 10:51:13,787] [main] requestId= userEmail= traceId= spanId= - Property transaction-enabled not provided, but driver is transactionable. BY DEFAULT MONGOCK WILL RUN IN TRANSACTION MODE.
READY
RESULT 207
processname:backend groupname:backend pid:1696 channel:stdout
[2025-04-04 10:51:14,308] [main] requestId= userEmail= traceId= spanId= - Reflections took 411 ms to scan 1 urls, producing 6 keys and 86 values
READY
RESULT 207
processname:backend groupname:backend pid:1696 channel:stdout
[2025-04-04 10:51:14,500] [main] requestId= userEmail= traceId= spanId= - Reflections took 104 ms to scan 1 urls, producing 6 keys and 86 values
READY
RESULT 658
processname:backend groupname:backend pid:1696 channel:stdout
[2025-04-04 10:51:15,157] [main] requestId= userEmail= traceId= spanId= - Waiting for server to become available for operation with ID 2. Remaining time: 29987 ms. Selector: ReadPreferenceServerSelector{readPreference=primary}, topology description: {type=UNKNOWN, servers=[{address=localhost:27017, type=UNKNOWN, state=CONNECTING, exception={com.mongodb.MongoSocketOpenException: Exception opening socket}, caused by {io.netty.channel.AbstractChannel$AnnotatedConnectException: Connection refused: localhost/[0:0:0:0:0:0:0:1]:27017}, caused by {java.net.ConnectException: Connection refused}}].
READY
RESULT 861
processname:backend groupname:backend pid:1696 channel:stdout
[2025-04-04 10:51:15,250] [cluster-ClusterId{value='67efb966b3af4b146590bd24', description='null'}-localhost:27017] requestId= userEmail= traceId= spanId= - Monitor thread successfully connected to server with description ServerDescription{address=localhost:27017, type=REPLICA_SET_PRIMARY, state=CONNECTED, ok=true, minWireVersion=0, maxWireVersion=13, maxDocumentSize=16777216, logicalSessionTimeoutMinutes=30, roundTripTimeNanos=46189557, setName='mr1', canonicalAddress=localhost:27017, hosts=[localhost:27017], passives=[], arbiters=[], primary='localhost:27017', tagSet=TagSet{[]}, electionId=7fffffff000000000000000e, setVersion=1, topologyVersion=TopologyVersion{processId=67efb93dce77fd41adc85e82, counter=6}, lastWriteDate=Fri Apr 04 10:51:10 UTC 2025, lastUpdateTimeNanos=16168394315935}
READY
RESULT 171
processname:backend groupname:backend pid:1696 channel:stdout
[2025-04-04 10:51:16,606] [main] requestId= userEmail= traceId= spanId= - Mongock trying to acquire the lock
READY
RESULT 198
processname:backend groupname:backend pid:1696 channel:stdout
[2025-04-04 10:51:16,954] [main] requestId= userEmail= traceId= spanId= - Mongock acquired the lock until: Fri Apr 04 10:52:16 UTC 2025
READY
RESULT 172
processname:backend groupname:backend pid:1696 channel:stdout
[2025-04-04 10:51:16,955] [Thread-3] requestId= userEmail= traceId= spanId= - Starting mongock lock daemon...
READY
RESULT 222
processname:backend groupname:backend pid:1696 channel:stdout
[2025-04-04 10:51:17,050] [main] requestId= userEmail= traceId= spanId= - Mongock starting the data migration sequence id[2025-04-04T10:51:13.241136083-109]...
READY
RESULT 9353
processname:backend groupname:backend pid:1696 channel:stdout
[2025-04-04 10:51:17,063] [main] requestId= userEmail= traceId= spanId= - PASSED OVER - {"id"="initialize-schema-version", "type"="execution", "author"="", "class"="DatabaseChangelog0", "method"="initializeSchemaVersion"}
[2025-04-04 10:51:17,065] [main] requestId= userEmail= traceId= spanId= - PASSED OVER - {"id"="initial-plugins", "type"="execution", "author"="", "class"="DatabaseChangelog1", "method"="initialPlugins"}
[2025-04-04 10:51:17,065] [main] requestId= userEmail= traceId= spanId= - PASSED OVER - {"id"="initial-indexes", "type"="execution", "author"="", "class"="DatabaseChangelog1", "method"="addInitialIndexes"}
[2025-04-04 10:51:17,066] [main] requestId= userEmail= traceId= spanId= - PASSED OVER - {"id"="set-initial-sequence-for-datasource", "type"="execution", "author"="", "class"="DatabaseChangelog1", "method"="setInitialSequenceForDatasource"}
[2025-04-04 10:51:17,066] [main] requestId= userEmail= traceId= spanId= - PASSED OVER - {"id"="set-plugin-image-and-docs-link", "type"="execution", "author"="", "class"="DatabaseChangelog1", "method"="setPluginImageAndDocsLink"}
[2025-04-04 10:51:17,066] [main] requestId= userEmail= traceId= spanId= - PASSED OVER - {"id"="install-mysql-plugins", "type"="execution", "author"="", "class"="DatabaseChangelog1", "method"="mysqlPlugin"}
[2025-04-04 10:51:17,066] [main] requestId= userEmail= traceId= spanId= - PASSED OVER - {"id"="update-database-documentation-links", "type"="execution", "author"="", "class"="DatabaseChangelog1", "method"="updateDatabaseDocumentationLinks"}
[2025-04-04 10:51:17,066] [main] requestId= userEmail= traceId= spanId= - PASSED OVER - {"id"="generate-unique-id-for-instance", "type"="execution", "author"="", "class"="DatabaseChangelog1", "method"="generateUniqueIdForInstance"}
[2025-04-04 10:51:17,066] [main] requestId= userEmail= traceId= spanId= - PASSED OVER - {"id"="fix-password-reset-token-expiration", "type"="execution", "author"="", "class"="DatabaseChangelog1", "method"="fixTokenExpiration"}
[2025-04-04 10:51:17,066] [main] requestId= userEmail= traceId= spanId= - PASSED OVER - {"id"="add-elastic-search-plugin", "type"="execution", "author"="", "class"="DatabaseChangelog1", "method"="addElasticSearchPlugin"}
[2025-04-04 10:51:17,066] [main] requestId= userEmail= traceId= spanId= - PASSED OVER - {"id"="add-dynamo-plugin", "type"="execution", "author"="", "class"="DatabaseChangelog1", "method"="addDynamoPlugin"}
[2025-04-04 10:51:17,076] [main] requestId= userEmail= traceId= spanId= - PASSED OVER - {"id"="use-png-logos", "type"="execution", "author"="", "class"="DatabaseChangelog1", "method"="usePngLogos"}
[2025-04-04 10:51:17,078] [main] requestId= userEmail= traceId= spanId= - PASSED OVER - {"id"="add-redis-plugin", "type"="execution", "author"="", "class"="DatabaseChangelog1", "method"="addRedisPlugin"}
[2025-04-04 10:51:17,078] [main] requestId= userEmail= traceId= spanId= - PASSED OVER - {"id"="add-msSql-plugin", "type"="execution", "author"="", "class"="DatabaseChangelog1", "method"="addMsSqlPlugin"}
[2025-04-04 10:51:17,078] [main] requestId= userEmail= traceId= spanId= - PASSED OVER - {"id"="createNewPageIndexAfterDroppingNewPage", "type"="execution", "author"="", "class"="DatabaseChangelog1", "method"="addNewPageIndexAfterDroppingNewPage"}
[2025-04-04 10:51:17,079] [main] requestId= userEmail= traceId= spanId= - PASSED OVER - {"id"="createNewActionIndexAfterDroppingNewAction", "type"="execution", "author"="", "class"="DatabaseChangelog1", "method"="addNewActionIndexAfterDroppingNewAction"}
[2025-04-04 10:51:17,079] [main] requestId= userEmail= traceId= spanId= - PASSED OVER - {"id"="new-page-new-action-add-indexes", "type"="execution", "author"="", "class"="DatabaseChangelog1", "method"="addNewPageAndNewActionNewIndexes"}
[2025-04-04 10:51:17,079] [main] requestId= userEmail= traceId= spanId= - PASSED OVER - {"id"="update-action-index-to-single-multiple-indices", "type"="execution", "author"="", "class"="DatabaseChangelog1", "method"="updateActionIndexToSingleMultipleIndices"}
[2025-04-04 10:51:17,079] [main] requestId= userEmail= traceId= spanId= - PASSED OVER - {"id"="add-firestore-plugin", "type"="execution", "author"="", "class"="DatabaseChangelog1", "method"="addFirestorePlugin"}
[2025-04-04 10:51:17,079] [main] requestId= userEmail= traceId= spanId= - PASSED OVER - {"id"="add-redshift-plugin", "type"="execution", "author"="", "class"="DatabaseChangelog1", "method"="addRedshiftPlugin"}
[2025-04-04 10:51:17,079] [main] requestId= userEmail= traceId= spanId= - PASSED OVER - {"id"="clear-userdata-collection", "type"="execution", "author"="", "class"="DatabaseChangelog1", "method"="clearUserDataCollection"}
[2025-04-04 10:51:17,079] [main] requestId= userEmail= traceId= spanId= - PASSED OVER - {"id"="update-database-documentation-links-v1-2-1", "type"="execution", "author"="", "class"="DatabaseChangelog1", "method"="updateDatabaseDocumentationLinks_v1_2_1"}
[2025-04-04 10:51:17,079] [main] requestId= userEmail= traceId= spanId= - PASSED OVER - {"id"="add-amazons3-plugin", "type"="execution", "author"="", "class"="DatabaseChangelog1", "method"="addAmazonS3Plugin"}
[2025-04-04 10:51:17,079] [main] requestId= userEmail= traceId= spanId= - PASSED OVER - {"id"="update-plugin-datasource-form-components", "type"="execution", "author"="", "class"="DatabaseChangelog1", "method"="updatePluginDatasourceFormComponents"}
[2025-04-04 10:51:17,079] [main] requestId= userEmail= traceId= spanId= - PASSED OVER - {"id"="update-s3-datasource-configuration-and-label", "type"="execution", "author"="", "class"="DatabaseChangelog1", "method"="updateS3DatasourceConfigurationAndLabel"}
[2025-04-04 10:51:17,079] [main] requestId= userEmail= traceId= spanId= - PASSED OVER - {"id"="add-google-sheets-plugin", "type"="execution", "author"="", "class"="DatabaseChangelog1", "method"="addGoogleSheetsPlugin"}
[2025-04-04 10:51:17,079] [main] requestId= userEmail= traceId= spanId= - PASSED OVER - {"id"="mark-instance-unregistered", "type"="execution", "author"="", "class"="DatabaseChangelog1", "method"="markInstanceAsUnregistered"}
[2025-04-04 10:51:17,080] [main] requestId= userEmail= traceId= spanId= - PASSED OVER - {"id"="add-snowflake-plugin", "type"="execution", "author"="", "class"="DatabaseChangelog1", "method"="addSnowflakePlugin"}
[2025-04-04 10:51:17,080] [main] requestId= userEmail= traceId= spanId= - PASSED OVER - {"id"="add-arangodb-plugin", "type"="execution", "author"="", "class"="DatabaseChangelog1", "method"="addArangoDBPlugin"}
[2025-04-04 10:51:17,080] [main] requestId= userEmail= traceId= spanId= - PASSED OVER - {"id"="set-svg-logo-to-plugins", "type"="execution", "author"="", "class"="DatabaseChangelog1", "method"="setSvgLogoToPluginIcons"}
[2025-04-04 10:51:17,080] [main] requestId= userEmail= traceId= spanId= - PASSED OVER - {"id"="create-plugin-reference-for-genarate-CRUD-page", "type"="execution", "author"="", "class"="DatabaseChangelog1", "method"="createPluginReferenceForGenerateCRUDPage"}
[2025-04-04 10:51:17,080] [main] requestId= userEmail= traceId= spanId= - PASSED OVER - {"id"="create-plugin-reference-for-S3-GSheet-genarate-CRUD-page", "type"="execution", "author"="", "class"="DatabaseChangelog1", "method"="createPluginReferenceForS3AndGSheetGenerateCRUDPage"}
[2025-04-04 10:51:17,080] [main] requestId= userEmail= traceId= spanId= - PASSED OVER - {"id"="add-js-plugin", "type"="execution", "author"="", "class"="DatabaseChangelog1", "method"="addJSPlugin"}
[2025-04-04 10:51:17,080] [main] requestId= userEmail= traceId= spanId= - PASSED OVER - {"id"="update-plugin-package-name-index", "type"="execution", "author"="", "class"="DatabaseChangelog1", "method"="updatePluginPackageNameIndexToPluginNamePackageNameAndVersion"}
[2025-04-04 10:51:17,080] [main] requestId= userEmail= traceId= spanId= - PASSED OVER - {"id"="migrate-s3-to-uqi", "type"="execution", "author"="", "class"="DatabaseChangelog1", "method"="migrateS3PluginToUqi"}
[2025-04-04 10:51:17,080] [main] requestId= userEmail= traceId= spanId= - PASSED OVER - {"id"="add-smtp-plugin", "type"="execution", "author"="", "class"="DatabaseChangelog1", "method"="addSmtpPluginPlugin"}
[2025-04-04 10:51:17,080] [main] requestId= userEmail= traceId= spanId= - PASSED OVER - {"id"="add-google-sheets-plugin-name", "type"="execution", "author"="", "class"="DatabaseChangelog1", "method"="addPluginNameForGoogleSheets"}
[2025-04-04 10:51:17,080] [main] requestId= userEmail= traceId= spanId= - PASSED OVER - {"id"="migrate-firestore-to-uqi", "type"="execution", "author"="", "class"="DatabaseChangelog1", "method"="migrateFirestorePluginToUqi"}
[2025-04-04 10:51:17,080] [main] requestId= userEmail= traceId= spanId= - PASSED OVER - {"id"="migrate-firestore-to-uqi-3", "type"="execution", "author"="", "class"="DatabaseChangelog1", "method"="migrateFirestorePluginToUqi3"}
[2025-04-04 10:51:17,081] [main] requestId= userEmail= traceId= spanId= - PASSED OVER - {"id"="update-index-for-git", "type"="execution", "author"="", "class"="DatabaseChangelog1", "method"="updateGitIndexes"}
[2025-04-04 10:51:17,081] [main] requestId= userEmail= traceId= spanId= - PASSED OVER - {"id"="use-assets-cdn-for-plugin-icons", "type"="execution", "author"="", "class"="DatabaseChangelog1", "method"="useAssetsCDNForPluginIcons"}
READY
RESULT 3030
processname:backend groupname:backend pid:1696 channel:stdout
[2025-04-04 10:51:17,081] [main] requestId= userEmail= traceId= spanId= - PASSED OVER - {"id"="update-index-for-newAction-actionCollection-userData", "type"="execution", "author"="", "class"="DatabaseChangelog1", "method"="updateNewActionActionCollectionAndUserDataIndexes"}
[2025-04-04 10:51:17,086] [main] requestId= userEmail= traceId= spanId= - PASSED OVER - {"id"="mark-mssql-crud-unavailable", "type"="execution", "author"="", "class"="DatabaseChangelog1", "method"="markMSSQLCrudUnavailable"}
[2025-04-04 10:51:17,086] [main] requestId= userEmail= traceId= spanId= - PASSED OVER - {"id"="update-index-for-newAction-actionCollection", "type"="execution", "author"="", "class"="DatabaseChangelog1", "method"="updateNewActionActionCollectionIndexes"}
[2025-04-04 10:51:17,087] [main] requestId= userEmail= traceId= spanId= - PASSED OVER - {"id"="fix-plugin-title-casing", "type"="execution", "author"="", "class"="DatabaseChangelog2", "method"="fixPluginTitleCasing"}
[2025-04-04 10:51:17,088] [main] requestId= userEmail= traceId= spanId= - PASSED OVER - {"id"="update-git-indexes", "type"="execution", "author"="", "class"="DatabaseChangelog2", "method"="addIndexesForGit"}
[2025-04-04 10:51:17,088] [main] requestId= userEmail= traceId= spanId= - PASSED OVER - {"id"="add-workspace-indexes", "type"="execution", "author"="", "class"="DatabaseChangelog2", "method"="addWorkspaceIndexes"}
[2025-04-04 10:51:17,088] [main] requestId= userEmail= traceId= spanId= - PASSED OVER - {"id"="add-default-tenant", "type"="execution", "author"="", "class"="DatabaseChangelog2", "method"="addDefaultTenant"}
[2025-04-04 10:51:17,088] [main] requestId= userEmail= traceId= spanId= - PASSED OVER - {"id"="organization-to-workspace-indexes-recreate", "type"="execution", "author"="", "class"="DatabaseChangelog2", "method"="organizationToWorkspaceIndexesRecreate"}
[2025-04-04 10:51:17,088] [main] requestId= userEmail= traceId= spanId= - PASSED OVER - {"id"="flush-spring-redis-keys-2a", "type"="execution", "author"="", "class"="DatabaseChangelog2", "method"="clearRedisCache2"}
[2025-04-04 10:51:17,088] [main] requestId= userEmail= traceId= spanId= - PASSED OVER - {"id"="add-anonymousUser", "type"="execution", "author"="", "class"="DatabaseChangelog2", "method"="addAnonymousUser"}
[2025-04-04 10:51:17,088] [main] requestId= userEmail= traceId= spanId= - PASSED OVER - {"id"="add-instance-config-object", "type"="execution", "author"="", "class"="DatabaseChangelog2", "method"="addInstanceConfigurationPlaceHolder"}
[2025-04-04 10:51:17,088] [main] requestId= userEmail= traceId= spanId= - PASSED OVER - {"id"="add-anonymous-user-permission-group", "type"="execution", "author"="", "class"="DatabaseChangelog2", "method"="addAnonymousUserPermissionGroup"}
[2025-04-04 10:51:17,088] [main] requestId= userEmail= traceId= spanId= - PASSED OVER - {"id"="create-themes-indices", "type"="execution", "author"="", "class"="DatabaseChangelog2", "method"="createThemesIndices"}
READY
RESULT 234
processname:backend groupname:backend pid:1696 channel:stdout
[2025-04-04 10:51:17,425] [main] requestId= userEmail= traceId= spanId= - method[createSystemThemes3] with arguments: [org.springframework.data.mongodb.core.MongoTemplate]
READY
RESULT 659
processname:backend groupname:backend pid:1696 channel:stdout
[2025-04-04 10:51:17,804] [main] requestId= userEmail= traceId= spanId= - Waiting for server to become available for operation with ID 16. Remaining time: 30000 ms. Selector: ReadPreferenceServerSelector{readPreference=primary}, topology description: {type=UNKNOWN, servers=[{address=localhost:27017, type=UNKNOWN, state=CONNECTING, exception={com.mongodb.MongoSocketOpenException: Exception opening socket}, caused by {io.netty.channel.AbstractChannel$AnnotatedConnectException: Connection refused: localhost/[0:0:0:0:0:0:0:1]:27017}, caused by {java.net.ConnectException: Connection refused}}].
READY
RESULT 860
processname:backend groupname:backend pid:1696 channel:stdout
[2025-04-04 10:51:17,814] [cluster-ClusterId{value='67efb980b3af4b146590bd25', description='null'}-localhost:27017] requestId= userEmail= traceId= spanId= - Monitor thread successfully connected to server with description ServerDescription{address=localhost:27017, type=REPLICA_SET_PRIMARY, state=CONNECTED, ok=true, minWireVersion=0, maxWireVersion=13, maxDocumentSize=16777216, logicalSessionTimeoutMinutes=30, roundTripTimeNanos=7670606, setName='mr1', canonicalAddress=localhost:27017, hosts=[localhost:27017], passives=[], arbiters=[], primary='localhost:27017', tagSet=TagSet{[]}, electionId=7fffffff000000000000000e, setVersion=1, topologyVersion=TopologyVersion{processId=67efb93dce77fd41adc85e82, counter=6}, lastWriteDate=Fri Apr 04 10:51:17 UTC 2025, lastUpdateTimeNanos=16170983016675}
READY
RESULT 886
processname:editor groupname:editor pid:1698 channel:stdout
{"level":"info","ts":1743763879.0894887,"logger":"http.log.access.log0","msg":"handled request","request":{"remote_ip":"::1","remote_port":"34532","client_ip":"::1","proto":"HTTP/1.1","method":"GET","host":"localhost","uri":"/","headers":{"User-Agent":["curl/7.68.0"],"Accept":["*/*"]}},"bytes_read":0,"user_id":"","duration":0.000581061,"size":2026,"status":200,"resp_headers":{"Vary":["Accept-Encoding"],"Last-Modified":["Fri, 04 Apr 2025 10:49:23 GMT"],"Accept-Ranges":["bytes"],"Content-Length":["2026"],"X-Appsmith-Request-Id":["16fa24d5-0c81-40d1-9302-86e402813c3a"],"X-Content-Type-Options":["nosniff"],"X-Request-Id":["invalid_request_id"],"Etag":["\"d8xsnxt4grme1ka\""],"Content-Type":["text/html; charset=utf-8"],"Content-Security-Policy":["frame-ancestors 'self' *"]},"uuid":"16fa24d5-0c81-40d1-9302-86e402813c3a"}
READY
RESULT 797
processname:editor groupname:editor pid:1698 channel:stderr
{"level":"debug","ts":1743763879.0892208,"logger":"http.handlers.rewrite","msg":"rewrote request","request":{"remote_ip":"::1","remote_port":"34532","client_ip":"::1","proto":"HTTP/1.1","method":"GET","host":"localhost","uri":"/loading.html","headers":{"User-Agent":["curl/7.68.0"],"Accept":["*/*"],"X-Request-Id":["invalid_request_id"]}},"method":"GET","uri":"/loading.html"}
{"level":"debug","ts":1743763879.08926,"logger":"http.handlers.file_server","msg":"sanitized path join","site_root":"/tmp/appsmith/www","fs":"","request_path":"/loading.html","result":"/tmp/appsmith/www/loading.html"}
{"level":"debug","ts":1743763879.08929,"logger":"http.handlers.file_server","msg":"opening file","filename":"/tmp/appsmith/www/loading.html"}
READY
RESULT 277
processname:backend groupname:backend pid:1696 channel:stdout
[2025-04-04 10:51:19,756] [main] requestId= userEmail= traceId= spanId= - RE-APPLIED - {"id"="create-system-themes-v3", "type"="execution", "author"="", "class"="DatabaseChangelog2", "method"="createSystemThemes3"}
READY
RESULT 2928
processname:backend groupname:backend pid:1696 channel:stdout
[2025-04-04 10:51:19,757] [main] requestId= userEmail= traceId= spanId= - PASSED OVER - {"id"="create-indices-on-permissions-for-performance", "type"="execution", "author"="", "class"="DatabaseChangelog2", "method"="addPermissionGroupIndex"}
[2025-04-04 10:51:19,757] [main] requestId= userEmail= traceId= spanId= - PASSED OVER - {"id"="update-bad-theme-state", "type"="execution", "author"="", "class"="DatabaseChangelog2", "method"="updateBadThemeState"}
[2025-04-04 10:51:19,757] [main] requestId= userEmail= traceId= spanId= - PASSED OVER - {"id"="add-tenant-admin-permissions-instance-admin", "type"="execution", "author"="", "class"="DatabaseChangelog2", "method"="addTenantAdminPermissionsToInstanceAdmin"}
[2025-04-04 10:51:19,757] [main] requestId= userEmail= traceId= spanId= - PASSED OVER - {"id"="add-graphql-plugin", "type"="execution", "author"="", "class"="DatabaseChangelog2", "method"="addGraphQLPlugin"}
[2025-04-04 10:51:19,757] [main] requestId= userEmail= traceId= spanId= - PASSED OVER - {"id"="indices-recommended-by-mongodb-cloud", "type"="execution", "author"="", "class"="DatabaseChangelog2", "method"="addIndicesRecommendedByMongoCloud"}
[2025-04-04 10:51:19,757] [main] requestId= userEmail= traceId= spanId= - PASSED OVER - {"id"="add-unique-index-for-uidstring", "type"="execution", "author"="", "class"="DatabaseChangelog2", "method"="addUniqueIndexOnUidString"}
[2025-04-04 10:51:19,757] [main] requestId= userEmail= traceId= spanId= - PASSED OVER - {"id"="change-readPermissionGroup-to-readPermissionGroupMembers", "type"="execution", "author"="", "class"="DatabaseChangelog2", "method"="modifyReadPermissionGroupToReadPermissionGroupMembers"}
[2025-04-04 10:51:19,757] [main] requestId= userEmail= traceId= spanId= - PASSED OVER - {"id"="delete-permissions-in-permissionGroups", "type"="execution", "author"="", "class"="DatabaseChangelog2", "method"="deletePermissionsInPermissionGroups"}
[2025-04-04 10:51:19,758] [main] requestId= userEmail= traceId= spanId= - PASSED OVER - {"id"="remove-usage-pulses-for-appsmith-cloud", "type"="execution", "author"="", "class"="DatabaseChangelog2", "method"="removeUsagePulsesForAppsmithCloud"}
[2025-04-04 10:51:19,758] [main] requestId= userEmail= traceId= spanId= - PASSED OVER - {"id"="add-ssl-mode-settings-for-existing-mssql-datasources", "type"="execution", "author"="", "class"="DatabaseChangelog2", "method"="addSslModeSettingsForExistingMssqlDatasource"}
[2025-04-04 10:51:19,758] [main] requestId= userEmail= traceId= spanId= - PASSED OVER - {"id"="add-oracle-plugin", "type"="execution", "author"="", "class"="DatabaseChangelog2", "method"="addOraclePlugin"}
[2025-04-04 10:51:19,758] [main] requestId= userEmail= traceId= spanId= - PASSED OVER - {"id"="update-oracle-plugin-name", "type"="execution", "author"="", "class"="DatabaseChangelog2", "method"="updateOraclePluginName"}
READY
RESULT 611
processname:backend groupname:backend pid:1696 channel:stdout
[2025-04-04 10:51:19,776] [main] requestId= userEmail= traceId= spanId= - method[com.appsmith.server.migrations.db.ce.Migration003AddInstanceNameToTenantConfiguration] with arguments: [org.springframework.data.mongodb.core.MongoTemplate]
[2025-04-04 10:51:19,777] [main] requestId= userEmail= traceId= spanId= - PASSED OVER - {"id"="add-instance-name-env-variable-tenant-configuration", "type"="execution", "author"="default_author", "class"="Migration003AddInstanceNameToTenantConfiguration", "method"="addInstanceNameEnvVarToTenantConfiguration"}
READY
RESULT 606
processname:backend groupname:backend pid:1696 channel:stdout
[2025-04-04 10:51:19,790] [main] requestId= userEmail= traceId= spanId= - method[com.appsmith.server.migrations.db.ce.Migration004PermissionGroupDefaultWorkspaceIdMigration] with arguments: [org.springframework.data.mongodb.core.MongoTemplate]
[2025-04-04 10:51:19,790] [main] requestId= userEmail= traceId= spanId= - PASSED OVER - {"id"="migrate-default-workspace-id-to-default-domain-id", "type"="execution", "author"="default_author", "class"="Migration004PermissionGroupDefaultWorkspaceIdMigration", "method"="defaultWorkspaceIdMigration"}
READY
RESULT 306
processname:backend groupname:backend pid:1696 channel:stdout
[2025-04-04 10:51:19,804] [main] requestId= userEmail= traceId= spanId= - method[com.appsmith.server.migrations.db.ce.Migration005CreateIndexForApplicationSnapshotMigration] with arguments: [org.springframework.data.mongodb.core.MongoTemplate]
READY
RESULT 370
processname:backend groupname:backend pid:1696 channel:stdout
[2025-04-04 10:51:19,805] [main] requestId= userEmail= traceId= spanId= - PASSED OVER - {"id"="create-index-for-application-snapshot-collection", "type"="execution", "author"="default_author", "class"="Migration005CreateIndexForApplicationSnapshotMigration", "method"="addIndexOnApplicationIdAndChunkOrder"}
READY
RESULT 293
processname:backend groupname:backend pid:1696 channel:stdout
[2025-04-04 10:51:19,821] [main] requestId= userEmail= traceId= spanId= - method[com.appsmith.server.migrations.db.ce.Migration006ResetOnPageLoadEdgesInLayouts] with arguments: [org.springframework.data.mongodb.core.MongoTemplate]
READY
RESULT 324
processname:backend groupname:backend pid:1696 channel:stdout
[2025-04-04 10:51:19,822] [main] requestId= userEmail= traceId= spanId= - PASSED OVER - {"id"="reset-on-page-load-edges-in-layouts", "type"="execution", "author"="default_author", "class"="Migration006ResetOnPageLoadEdgesInLayouts", "method"="executeMigration"}
READY
RESULT 297
processname:backend groupname:backend pid:1696 channel:stdout
[2025-04-04 10:51:19,837] [main] requestId= userEmail= traceId= spanId= - method[com.appsmith.server.migrations.db.ce.Migration007OptOutUnsupportedPluginsForAirGap] with arguments: [org.springframework.data.mongodb.core.MongoTemplate]
READY
RESULT 361
processname:backend groupname:backend pid:1696 channel:stdout
[2025-04-04 10:51:19,837] [main] requestId= userEmail= traceId= spanId= - PASSED OVER - {"id"="opt-out-unsupported-plugins-airgap-instance", "type"="execution", "author"="default_author", "class"="Migration007OptOutUnsupportedPluginsForAirGap", "method"="optOutUnsupportedPluginsForAirGapInstance"}
READY
RESULT 296
processname:backend groupname:backend pid:1696 channel:stdout
[2025-04-04 10:51:19,852] [main] requestId= userEmail= traceId= spanId= - method[com.appsmith.server.migrations.db.ce.Migration008SupportNonHostedPluginsForAirgap] with arguments: [org.springframework.data.mongodb.core.MongoTemplate]
READY
RESULT 350
processname:backend groupname:backend pid:1696 channel:stdout
[2025-04-04 10:51:19,854] [main] requestId= userEmail= traceId= spanId= - PASSED OVER - {"id"="support-non-self-hosted-plugins-for-airgap", "type"="execution", "author"="default_author", "class"="Migration008SupportNonHostedPluginsForAirgap", "method"="supportNonHostedPluginsForAirgap"}
READY
RESULT 285
processname:backend groupname:backend pid:1696 channel:stdout
[2025-04-04 10:51:19,858] [main] requestId= userEmail= traceId= spanId= - method[com.appsmith.server.migrations.db.ce.Migration009UpdateOracleLogoToSVG] with arguments: [org.springframework.data.mongodb.core.MongoTemplate]
READY
RESULT 311
processname:backend groupname:backend pid:1696 channel:stdout
[2025-04-04 10:51:19,858] [main] requestId= userEmail= traceId= spanId= - PASSED OVER - {"id"="update-oracle-logo-to-svg", "type"="execution", "author"="default_author", "class"="Migration009UpdateOracleLogoToSVG", "method"="updateOracleLogoToSVG"}
READY
RESULT 540
processname:backend groupname:backend pid:1696 channel:stdout
[2025-04-04 10:51:19,862] [main] requestId= userEmail= traceId= spanId= - method[com.appsmith.server.migrations.db.ce.Migration010UpdatePluginDocsLink] with arguments: [org.springframework.data.mongodb.core.MongoTemplate]
[2025-04-04 10:51:19,869] [main] requestId= userEmail= traceId= spanId= - PASSED OVER - {"id"="update-plugins-docs-link", "type"="execution", "author"="default_author", "class"="Migration010UpdatePluginDocsLink", "method"="updatePluginDocumentationLinks"}
READY
RESULT 715
processname:backend groupname:backend pid:1696 channel:stdout
[2025-04-04 10:51:19,878] [main] requestId= userEmail= traceId= spanId= - method[com.appsmith.server.migrations.db.ce.Migration011CreateIndexDefaultDomainIdDefaultDomainTypeDropIndexDefaultWorkspaceId] with arguments: [org.springframework.data.mongodb.core.MongoTemplate]
[2025-04-04 10:51:19,879] [main] requestId= userEmail= traceId= spanId= - PASSED OVER - {"id"="create-index-default-domain-id-default-domain-type", "type"="execution", "author"="default_author", "class"="Migration011CreateIndexDefaultDomainIdDefaultDomainTypeDropIndexDefaultWorkspaceId", "method"="createNewIndexDefaultDomainIdDefaultDomainTypeAndDropOldIndexDefaultWorkspaceId"}
READY
RESULT 354
processname:backend groupname:backend pid:1696 channel:stdout
[2025-04-04 10:51:19,944] [main] requestId= userEmail= traceId= spanId= - method[com.appsmith.server.migrations.db.ce.Migration012RemoveStructureFromWithinDatasource] with arguments: [org.springframework.data.mongodb.core.MongoOperations, org.springframework.data.mongodb.core.MongoTemplate]
READY
RESULT 343
processname:backend groupname:backend pid:1696 channel:stdout
[2025-04-04 10:51:19,945] [main] requestId= userEmail= traceId= spanId= - PASSED OVER - {"id"="remove-structure-from-within-datasource-modified", "type"="execution", "author"="default_author", "class"="Migration012RemoveStructureFromWithinDatasource", "method"="executeMigration"}
READY
RESULT 292
processname:backend groupname:backend pid:1696 channel:stdout
[2025-04-04 10:51:19,949] [main] requestId= userEmail= traceId= spanId= - method[com.appsmith.server.migrations.db.ce.Migration013AddEmailBodyTypeToSMTPPlugin] with arguments: [org.springframework.data.mongodb.core.MongoTemplate]
READY
RESULT 316
processname:backend groupname:backend pid:1696 channel:stdout
[2025-04-04 10:51:19,964] [main] requestId= userEmail= traceId= spanId= - PASSED OVER - {"id"="add-smtp-email-body-type", "type"="execution", "author"="default_author", "class"="Migration013AddEmailBodyTypeToSMTPPlugin", "method"="addSmtpEmailBodyType"}
READY
RESULT 558
processname:backend groupname:backend pid:1696 channel:stdout
[2025-04-04 10:51:19,968] [main] requestId= userEmail= traceId= spanId= - method[com.appsmith.server.migrations.db.ce.Migration014AddIndexToDatasourceStorage] with arguments: [org.springframework.data.mongodb.core.MongoTemplate]
[2025-04-04 10:51:19,968] [main] requestId= userEmail= traceId= spanId= - PASSED OVER - {"id"="index-for-datasource-storage", "type"="execution", "author"="default_author", "class"="Migration014AddIndexToDatasourceStorage", "method"="addingIndexToDatasourceStorage"}
READY
RESULT 585
processname:backend groupname:backend pid:1696 channel:stdout
[2025-04-04 10:51:19,980] [main] requestId= userEmail= traceId= spanId= - method[com.appsmith.server.migrations.db.ce.Migration015AddPluginTypeIndexToNewActionCollection] with arguments: [org.springframework.data.mongodb.core.MongoTemplate]
[2025-04-04 10:51:19,982] [main] requestId= userEmail= traceId= spanId= - PASSED OVER - {"id"="app-id-plugin-type-index-for-new-action", "type"="execution", "author"="default_author", "class"="Migration015AddPluginTypeIndexToNewActionCollection", "method"="addingIndexToNewAction"}
READY
RESULT 290
processname:backend groupname:backend pid:1696 channel:stdout
[2025-04-04 10:51:19,986] [main] requestId= userEmail= traceId= spanId= - method[com.appsmith.server.migrations.db.ce.Migration016RenameIndexesWithLongNames] with arguments: [org.springframework.data.mongodb.core.MongoTemplate]
READY
RESULT 316
processname:backend groupname:backend pid:1696 channel:stdout
[2025-04-04 10:51:19,987] [main] requestId= userEmail= traceId= spanId= - PASSED OVER - {"id"="rename-indexes-with-long-names", "type"="execution", "author"="default_author", "class"="Migration016RenameIndexesWithLongNames", "method"="executeMigration"}
READY
RESULT 293
processname:backend groupname:backend pid:1696 channel:stdout
[2025-04-04 10:51:19,996] [main] requestId= userEmail= traceId= spanId= - method[com.appsmith.server.migrations.db.ce.Migration017UnsetEncryptionVersion2Fields] with arguments: [org.springframework.data.mongodb.core.MongoTemplate]
READY
RESULT 336
processname:backend groupname:backend pid:1696 channel:stdout
[2025-04-04 10:51:20,003] [main] requestId= userEmail= traceId= spanId= - PASSED OVER - {"id"="unset-not-encrypted-encryption-version-2-fields", "type"="execution", "author"="default_author", "class"="Migration017UnsetEncryptionVersion2Fields", "method"="executeMigration"}
READY
RESULT 567
processname:backend groupname:backend pid:1696 channel:stdout
[2025-04-04 10:51:20,007] [main] requestId= userEmail= traceId= spanId= - method[com.appsmith.server.migrations.db.ce.Migration018UpdateOraclePluginDocumentationLink] with arguments: [org.springframework.data.mongodb.core.MongoTemplate]
[2025-04-04 10:51:20,007] [main] requestId= userEmail= traceId= spanId= - PASSED OVER - {"id"="update-oracle-doc-link", "type"="execution", "author"="default_author", "class"="Migration018UpdateOraclePluginDocumentationLink", "method"="updateOracleDocumentationLink"}
READY
RESULT 578
processname:backend groupname:backend pid:1696 channel:stdout
[2025-04-04 10:51:20,020] [main] requestId= userEmail= traceId= spanId= - method[com.appsmith.server.migrations.db.ce.Migration019RemoveNullEnvIdDatasourceStructureDocuments] with arguments: [org.springframework.data.mongodb.core.MongoTemplate]
[2025-04-04 10:51:20,022] [main] requestId= userEmail= traceId= spanId= - PASSED OVER - {"id"="delete-null-envId-key-document", "type"="execution", "author"="default_author", "class"="Migration019RemoveNullEnvIdDatasourceStructureDocuments", "method"="executeMigration"}
READY
RESULT 351
processname:backend groupname:backend pid:1696 channel:stdout
[2025-04-04 10:51:20,044] [main] requestId= userEmail= traceId= spanId= - method[com.appsmith.server.migrations.db.ce.Migration021MoveGoogleMapsKeyToTenantConfiguration] with arguments: [org.springframework.data.mongodb.core.MongoTemplate, com.appsmith.server.configurations.CommonConfig]
READY
RESULT 342
processname:backend groupname:backend pid:1696 channel:stdout
[2025-04-04 10:51:20,045] [main] requestId= userEmail= traceId= spanId= - PASSED OVER - {"id"="move-google-maps-key-to-tenant-configuration", "type"="execution", "author"="default_author", "class"="Migration021MoveGoogleMapsKeyToTenantConfiguration", "method"="executeMigration"}
READY
RESULT 316
processname:backend groupname:backend pid:1696 channel:stdout
[2025-04-04 10:51:20,057] [main] requestId= userEmail= traceId= spanId= - method[com.appsmith.server.migrations.db.ce.Migration022AddConnectionMethodDefaultValueToAllMySQLDatasources] with arguments: [org.springframework.data.mongodb.core.MongoTemplate]
READY
RESULT 1084
processname:backend groupname:backend pid:1696 channel:stdout
[2025-04-04 10:51:20,058] [main] requestId= userEmail= traceId= spanId= - PASSED OVER - {"id"="add-connection-method-default-value-for-mysql", "type"="execution", "author"="default_author", "class"="Migration022AddConnectionMethodDefaultValueToAllMySQLDatasources", "method"="updateConnectionMethodDefaultValueForMySQL"}
[2025-04-04 10:51:20,061] [main] requestId= userEmail= traceId= spanId= - method[com.appsmith.server.migrations.db.ce.Migration023UpdateJSPluginIcon] with arguments: [org.springframework.data.mongodb.core.MongoTemplate]
[2025-04-04 10:51:20,061] [main] requestId= userEmail= traceId= spanId= - PASSED OVER - {"id"="update-js-plugin-icon", "type"="execution", "author"="default_author", "class"="Migration023UpdateJSPluginIcon", "method"="executeMigration"}
[2025-04-04 10:51:20,072] [main] requestId= userEmail= traceId= spanId= - method[com.appsmith.server.migrations.db.ce.Migration024EnableGenerateCRUDPageToggleForMssqlPlugin] with arguments: [org.springframework.data.mongodb.core.MongoTemplate]
READY
RESULT 349
processname:backend groupname:backend pid:1696 channel:stdout
[2025-04-04 10:51:20,073] [main] requestId= userEmail= traceId= spanId= - PASSED OVER - {"id"="enable-generate-crud-page-for-mssql", "type"="execution", "author"="default_author", "class"="Migration024EnableGenerateCRUDPageToggleForMssqlPlugin", "method"="enableGenerateCRUDPageToggle"}
READY
RESULT 1111
processname:backend groupname:backend pid:1696 channel:stdout
[2025-04-04 10:51:20,078] [main] requestId= userEmail= traceId= spanId= - method[com.appsmith.server.migrations.db.ce.Migration025AddIndexDeletedInApplication] with arguments: [org.springframework.data.mongodb.core.MongoTemplate]
[2025-04-04 10:51:20,078] [main] requestId= userEmail= traceId= spanId= - PASSED OVER - {"id"="add-index-application-deleted", "type"="execution", "author"="default_author", "class"="Migration025AddIndexDeletedInApplication", "method"="createIndexInApplicationCollection"}
[2025-04-04 10:51:20,081] [main] requestId= userEmail= traceId= spanId= - method[com.appsmith.server.migrations.db.ce.Migration025RemoveUnassignPermissionFromUnnecessaryRoles] with arguments: [org.springframework.data.mongodb.core.MongoTemplate]
[2025-04-04 10:51:20,082] [main] requestId= userEmail= traceId= spanId= - PASSED OVER - {"id"="remove-unassign-permission-from-workspace-dev-viewer-roles", "type"="execution", "author"="default_author", "class"="Migration025RemoveUnassignPermissionFromUnnecessaryRoles", "method"="executeMigration"}
READY
RESULT 1107
processname:backend groupname:backend pid:1696 channel:stdout
[2025-04-04 10:51:20,093] [main] requestId= userEmail= traceId= spanId= - method[com.appsmith.server.migrations.db.ce.Migration026AddIndexTenantAndDeletedInWorkspace] with arguments: [org.springframework.data.mongodb.core.MongoTemplate]
[2025-04-04 10:51:20,094] [main] requestId= userEmail= traceId= spanId= - PASSED OVER - {"id"="add-index-workspace-tenant-deleted", "type"="execution", "author"="default_author", "class"="Migration026AddIndexTenantAndDeletedInWorkspace", "method"="addIndexInWorkspaceCollection"}
[2025-04-04 10:51:20,098] [main] requestId= userEmail= traceId= spanId= - method[com.appsmith.server.migrations.db.ce.Migration027AddIndexDatasourceIdAndDeletedInAction] with arguments: [org.springframework.data.mongodb.core.MongoTemplate]
[2025-04-04 10:51:20,099] [main] requestId= userEmail= traceId= spanId= - PASSED OVER - {"id"="new-action-compound-index-datasource-id", "type"="execution", "author"="default_author", "class"="Migration027AddIndexDatasourceIdAndDeletedInAction", "method"="addIndexInNewActionCollection"}
READY
RESULT 315
processname:backend groupname:backend pid:1696 channel:stdout
[2025-04-04 10:51:20,108] [main] requestId= userEmail= traceId= spanId= - method[com.appsmith.server.migrations.db.ce.Migration028TagUserManagementRolesWithoutDefaultDomainTypeAndId] with arguments: [org.springframework.data.mongodb.core.MongoTemplate]
READY
RESULT 406
processname:backend groupname:backend pid:1696 channel:stdout
[2025-04-04 10:51:20,108] [main] requestId= userEmail= traceId= spanId= - PASSED OVER - {"id"="tag-user-management-roles-without-default-domain-type-and-id", "type"="execution", "author"="default_author", "class"="Migration028TagUserManagementRolesWithoutDefaultDomainTypeAndId", "method"="tagUserManagementRolesWithoutDefaultDomainTypeAndId"}
READY
RESULT 308
processname:backend groupname:backend pid:1696 channel:stdout
[2025-04-04 10:51:20,113] [main] requestId= userEmail= traceId= spanId= - method[com.appsmith.server.migrations.db.ce.Migration029PopulateDefaultDomainIdInUserManagementRoles] with arguments: [org.springframework.data.mongodb.core.MongoTemplate]
READY
RESULT 905
processname:backend groupname:backend pid:1696 channel:stdout
[2025-04-04 10:51:20,113] [main] requestId= userEmail= traceId= spanId= - PASSED OVER - {"id"="populate-default-domain-id-in-user-management-roles", "type"="execution", "author"="default_author", "class"="Migration029PopulateDefaultDomainIdInUserManagementRoles", "method"="populateDefaultDomainIdInUserManagementRoles"}
[2025-04-04 10:51:20,116] [main] requestId= userEmail= traceId= spanId= - method[com.appsmith.server.migrations.db.ce.Migration030TagUsersWithNoUserManagementRoles] with arguments: [org.springframework.data.mongodb.core.MongoTemplate]
[2025-04-04 10:51:20,117] [main] requestId= userEmail= traceId= spanId= - PASSED OVER - {"id"="tag-users-with-no-user-management-roles", "type"="execution", "author"="default_author", "class"="Migration030TagUsersWithNoUserManagementRoles", "method"="tagUsersWithNoUserManagementRoles"}
READY
RESULT 1680
processname:backend groupname:backend pid:1696 channel:stdout
[2025-04-04 10:51:20,131] [main] requestId= userEmail= traceId= spanId= - method[com.appsmith.server.migrations.db.ce.Migration031CreateUserManagementRolesForUsersTaggedIn030] with arguments: [org.springframework.data.mongodb.core.MongoTemplate, com.appsmith.server.solutions.PolicySolution]
[2025-04-04 10:51:20,132] [main] requestId= userEmail= traceId= spanId= - PASSED OVER - {"id"="create-user-management-roles-for-users-tagged-in-migration-030", "type"="execution", "author"="default_author", "class"="Migration031CreateUserManagementRolesForUsersTaggedIn030", "method"="createUserManagementRolesForUsersTaggedInMigration030"}
[2025-04-04 10:51:20,135] [main] requestId= userEmail= traceId= spanId= - method[com.appsmith.server.migrations.db.ce.Migration032AddingXmlParserToApplicationLibraries] with arguments: [org.springframework.data.mongodb.core.MongoTemplate]
[2025-04-04 10:51:20,135] [main] requestId= userEmail= traceId= spanId= - PASSED OVER - {"id"="add-xml-parser-to-application-jslibs", "type"="execution", "author"="default_author", "class"="Migration032AddingXmlParserToApplicationLibraries", "method"="addXmlParserEntryToEachApplication"}
[2025-04-04 10:51:20,138] [main] requestId= userEmail= traceId= spanId= - method[com.appsmith.server.migrations.db.ce.Migration033AddOpenAIPlugin] with arguments: [org.springframework.data.mongodb.core.MongoTemplate]
[2025-04-04 10:51:20,138] [main] requestId= userEmail= traceId= spanId= - PASSED OVER - {"id"="add-open-ai-plugin", "type"="execution", "author"="default_author", "class"="Migration033AddOpenAIPlugin", "method"="addPluginToDbAndWorkspace"}
READY
RESULT 594
processname:backend groupname:backend pid:1696 channel:stdout
[2025-04-04 10:51:20,151] [main] requestId= userEmail= traceId= spanId= - method[com.appsmith.server.migrations.db.ce.Migration034ChangeOpenAIIntegrationDocumentationLink] with arguments: [org.springframework.data.mongodb.core.MongoTemplate]
[2025-04-04 10:51:20,152] [main] requestId= userEmail= traceId= spanId= - PASSED OVER - {"id"="change-open-ai-integration-documentation-link", "type"="execution", "author"="default_author", "class"="Migration034ChangeOpenAIIntegrationDocumentationLink", "method"="changeDocumentationLink"}
READY
RESULT 1195
processname:backend groupname:backend pid:1696 channel:stdout
[2025-04-04 10:51:20,163] [main] requestId= userEmail= traceId= spanId= - method[com.appsmith.server.migrations.db.ce.Migration035AddAnthropicPlugin] with arguments: [org.springframework.data.mongodb.core.MongoTemplate]
[2025-04-04 10:51:20,163] [main] requestId= userEmail= traceId= spanId= - PASSED OVER - {"id"="add-anthropic-plugin", "type"="execution", "author"="default_author", "class"="Migration035AddAnthropicPlugin", "method"="addPluginToDbAndWorkspace"}
[2025-04-04 10:51:20,171] [main] requestId= userEmail= traceId= spanId= - method[com.appsmith.server.migrations.db.ce.Migration035RemoveMockDbEndPointInDatasourceInSelfHostedInstance] with arguments: [org.springframework.data.mongodb.core.MongoTemplate, com.appsmith.server.configurations.CommonConfig, com.appsmith.server.solutions.EnvManager]
[2025-04-04 10:51:20,172] [main] requestId= userEmail= traceId= spanId= - PASSED OVER - {"id"="remove-mockdb-endpoint-in-datasource-self-hosted-instance", "type"="execution", "author"="default_author", "class"="Migration035RemoveMockDbEndPointInDatasourceInSelfHostedInstance", "method"="removeMockDbEndpointInDatasource"}
READY
RESULT 1619
processname:backend groupname:backend pid:1696 channel:stdout
[2025-04-04 10:51:20,183] [main] requestId= userEmail= traceId= spanId= - method[com.appsmith.server.migrations.db.ce.Migration036AddRecentlyUsedEntitiesForUserData] with arguments: [org.springframework.data.mongodb.core.MongoTemplate]
[2025-04-04 10:51:20,184] [main] requestId= userEmail= traceId= spanId= - PASSED OVER - {"id"="add-recently-used-entities-for-user", "type"="execution", "author"="default_author", "class"="Migration036AddRecentlyUsedEntitiesForUserData", "method"="addRecentlyUsedEntitiesForUserData"}
[2025-04-04 10:51:20,186] [main] requestId= userEmail= traceId= spanId= - method[com.appsmith.server.migrations.db.ce.Migration037AddCompoundIndexForNameAndDeletedAt] with arguments: [org.springframework.data.mongodb.core.MongoTemplate]
[2025-04-04 10:51:20,187] [main] requestId= userEmail= traceId= spanId= - PASSED OVER - {"id"="add-compound-index-name-deleted", "type"="execution", "author"="default_author", "class"="Migration037AddCompoundIndexForNameAndDeletedAt", "method"="addIndexInWorkspaceAndApplicationsCollection"}
[2025-04-04 10:51:20,190] [main] requestId= userEmail= traceId= spanId= - method[com.appsmith.server.migrations.db.ce.Migration037MarkAnonymousUserAsSystemGenerated] with arguments: [org.springframework.data.mongodb.core.MongoTemplate]
[2025-04-04 10:51:20,192] [main] requestId= userEmail= traceId= spanId= - PASSED OVER - {"id"="mark-anonymous-user-as-system-generated", "type"="execution", "author"="default_author", "class"="Migration037MarkAnonymousUserAsSystemGenerated", "method"="executeMigration"}
READY
RESULT 578
processname:backend groupname:backend pid:1696 channel:stdout
[2025-04-04 10:51:20,201] [main] requestId= userEmail= traceId= spanId= - method[com.appsmith.server.migrations.db.ce.Migration038AddCompoundIndexForActionCollection] with arguments: [org.springframework.data.mongodb.core.MongoTemplate]
[2025-04-04 10:51:20,202] [main] requestId= userEmail= traceId= spanId= - PASSED OVER - {"id"="add-compound-index-action-collection", "type"="execution", "author"="default_author", "class"="Migration038AddCompoundIndexForActionCollection", "method"="addIndexInActionCollection"}
READY
RESULT 281
processname:backend groupname:backend pid:1696 channel:stdout
[2025-04-04 10:51:20,205] [main] requestId= userEmail= traceId= spanId= - method[com.appsmith.server.migrations.db.ce.Migration038AddGoogleAIPlugin] with arguments: [org.springframework.data.mongodb.core.MongoTemplate]
READY
RESULT 306
processname:backend groupname:backend pid:1696 channel:stdout
[2025-04-04 10:51:20,206] [main] requestId= userEmail= traceId= spanId= - PASSED OVER - {"id"="add-google-ai-plugin", "type"="execution", "author"="default_author", "class"="Migration038AddGoogleAIPlugin", "method"="addPluginToDbAndWorkspace"}
READY
RESULT 592
processname:backend groupname:backend pid:1696 channel:stdout
[2025-04-04 10:51:20,219] [main] requestId= userEmail= traceId= spanId= - method[com.appsmith.server.migrations.db.ce.Migration039AddCompoundIndexForDatasourceStorage] with arguments: [org.springframework.data.mongodb.core.MongoTemplate]
[2025-04-04 10:51:20,220] [main] requestId= userEmail= traceId= spanId= - PASSED OVER - {"id"="add-compound-index-datasource-storage", "type"="execution", "author"="default_author", "class"="Migration039AddCompoundIndexForDatasourceStorage", "method"="addIndexInDatasourceStorageCollection"}
READY
RESULT 1970
processname:backend groupname:backend pid:1696 channel:stdout
[2025-04-04 10:51:20,223] [main] requestId= userEmail= traceId= spanId= - method[com.appsmith.server.migrations.db.ce.Migration039AddDatabricksPlugin] with arguments: [org.springframework.data.mongodb.core.MongoTemplate]
[2025-04-04 10:51:20,224] [main] requestId= userEmail= traceId= spanId= - PASSED OVER - {"id"="add-databricks-plugin", "type"="execution", "author"="default_author", "class"="Migration039AddDatabricksPlugin", "method"="addPluginToDbAndWorkspace"}
[2025-04-04 10:51:20,236] [main] requestId= userEmail= traceId= spanId= - method[com.appsmith.server.migrations.db.ce.Migration039OpenAIMessagesJsToggle] with arguments: [org.springframework.data.mongodb.core.MongoTemplate]
[2025-04-04 10:51:20,237] [main] requestId= userEmail= traceId= spanId= - PASSED OVER - {"id"="move-messages-to-data-key-in-openai", "type"="execution", "author"="default_author", "class"="Migration039OpenAIMessagesJsToggle", "method"="moveMessagesToDataKeyForSupportingJsToggle"}
[2025-04-04 10:51:20,241] [main] requestId= userEmail= traceId= spanId= - method[com.appsmith.server.migrations.db.ce.Migration040AddAWSLambdaPlugin] with arguments: [org.springframework.data.mongodb.core.MongoTemplate]
[2025-04-04 10:51:20,241] [main] requestId= userEmail= traceId= spanId= - PASSED OVER - {"id"="add-aws-lambda-plugin", "type"="execution", "author"="default_author", "class"="Migration040AddAWSLambdaPlugin", "method"="addPluginToDbAndWorkspace"}
[2025-04-04 10:51:20,243] [main] requestId= userEmail= traceId= spanId= - method[com.appsmith.server.migrations.db.ce.Migration040AddAppsmithAiPlugin] with arguments: [org.springframework.data.mongodb.core.MongoTemplate]
[2025-04-04 10:51:20,244] [main] requestId= userEmail= traceId= spanId= - PASSED OVER - {"id"="add-appsmith-ai-plugin", "type"="execution", "author"="default_author", "class"="Migration040AddAppsmithAiPlugin", "method"="addPluginToDbAndWorkspace"}
READY
RESULT 639
processname:backend groupname:backend pid:1696 channel:stdout
[2025-04-04 10:51:20,256] [main] requestId= userEmail= traceId= spanId= - method[com.appsmith.server.migrations.db.ce.Migration041TagWorkspacesForGitOperationsPermissionMigration] with arguments: [org.springframework.data.mongodb.core.MongoTemplate]
[2025-04-04 10:51:20,257] [main] requestId= userEmail= traceId= spanId= - PASSED OVER - {"id"="tag-workspaces-to-migrate-adding-git-permissions", "type"="execution", "author"="default_author", "class"="Migration041TagWorkspacesForGitOperationsPermissionMigration", "method"="addPermissionForGitOperationsToExistingWorkspaces"}
READY
RESULT 294
processname:backend groupname:backend pid:1696 channel:stdout
[2025-04-04 10:51:20,263] [main] requestId= userEmail= traceId= spanId= - method[com.appsmith.server.migrations.db.ce.Migration042AddPermissionsForGitOperations] with arguments: [org.springframework.data.mongodb.core.MongoTemplate]
READY
RESULT 359
processname:backend groupname:backend pid:1696 channel:stdout
[2025-04-04 10:51:20,264] [main] requestId= userEmail= traceId= spanId= - PASSED OVER - {"id"="add-permissions-for-git-operations", "type"="execution", "author"="default_author", "class"="Migration042AddPermissionsForGitOperations", "method"="addPermissionForGitOperationsToExistingApplications"}
READY
RESULT 597
processname:backend groupname:backend pid:1696 channel:stdout
[2025-04-04 10:51:20,274] [main] requestId= userEmail= traceId= spanId= - method[com.appsmith.server.migrations.db.ce.Migration043AddIndexActionCollectionPageID] with arguments: [org.springframework.data.mongodb.core.MongoTemplate]
[2025-04-04 10:51:20,274] [main] requestId= userEmail= traceId= spanId= - PASSED OVER - {"id"="add-index-to-action-collection-default-resources-pageid", "type"="execution", "author"="default_author", "class"="Migration043AddIndexActionCollectionPageID", "method"="addIndexToActionCollectionCollection"}
READY
RESULT 546
processname:backend groupname:backend pid:1696 channel:stdout
[2025-04-04 10:51:20,277] [main] requestId= userEmail= traceId= spanId= - method[com.appsmith.server.migrations.db.ce.Migration044AddIndexesToDomainObjects] with arguments: [org.springframework.data.mongodb.core.MongoTemplate]
[2025-04-04 10:51:20,278] [main] requestId= userEmail= traceId= spanId= - PASSED OVER - {"id"="add-index-to-domain-objects", "type"="execution", "author"="default_author", "class"="Migration044AddIndexesToDomainObjects", "method"="addIndexToDomainObjects"}
READY
RESULT 3874
processname:backend groupname:backend pid:1696 channel:stdout
[2025-04-04 10:51:20,281] [main] requestId= userEmail= traceId= spanId= - method[com.appsmith.server.migrations.db.ce.Migration045AddDefaultAppsmithAiDatasourceForOrphanActions] with arguments: [org.springframework.data.mongodb.core.MongoTemplate]
[2025-04-04 10:51:20,282] [main] requestId= userEmail= traceId= spanId= - PASSED OVER - {"id"="add-default-appsmith-datasource", "type"="execution", "author"="default_author", "class"="Migration045AddDefaultAppsmithAiDatasourceForOrphanActions", "method"="addDefaultAppsmithAiDatasourceForOrphanActions"}
[2025-04-04 10:51:20,297] [main] requestId= userEmail= traceId= spanId= - method[com.appsmith.server.migrations.db.ce.Migration046DeleteArchivedPlugins] with arguments: [org.springframework.data.mongodb.core.MongoTemplate]
[2025-04-04 10:51:20,298] [main] requestId= userEmail= traceId= spanId= - PASSED OVER - {"id"="delete-archived-pluginsd", "type"="execution", "author"="default_author", "class"="Migration046DeleteArchivedPlugins", "method"="deleteArchivedPlugins"}
[2025-04-04 10:51:20,301] [main] requestId= userEmail= traceId= spanId= - method[com.appsmith.server.migrations.db.ce.Migration047AddMissingFieldsInDefaultAppsmithAiDatasource] with arguments: [org.springframework.data.mongodb.core.MongoTemplate]
[2025-04-04 10:51:20,305] [main] requestId= userEmail= traceId= spanId= - PASSED OVER - {"id"="add-missing-fields-in-default-appsmith-datasource", "type"="execution", "author"="default_author", "class"="Migration047AddMissingFieldsInDefaultAppsmithAiDatasource", "method"="addMissingFieldsInDefaultAppsmithAiDatasource"}
[2025-04-04 10:51:20,317] [main] requestId= userEmail= traceId= spanId= - method[com.appsmith.server.migrations.db.ce.Migration048AddCompoundIndexToUserEntity] with arguments: [org.springframework.data.mongodb.core.MongoTemplate]
[2025-04-04 10:51:20,317] [main] requestId= userEmail= traceId= spanId= - PASSED OVER - {"id"="add-compound-index-in-user-collection", "type"="execution", "author"="default_author", "class"="Migration048AddCompoundIndexToUserEntity", "method"="addMissingIndexInUserCollection"}
[2025-04-04 10:51:20,320] [main] requestId= userEmail= traceId= spanId= - method[com.appsmith.server.migrations.db.ce.Migration049RemoveLayoutBaseFields] with arguments: [org.springframework.data.mongodb.core.MongoTemplate]
[2025-04-04 10:51:20,329] [main] requestId= userEmail= traceId= spanId= - PASSED OVER - {"id"="remove-layout-base-fields", "type"="execution", "author"="default_author", "class"="Migration049RemoveLayoutBaseFields", "method"="execute"}
[2025-04-04 10:51:20,334] [main] requestId= userEmail= traceId= spanId= - method[com.appsmith.server.migrations.db.ce.Migration050MoveAnthropicLegacyModelsInQueries] with arguments: [org.springframework.data.mongodb.core.MongoTemplate]
[2025-04-04 10:51:20,334] [main] requestId= userEmail= traceId= spanId= - PASSED OVER - {"id"="move-anthropic-legacy-models", "type"="execution", "author"="default_author", "class"="Migration050MoveAnthropicLegacyModelsInQueries", "method"="moveAnthropicLegacyModelsInQueries"}
[2025-04-04 10:51:20,337] [main] requestId= userEmail= traceId= spanId= - method[com.appsmith.server.migrations.db.ce.Migration051AddNewActionCollectionIdIndex] with arguments: [org.springframework.data.mongodb.core.MongoTemplate]
[2025-04-04 10:51:20,338] [main] requestId= userEmail= traceId= spanId= - PASSED OVER - {"id"="add-idx-new-action-coll-id", "type"="execution", "author"="default_author", "class"="Migration051AddNewActionCollectionIdIndex", "method"="addMissingIndexInNewActionCollection"}
[2025-04-04 10:51:20,343] [main] requestId= userEmail= traceId= spanId= - method[com.appsmith.server.migrations.db.ce.Migration052RemoveInvalidPluginsInWorkspaces] with arguments: [org.springframework.data.mongodb.core.MongoTemplate]
READY
RESULT 569
processname:backend groupname:backend pid:1696 channel:stdout
[2025-04-04 10:51:20,346] [main] requestId= userEmail= traceId= spanId= - PASSED OVER - {"id"="remove-invalid-plugins-in-workspaces", "type"="execution", "author"="default_author", "class"="Migration052RemoveInvalidPluginsInWorkspaces", "method"="execute"}
[2025-04-04 10:51:20,354] [main] requestId= userEmail= traceId= spanId= - method[com.appsmith.server.migrations.db.ce.Migration053AddApplicationDeletePagePermissionToApplications] with arguments: [org.springframework.data.mongodb.core.MongoTemplate]
READY
RESULT 637
processname:backend groupname:backend pid:1696 channel:stdout
[2025-04-04 10:51:20,355] [main] requestId= userEmail= traceId= spanId= - PASSED OVER - {"id"="add-app-delete-pages-permission-to-application", "type"="execution", "author"="default_author", "class"="Migration053AddApplicationDeletePagePermissionToApplications", "method"="addApplicationDeletePagesPermissionToApplication"}
[2025-04-04 10:51:20,358] [main] requestId= userEmail= traceId= spanId= - method[com.appsmith.server.migrations.db.ce.Migration055AddIsAtomicPushAllowedEnvVarToTenantConfiguration] with arguments: [org.springframework.data.mongodb.core.MongoTemplate]
READY
RESULT 369
processname:backend groupname:backend pid:1696 channel:stdout
[2025-04-04 10:51:20,359] [main] requestId= userEmail= traceId= spanId= - PASSED OVER - {"id"="add-is-atomic-push-allowed-env-variable-tenant-configuration", "type"="execution", "author"="default_author", "class"="Migration055AddIsAtomicPushAllowedEnvVarToTenantConfiguration", "method"="executeMigration"}
READY
RESULT 608
processname:backend groupname:backend pid:1696 channel:stdout
[2025-04-04 10:51:20,368] [main] requestId= userEmail= traceId= spanId= - method[com.appsmith.server.migrations.db.ce.Migration056AddBranchNameAndDefaultArtifactIndexToApplication] with arguments: [org.springframework.data.mongodb.core.MongoTemplate]
[2025-04-04 10:51:20,369] [main] requestId= userEmail= traceId= spanId= - PASSED OVER - {"id"="add-idx-branch-name-default-artifact-id", "type"="execution", "author"="default_author", "class"="Migration056AddBranchNameAndDefaultArtifactIndexToApplication", "method"="createIndexForApplication"}
READY
RESULT 511
processname:backend groupname:backend pid:1696 channel:stdout
[2025-04-04 10:51:20,372] [main] requestId= userEmail= traceId= spanId= - method[com.appsmith.server.migrations.db.ce.Migration057MoveDRToBaseIds] with arguments: [org.springframework.data.mongodb.core.MongoTemplate]
[2025-04-04 10:51:20,373] [main] requestId= userEmail= traceId= spanId= - PASSED OVER - {"id"="move-dr-to-base-ids", "type"="execution", "author"="default_author", "class"="Migration057MoveDRToBaseIds", "method"="executeMigration"}
READY
RESULT 542
processname:backend groupname:backend pid:1696 channel:stdout
[2025-04-04 10:51:20,376] [main] requestId= userEmail= traceId= spanId= - method[com.appsmith.server.migrations.db.ce.Migration058AddIndexesToBranchAwareDomains] with arguments: [org.springframework.data.mongodb.core.MongoTemplate]
[2025-04-04 10:51:20,377] [main] requestId= userEmail= traceId= spanId= - PASSED OVER - {"id"="add-idx-branch-aware", "type"="execution", "author"="default_author", "class"="Migration058AddIndexesToBranchAwareDomains", "method"="executeMigration"}
READY
RESULT 352
processname:backend groupname:backend pid:1696 channel:stdout
[2025-04-04 10:51:20,452] [main] requestId= userEmail= traceId= spanId= - method[com.appsmith.server.migrations.db.ce.Migration059PolicySetToPolicyMap] with arguments: [org.springframework.data.mongodb.core.ReactiveMongoTemplate, com.appsmith.server.repositories.CacheableRepositoryHelper]
READY
RESULT 295
processname:backend groupname:backend pid:1696 channel:stdout
[2025-04-04 10:51:20,453] [main] requestId= userEmail= traceId= spanId= - PASSED OVER - {"id"="policy-set-to-policy-map", "type"="execution", "author"="default_author", "class"="Migration059PolicySetToPolicyMap", "method"="execute"}
READY
RESULT 524
processname:backend groupname:backend pid:1696 channel:stdout
[2025-04-04 10:51:20,456] [main] requestId= userEmail= traceId= spanId= - method[com.appsmith.server.migrations.db.ce.Migration060AddIndexesForPolicyMap] with arguments: [org.springframework.data.mongodb.core.MongoTemplate]
[2025-04-04 10:51:20,457] [main] requestId= userEmail= traceId= spanId= - PASSED OVER - {"id"="add-idx-policy-map", "type"="execution", "author"="default_author", "class"="Migration060AddIndexesForPolicyMap", "method"="executeMigration"}
READY
RESULT 606
processname:backend groupname:backend pid:1696 channel:stdout
[2025-04-04 10:51:20,467] [main] requestId= userEmail= traceId= spanId= - method[com.appsmith.server.migrations.db.ce.Migration061TenantPolicySetToPolicyMap] with arguments: [org.springframework.data.mongodb.core.MongoTemplate, com.appsmith.server.repositories.CacheableRepositoryHelper]
[2025-04-04 10:51:20,467] [main] requestId= userEmail= traceId= spanId= - PASSED OVER - {"id"="migrate-policy-set-to-map-tenant", "type"="execution", "author"="default_author", "class"="Migration061TenantPolicySetToPolicyMap", "method"="executeMigration"}
READY
RESULT 302
processname:backend groupname:backend pid:1696 channel:stdout
[2025-04-04 10:51:20,470] [main] requestId= userEmail= traceId= spanId= - method[com.appsmith.server.migrations.db.ce.Migration062AddEmptyPolicyMapForNullValues] with arguments: [org.springframework.data.mongodb.core.ReactiveMongoTemplate]
READY
RESULT 317
processname:backend groupname:backend pid:1696 channel:stdout
[2025-04-04 10:51:20,471] [main] requestId= userEmail= traceId= spanId= - PASSED OVER - {"id"="add_empty_policyMap_for_null_entries", "type"="execution", "author"="default_author", "class"="Migration062AddEmptyPolicyMapForNullValues", "method"="execute"}
READY
RESULT 477
processname:backend groupname:backend pid:1696 channel:stdout
[2025-04-04 10:51:20,472] [main] requestId= userEmail= traceId= spanId= - method[com.appsmith.server.migrations.db.ce.Migration063CacheBustSpringBoot3_3] with arguments: []
[2025-04-04 10:51:20,473] [main] requestId= userEmail= traceId= spanId= - PASSED OVER - {"id"="reset_session_oauth2_spring_3_3", "type"="execution", "author"="default_author", "class"="Migration063CacheBustSpringBoot3_3", "method"="execute"}
READY
RESULT 294
processname:backend groupname:backend pid:1696 channel:stdout
[2025-04-04 10:51:20,476] [main] requestId= userEmail= traceId= spanId= - method[com.appsmith.server.migrations.db.ce.Migration064AddPluginDocUrlToRestApiPlugin] with arguments: [org.springframework.data.mongodb.core.MongoTemplate]
READY
RESULT 318
processname:backend groupname:backend pid:1696 channel:stdout
[2025-04-04 10:51:20,477] [main] requestId= userEmail= traceId= spanId= - PASSED OVER - {"id"="add_plugin_doc_url_to_rest_api_plugin", "type"="execution", "author"="default_author", "class"="Migration064AddPluginDocUrlToRestApiPlugin", "method"="execute"}
READY
RESULT 399
processname:backend groupname:backend pid:1696 channel:stdout
[2025-04-04 10:51:20,602] [main] requestId= userEmail= traceId= spanId= - method[com.appsmith.server.migrations.db.ce.Migration065_CopyTenantIdToOrganizationId] with arguments: [org.springframework.data.redis.core.ReactiveRedisOperations, com.fasterxml.jackson.databind.ObjectMapper, org.springframework.data.mongodb.core.MongoTemplate]
READY
RESULT 313
processname:backend groupname:backend pid:1696 channel:stdout
[2025-04-04 10:51:20,603] [main] requestId= userEmail= traceId= spanId= - PASSED OVER - {"id"="copy-tenant-id-to-organization-id", "type"="execution", "author"="default_author", "class"="Migration065_CopyTenantIdToOrganizationId", "method"="execute"}
READY
RESULT 489
processname:backend groupname:backend pid:1696 channel:stdout
[2025-04-04 10:51:20,603] [main] requestId= userEmail= traceId= spanId= - method[com.appsmith.server.migrations.db.ce.Migration066_CacheBustTenantOrgMigration] with arguments: []
[2025-04-04 10:51:20,604] [main] requestId= userEmail= traceId= spanId= - PASSED OVER - {"id"="cache-bust-tenant-org-migration", "type"="execution", "author"="default_author", "class"="Migration066_CacheBustTenantOrgMigration", "method"="execute"}
READY
RESULT 970
processname:backend groupname:backend pid:1696 channel:stdout
[2025-04-04 10:51:20,607] [main] requestId= userEmail= traceId= spanId= - method[com.appsmith.server.migrations.db.ce.Migration066_RenameInstanceAdminRoleToOrgAdmin] with arguments: [org.springframework.data.mongodb.core.MongoTemplate]
[2025-04-04 10:51:20,608] [main] requestId= userEmail= traceId= spanId= - PASSED OVER - {"id"="rename-instance-admin-role-to-org-admin-role", "type"="execution", "author"="default_author", "class"="Migration066_RenameInstanceAdminRoleToOrgAdmin", "method"="execute"}
[2025-04-04 10:51:20,608] [main] requestId= userEmail= traceId= spanId= - method[com.appsmith.server.migrations.db.ce.Migration067_UpdateUserEmailIndex] with arguments: []
[2025-04-04 10:51:20,609] [main] requestId= userEmail= traceId= spanId= - PASSED OVER - {"id"="update-user-email-index", "type"="execution", "author"="default_author", "class"="Migration067_UpdateUserEmailIndex", "method"="execute"}
READY
RESULT 302
processname:backend groupname:backend pid:1696 channel:stdout
[2025-04-04 10:51:20,611] [main] requestId= userEmail= traceId= spanId= - method[com.appsmith.server.migrations.db.ce.Migration068_AddOrganizationIdToPasswordResetToken] with arguments: [org.springframework.data.mongodb.core.MongoTemplate]
READY
RESULT 332
processname:backend groupname:backend pid:1696 channel:stdout
[2025-04-04 10:51:20,612] [main] requestId= userEmail= traceId= spanId= - PASSED OVER - {"id"="add-organization-id-to-password-reset-token", "type"="execution", "author"="default_author", "class"="Migration068_AddOrganizationIdToPasswordResetToken", "method"="execute"}
READY
RESULT 615
processname:backend groupname:backend pid:1696 channel:stdout
[2025-04-04 10:51:20,615] [main] requestId= userEmail= traceId= spanId= - method[com.appsmith.server.migrations.db.ce.Migration069MigrateOrganizationConfigToInstanceConfig] with arguments: [org.springframework.data.mongodb.core.MongoTemplate]
[2025-04-04 10:51:20,616] [main] requestId= userEmail= traceId= spanId= - PASSED OVER - {"id"="migrate-organization-config-to-instance-config", "type"="execution", "author"="default_author", "class"="Migration069MigrateOrganizationConfigToInstanceConfig", "method"="migrateOrganizationConfigToInstanceConfig"}
READY
RESULT 306
processname:backend groupname:backend pid:1696 channel:stdout
[2025-04-04 10:51:20,629] [main] requestId= userEmail= traceId= spanId= - method[com.appsmith.server.migrations.db.ce.Migration070_AddOrganizationIdToEmailVerificationToken] with arguments: [org.springframework.data.mongodb.core.MongoTemplate]
READY
RESULT 374
processname:backend groupname:backend pid:1696 channel:stdout
[2025-04-04 10:51:20,629] [main] requestId= userEmail= traceId= spanId= - PASSED OVER - {"id"="add-organization-id-to-email-verification-token", "type"="execution", "author"="default_author", "class"="Migration070_AddOrganizationIdToEmailVerificationToken", "method"="addOrganizationIdToEmailVerificationToken"}
READY
RESULT 547
processname:backend groupname:backend pid:1696 channel:stdout
[2025-04-04 10:51:20,649] [main] requestId= userEmail= traceId= spanId= - method[com.appsmith.server.migrations.db.ce.Migration10000_UpdateSuperUser] with arguments: [org.springframework.data.mongodb.core.MongoTemplate, com.appsmith.server.repositories.CacheableRepositoryHelper, com.appsmith.server.solutions.PolicySolution, com.appsmith.server.acl.PolicyGenerator]
[2025-04-04 10:51:20,650] [main] requestId= userEmail= traceId= spanId= - method[executeMigration] with arguments: []
READY
RESULT 295
processname:backend groupname:backend pid:1696 channel:stdout
[2025-04-04 10:51:20,928] [main] requestId= userEmail= traceId= spanId= - RE-APPLIED - {"id"="update-super-users", "type"="execution", "author"="default_author", "class"="Migration10000_UpdateSuperUser", "method"="executeMigration"}
READY
RESULT 291
processname:backend groupname:backend pid:1696 channel:stdout
[2025-04-04 10:51:20,931] [main] requestId= userEmail= traceId= spanId= - method[com.appsmith.server.migrations.db.ce.Migration020TransferToDatasourceStorage] with arguments: [org.springframework.data.mongodb.core.MongoTemplate]
READY
RESULT 530
processname:backend groupname:backend pid:1696 channel:stdout
[2025-04-04 10:51:20,932] [main] requestId= userEmail= traceId= spanId= - PASSED OVER - {"id"="migrate-configurations-to-data-storage-v2", "type"="execution", "author"="default_author", "class"="Migration020TransferToDatasourceStorage", "method"="executeMigration"}
[2025-04-04 10:51:20,932] [main] requestId= userEmail= traceId= spanId= - Mongock releasing the lock
[2025-04-04 10:51:20,932] [main] requestId= userEmail= traceId= spanId= - Mongock releasing the lock
READY
RESULT 162
processname:backend groupname:backend pid:1696 channel:stdout
[2025-04-04 10:51:21,052] [main] requestId= userEmail= traceId= spanId= - Mongock released the lock
READY
RESULT 157
processname:backend groupname:backend pid:1696 channel:stdout
[2025-04-04 10:51:21,053] [main] requestId= userEmail= traceId= spanId= - Mongock has finished
READY
RESULT 186
processname:backend groupname:backend pid:1696 channel:stdout
[2025-04-04 10:51:28,779] [main] requestId= userEmail= traceId= spanId= - Exposing 1 endpoint beneath base path '/actuator'
READY
RESULT 170
processname:backend groupname:backend pid:1696 channel:stdout
[2025-04-04 10:51:32,710] [main] requestId= userEmail= traceId= spanId= - Netty started on port 8080 (http)
READY
RESULT 211
processname:backend groupname:backend pid:1696 channel:stdout
[2025-04-04 10:51:32,882] [main] requestId= userEmail= traceId= spanId= - Started ServerApplication in 114.053 seconds (process running for 117.554)
READY
RESULT 209
processname:backend groupname:backend pid:1696 channel:stdout
[2025-04-04 10:51:32,885] [main] requestId= userEmail= traceId= spanId= - Cleaning up and updating default organization policies on server startup
READY
RESULT 232
processname:backend groupname:backend pid:1696 channel:stdout
[2025-04-04 10:51:33,308] [main] requestId= userEmail= traceId=3837b9775ae7cc8dd482724f05fc2a56 spanId=2810409f85f7e950 - Performing RTS health check of this instance...
READY
RESULT 296
processname:backend groupname:backend pid:1696 channel:stdout
[2025-04-04 10:51:33,380] [main] requestId= userEmail= traceId=3837b9775ae7cc8dd482724f05fc2a56 spanId=2810409f85f7e950 - In memory cache miss for anonymous user permission groups. Fetching from DB and adding it to in memory storage.
READY
RESULT 208
processname:backend groupname:backend pid:1696 channel:stdout
[2025-04-04 10:51:33,432] [nioEventLoopGroup-3-3] requestId= userEmail= traceId= spanId= - Fetched and set conenncted mongo db version as: 5.0.30
READY
RESULT 179
processname:backend groupname:backend pid:1696 channel:stdout
[2025-04-04 10:51:34,733] [reactor-http-epoll-4] requestId= userEmail= traceId= spanId= - RTS health check succeeded
READY
RESULT 885
processname:editor groupname:editor pid:1698 channel:stdout
{"level":"info","ts":1743763895.395756,"logger":"http.log.access.log0","msg":"handled request","request":{"remote_ip":"::1","remote_port":"33840","client_ip":"::1","proto":"HTTP/1.1","method":"GET","host":"localhost","uri":"/","headers":{"User-Agent":["curl/7.68.0"],"Accept":["*/*"]}},"bytes_read":0,"user_id":"","duration":0.000810375,"size":5571,"status":200,"resp_headers":{"Vary":["Accept-Encoding"],"Etag":["\"d8xso2hr4o0x4ar\""],"Last-Modified":["Fri, 04 Apr 2025 10:49:33 GMT"],"X-Request-Id":["invalid_request_id"],"Content-Length":["5571"],"Content-Security-Policy":["frame-ancestors 'self' *"],"X-Appsmith-Request-Id":["d936d2bb-a021-4bad-ac88-511318ef43bb"],"X-Content-Type-Options":["nosniff"],"Content-Type":["text/html; charset=utf-8"],"Accept-Ranges":["bytes"]},"uuid":"d936d2bb-a021-4bad-ac88-511318ef43bb"}
READY
RESULT 789
processname:editor groupname:editor pid:1698 channel:stderr
{"level":"debug","ts":1743763895.39533,"logger":"http.handlers.rewrite","msg":"rewrote request","request":{"remote_ip":"::1","remote_port":"33840","client_ip":"::1","proto":"HTTP/1.1","method":"GET","host":"localhost","uri":"/index.html","headers":{"User-Agent":["curl/7.68.0"],"Accept":["*/*"],"X-Request-Id":["invalid_request_id"]}},"method":"GET","uri":"/index.html"}
{"level":"debug","ts":1743763895.3954504,"logger":"http.handlers.file_server","msg":"sanitized path join","site_root":"/tmp/appsmith/www","fs":"","request_path":"/index.html","result":"/tmp/appsmith/www/index.html"}
{"level":"debug","ts":1743763895.3954968,"logger":"http.handlers.file_server","msg":"opening file","filename":"/tmp/appsmith/www/index.html"}
READY
RESULT 230
processname:backend groupname:backend pid:1696 channel:stdout
[2025-04-04 10:51:35,903] [parallel-1] requestId= userEmail=anonymousUser traceId=c8bc4e2c0fa96cc371177446c013daaa spanId=93cc9252801f8b24 - Checking server health ...
READY
RESULT 170
processname:backend groupname:backend pid:1696 channel:stdout
[2025-04-04 10:51:37,364] [Thread-3] requestId= userEmail= traceId= spanId= - Cancelled mongock lock daemon
READY
RESULT 190
processname:backend groupname:backend pid:1696 channel:stdout
[2025-04-04 10:51:42,975] [scheduling-1] requestId= userEmail= traceId= spanId= - Lock already acquired for: lock:fetchFeatures
READY
RESULT 790
processname:editor groupname:editor pid:1698 channel:stderr
{"level":"debug","ts":1743763911.4213443,"logger":"http.handlers.rewrite","msg":"rewrote request","request":{"remote_ip":"::1","remote_port":"41110","client_ip":"::1","proto":"HTTP/1.1","method":"GET","host":"localhost","uri":"/index.html","headers":{"X-Request-Id":["invalid_request_id"],"User-Agent":["curl/7.68.0"],"Accept":["*/*"]}},"method":"GET","uri":"/index.html"}
{"level":"debug","ts":1743763911.4213939,"logger":"http.handlers.file_server","msg":"sanitized path join","site_root":"/tmp/appsmith/www","fs":"","request_path":"/index.html","result":"/tmp/appsmith/www/index.html"}
{"level":"debug","ts":1743763911.421431,"logger":"http.handlers.file_server","msg":"opening file","filename":"/tmp/appsmith/www/index.html"}
READY
RESULT 886
processname:editor groupname:editor pid:1698 channel:stdout
{"level":"info","ts":1743763911.4217916,"logger":"http.log.access.log0","msg":"handled request","request":{"remote_ip":"::1","remote_port":"41110","client_ip":"::1","proto":"HTTP/1.1","method":"GET","host":"localhost","uri":"/","headers":{"User-Agent":["curl/7.68.0"],"Accept":["*/*"]}},"bytes_read":0,"user_id":"","duration":0.000850858,"size":5571,"status":200,"resp_headers":{"Accept-Ranges":["bytes"],"X-Appsmith-Request-Id":["4d172f6c-76dc-413e-b6fa-61d3716c2095"],"X-Request-Id":["invalid_request_id"],"Etag":["\"d8xso2hr4o0x4ar\""],"Content-Type":["text/html; charset=utf-8"],"Content-Length":["5571"],"Content-Security-Policy":["frame-ancestors 'self' *"],"X-Content-Type-Options":["nosniff"],"Vary":["Accept-Encoding"],"Last-Modified":["Fri, 04 Apr 2025 10:49:33 GMT"]},"uuid":"4d172f6c-76dc-413e-b6fa-61d3716c2095"}
READY
RESULT 886
processname:editor groupname:editor pid:1698 channel:stdout
{"level":"info","ts":1743763927.0814538,"logger":"http.log.access.log0","msg":"handled request","request":{"remote_ip":"::1","remote_port":"44944","client_ip":"::1","proto":"HTTP/1.1","method":"GET","host":"localhost","uri":"/","headers":{"User-Agent":["curl/7.68.0"],"Accept":["*/*"]}},"bytes_read":0,"user_id":"","duration":0.000657857,"size":5571,"status":200,"resp_headers":{"Last-Modified":["Fri, 04 Apr 2025 10:49:33 GMT"],"X-Appsmith-Request-Id":["54f29b92-69de-4547-a53a-1a691363b817"],"X-Request-Id":["invalid_request_id"],"Etag":["\"d8xso2hr4o0x4ar\""],"Content-Type":["text/html; charset=utf-8"],"Content-Security-Policy":["frame-ancestors 'self' *"],"Vary":["Accept-Encoding"],"Accept-Ranges":["bytes"],"Content-Length":["5571"],"X-Content-Type-Options":["nosniff"]},"uuid":"54f29b92-69de-4547-a53a-1a691363b817"}
READY
RESULT 791
processname:editor groupname:editor pid:1698 channel:stderr
{"level":"debug","ts":1743763927.0811386,"logger":"http.handlers.rewrite","msg":"rewrote request","request":{"remote_ip":"::1","remote_port":"44944","client_ip":"::1","proto":"HTTP/1.1","method":"GET","host":"localhost","uri":"/index.html","headers":{"User-Agent":["curl/7.68.0"],"Accept":["*/*"],"X-Request-Id":["invalid_request_id"]}},"method":"GET","uri":"/index.html"}
{"level":"debug","ts":1743763927.0812068,"logger":"http.handlers.file_server","msg":"sanitized path join","site_root":"/tmp/appsmith/www","fs":"","request_path":"/index.html","result":"/tmp/appsmith/www/index.html"}
{"level":"debug","ts":1743763927.0812526,"logger":"http.handlers.file_server","msg":"opening file","filename":"/tmp/appsmith/www/index.html"}
READY
RESULT 790
processname:editor groupname:editor pid:1698 channel:stderr
{"level":"debug","ts":1743763942.3955264,"logger":"http.handlers.rewrite","msg":"rewrote request","request":{"remote_ip":"::1","remote_port":"36210","client_ip":"::1","proto":"HTTP/1.1","method":"GET","host":"localhost","uri":"/index.html","headers":{"User-Agent":["curl/7.68.0"],"Accept":["*/*"],"X-Request-Id":["invalid_request_id"]}},"method":"GET","uri":"/index.html"}
{"level":"debug","ts":1743763942.395584,"logger":"http.handlers.file_server","msg":"sanitized path join","site_root":"/tmp/appsmith/www","fs":"","request_path":"/index.html","result":"/tmp/appsmith/www/index.html"}
{"level":"debug","ts":1743763942.3956127,"logger":"http.handlers.file_server","msg":"opening file","filename":"/tmp/appsmith/www/index.html"}
READY
RESULT 886
processname:editor groupname:editor pid:1698 channel:stdout
{"level":"info","ts":1743763942.3959312,"logger":"http.log.access.log0","msg":"handled request","request":{"remote_ip":"::1","remote_port":"36210","client_ip":"::1","proto":"HTTP/1.1","method":"GET","host":"localhost","uri":"/","headers":{"User-Agent":["curl/7.68.0"],"Accept":["*/*"]}},"bytes_read":0,"user_id":"","duration":0.000715563,"size":5571,"status":200,"resp_headers":{"Accept-Ranges":["bytes"],"Content-Security-Policy":["frame-ancestors 'self' *"],"Content-Type":["text/html; charset=utf-8"],"Last-Modified":["Fri, 04 Apr 2025 10:49:33 GMT"],"Content-Length":["5571"],"X-Appsmith-Request-Id":["4821d430-0f4c-48ee-b86c-2becf3503dc3"],"X-Request-Id":["invalid_request_id"],"Vary":["Accept-Encoding"],"Etag":["\"d8xso2hr4o0x4ar\""],"X-Content-Type-Options":["nosniff"]},"uuid":"4821d430-0f4c-48ee-b86c-2becf3503dc3"}
READY
RESULT 790
processname:editor groupname:editor pid:1698 channel:stderr
{"level":"debug","ts":1743763957.955908,"logger":"http.handlers.rewrite","msg":"rewrote request","request":{"remote_ip":"::1","remote_port":"52746","client_ip":"::1","proto":"HTTP/1.1","method":"GET","host":"localhost","uri":"/index.html","headers":{"User-Agent":["curl/7.68.0"],"Accept":["*/*"],"X-Request-Id":["invalid_request_id"]}},"method":"GET","uri":"/index.html"}
{"level":"debug","ts":1743763957.9559965,"logger":"http.handlers.file_server","msg":"sanitized path join","site_root":"/tmp/appsmith/www","fs":"","request_path":"/index.html","result":"/tmp/appsmith/www/index.html"}
{"level":"debug","ts":1743763957.9560463,"logger":"http.handlers.file_server","msg":"opening file","filename":"/tmp/appsmith/www/index.html"}
READY
RESULT 885
processname:editor groupname:editor pid:1698 channel:stdout
{"level":"info","ts":1743763957.956498,"logger":"http.log.access.log0","msg":"handled request","request":{"remote_ip":"::1","remote_port":"52746","client_ip":"::1","proto":"HTTP/1.1","method":"GET","host":"localhost","uri":"/","headers":{"User-Agent":["curl/7.68.0"],"Accept":["*/*"]}},"bytes_read":0,"user_id":"","duration":0.001029996,"size":5571,"status":200,"resp_headers":{"Last-Modified":["Fri, 04 Apr 2025 10:49:33 GMT"],"Content-Length":["5571"],"X-Appsmith-Request-Id":["d7ad303c-9ceb-486b-90d0-02f0e43deffd"],"X-Content-Type-Options":["nosniff"],"Vary":["Accept-Encoding"],"Etag":["\"d8xso2hr4o0x4ar\""],"Content-Security-Policy":["frame-ancestors 'self' *"],"X-Request-Id":["invalid_request_id"],"Content-Type":["text/html; charset=utf-8"],"Accept-Ranges":["bytes"]},"uuid":"d7ad303c-9ceb-486b-90d0-02f0e43deffd"}
READY
RESULT 791
processname:editor groupname:editor pid:1698 channel:stderr
{"level":"debug","ts":1743763973.4322722,"logger":"http.handlers.rewrite","msg":"rewrote request","request":{"remote_ip":"::1","remote_port":"42810","client_ip":"::1","proto":"HTTP/1.1","method":"GET","host":"localhost","uri":"/index.html","headers":{"Accept":["*/*"],"X-Request-Id":["invalid_request_id"],"User-Agent":["curl/7.68.0"]}},"method":"GET","uri":"/index.html"}
{"level":"debug","ts":1743763973.4323506,"logger":"http.handlers.file_server","msg":"sanitized path join","site_root":"/tmp/appsmith/www","fs":"","request_path":"/index.html","result":"/tmp/appsmith/www/index.html"}
{"level":"debug","ts":1743763973.4323812,"logger":"http.handlers.file_server","msg":"opening file","filename":"/tmp/appsmith/www/index.html"}
READY
RESULT 886
processname:editor groupname:editor pid:1698 channel:stdout
{"level":"info","ts":1743763973.4328315,"logger":"http.log.access.log0","msg":"handled request","request":{"remote_ip":"::1","remote_port":"42810","client_ip":"::1","proto":"HTTP/1.1","method":"GET","host":"localhost","uri":"/","headers":{"User-Agent":["curl/7.68.0"],"Accept":["*/*"]}},"bytes_read":0,"user_id":"","duration":0.000932079,"size":5571,"status":200,"resp_headers":{"Vary":["Accept-Encoding"],"Etag":["\"d8xso2hr4o0x4ar\""],"Content-Type":["text/html; charset=utf-8"],"Last-Modified":["Fri, 04 Apr 2025 10:49:33 GMT"],"Accept-Ranges":["bytes"],"Content-Security-Policy":["frame-ancestors 'self' *"],"X-Appsmith-Request-Id":["5ec0f1f2-76a2-4ec9-bd64-f36aaf3f99e8"],"X-Request-Id":["invalid_request_id"],"Content-Length":["5571"],"X-Content-Type-Options":["nosniff"]},"uuid":"5ec0f1f2-76a2-4ec9-bd64-f36aaf3f99e8"}
READY
RESULT 790
processname:editor groupname:editor pid:1698 channel:stderr
{"level":"debug","ts":1743763988.8570092,"logger":"http.handlers.rewrite","msg":"rewrote request","request":{"remote_ip":"::1","remote_port":"40374","client_ip":"::1","proto":"HTTP/1.1","method":"GET","host":"localhost","uri":"/index.html","headers":{"User-Agent":["curl/7.68.0"],"Accept":["*/*"],"X-Request-Id":["invalid_request_id"]}},"method":"GET","uri":"/index.html"}
{"level":"debug","ts":1743763988.857067,"logger":"http.handlers.file_server","msg":"sanitized path join","site_root":"/tmp/appsmith/www","fs":"","request_path":"/index.html","result":"/tmp/appsmith/www/index.html"}
{"level":"debug","ts":1743763988.8570952,"logger":"http.handlers.file_server","msg":"opening file","filename":"/tmp/appsmith/www/index.html"}
READY
RESULT 884
processname:editor groupname:editor pid:1698 channel:stdout
{"level":"info","ts":1743763988.85734,"logger":"http.log.access.log0","msg":"handled request","request":{"remote_ip":"::1","remote_port":"40374","client_ip":"::1","proto":"HTTP/1.1","method":"GET","host":"localhost","uri":"/","headers":{"User-Agent":["curl/7.68.0"],"Accept":["*/*"]}},"bytes_read":0,"user_id":"","duration":0.000681761,"size":5571,"status":200,"resp_headers":{"X-Request-Id":["invalid_request_id"],"Vary":["Accept-Encoding"],"Etag":["\"d8xso2hr4o0x4ar\""],"Content-Length":["5571"],"Content-Security-Policy":["frame-ancestors 'self' *"],"Content-Type":["text/html; charset=utf-8"],"Last-Modified":["Fri, 04 Apr 2025 10:49:33 GMT"],"Accept-Ranges":["bytes"],"X-Appsmith-Request-Id":["6ae4e3b9-882e-4d3a-b0e5-1bf8bc1fbf9f"],"X-Content-Type-Options":["nosniff"]},"uuid":"6ae4e3b9-882e-4d3a-b0e5-1bf8bc1fbf9f"}
READY
RESULT 790
processname:editor groupname:editor pid:1698 channel:stderr
{"level":"debug","ts":1743764004.4037225,"logger":"http.handlers.rewrite","msg":"rewrote request","request":{"remote_ip":"::1","remote_port":"38698","client_ip":"::1","proto":"HTTP/1.1","method":"GET","host":"localhost","uri":"/index.html","headers":{"User-Agent":["curl/7.68.0"],"Accept":["*/*"],"X-Request-Id":["invalid_request_id"]}},"method":"GET","uri":"/index.html"}
{"level":"debug","ts":1743764004.403819,"logger":"http.handlers.file_server","msg":"sanitized path join","site_root":"/tmp/appsmith/www","fs":"","request_path":"/index.html","result":"/tmp/appsmith/www/index.html"}
{"level":"debug","ts":1743764004.4038706,"logger":"http.handlers.file_server","msg":"opening file","filename":"/tmp/appsmith/www/index.html"}
READY
RESULT 886
processname:editor groupname:editor pid:1698 channel:stdout
{"level":"info","ts":1743764004.4042313,"logger":"http.log.access.log0","msg":"handled request","request":{"remote_ip":"::1","remote_port":"38698","client_ip":"::1","proto":"HTTP/1.1","method":"GET","host":"localhost","uri":"/","headers":{"User-Agent":["curl/7.68.0"],"Accept":["*/*"]}},"bytes_read":0,"user_id":"","duration":0.000955184,"size":5571,"status":200,"resp_headers":{"Vary":["Accept-Encoding"],"Content-Type":["text/html; charset=utf-8"],"X-Content-Type-Options":["nosniff"],"Content-Length":["5571"],"Content-Security-Policy":["frame-ancestors 'self' *"],"X-Appsmith-Request-Id":["5526e7bf-b4ee-48cc-b9a4-c39f9958d70a"],"X-Request-Id":["invalid_request_id"],"Etag":["\"d8xso2hr4o0x4ar\""],"Last-Modified":["Fri, 04 Apr 2025 10:49:33 GMT"],"Accept-Ranges":["bytes"]},"uuid":"5526e7bf-b4ee-48cc-b9a4-c39f9958d70a"}
READY
RESULT 189
processname:backend groupname:backend pid:1696 channel:stdout
[2025-04-04 10:53:32,874] [scheduling-1] requestId= userEmail= traceId= spanId= - Lock already acquired for: lock:pingSchedule
READY
RESULT 186
processname:backend groupname:backend pid:1696 channel:stdout
[2025-04-04 10:53:32,879] [scheduling-1] requestId= userEmail= traceId= spanId= - Lock already acquired for: lock:pingStats
READY
RESULT 791
processname:editor groupname:editor pid:1698 channel:stderr
{"level":"debug","ts":1743764019.6861346,"logger":"http.handlers.rewrite","msg":"rewrote request","request":{"remote_ip":"::1","remote_port":"60716","client_ip":"::1","proto":"HTTP/1.1","method":"GET","host":"localhost","uri":"/index.html","headers":{"User-Agent":["curl/7.68.0"],"Accept":["*/*"],"X-Request-Id":["invalid_request_id"]}},"method":"GET","uri":"/index.html"}
{"level":"debug","ts":1743764019.6862385,"logger":"http.handlers.file_server","msg":"sanitized path join","site_root":"/tmp/appsmith/www","fs":"","request_path":"/index.html","result":"/tmp/appsmith/www/index.html"}
{"level":"debug","ts":1743764019.6862857,"logger":"http.handlers.file_server","msg":"opening file","filename":"/tmp/appsmith/www/index.html"}
READY
RESULT 886
processname:editor groupname:editor pid:1698 channel:stdout
{"level":"info","ts":1743764019.6866865,"logger":"http.log.access.log0","msg":"handled request","request":{"remote_ip":"::1","remote_port":"60716","client_ip":"::1","proto":"HTTP/1.1","method":"GET","host":"localhost","uri":"/","headers":{"User-Agent":["curl/7.68.0"],"Accept":["*/*"]}},"bytes_read":0,"user_id":"","duration":0.001153701,"size":5571,"status":200,"resp_headers":{"Content-Length":["5571"],"Content-Security-Policy":["frame-ancestors 'self' *"],"X-Appsmith-Request-Id":["e854534c-b1a8-4d08-ba66-ed3e86fde6a3"],"X-Request-Id":["invalid_request_id"],"Accept-Ranges":["bytes"],"Last-Modified":["Fri, 04 Apr 2025 10:49:33 GMT"],"X-Content-Type-Options":["nosniff"],"Vary":["Accept-Encoding"],"Etag":["\"d8xso2hr4o0x4ar\""],"Content-Type":["text/html; charset=utf-8"]},"uuid":"e854534c-b1a8-4d08-ba66-ed3e86fde6a3"}
READY
RESULT 789
processname:editor groupname:editor pid:1698 channel:stderr
{"level":"debug","ts":1743764034.976362,"logger":"http.handlers.rewrite","msg":"rewrote request","request":{"remote_ip":"::1","remote_port":"41494","client_ip":"::1","proto":"HTTP/1.1","method":"GET","host":"localhost","uri":"/index.html","headers":{"Accept":["*/*"],"X-Request-Id":["invalid_request_id"],"User-Agent":["curl/7.68.0"]}},"method":"GET","uri":"/index.html"}
{"level":"debug","ts":1743764034.9764144,"logger":"http.handlers.file_server","msg":"sanitized path join","site_root":"/tmp/appsmith/www","fs":"","request_path":"/index.html","result":"/tmp/appsmith/www/index.html"}
{"level":"debug","ts":1743764034.976441,"logger":"http.handlers.file_server","msg":"opening file","filename":"/tmp/appsmith/www/index.html"}
READY
RESULT 886
processname:editor groupname:editor pid:1698 channel:stdout
{"level":"info","ts":1743764034.9767094,"logger":"http.log.access.log0","msg":"handled request","request":{"remote_ip":"::1","remote_port":"41494","client_ip":"::1","proto":"HTTP/1.1","method":"GET","host":"localhost","uri":"/","headers":{"User-Agent":["curl/7.68.0"],"Accept":["*/*"]}},"bytes_read":0,"user_id":"","duration":0.000570751,"size":5571,"status":200,"resp_headers":{"Content-Length":["5571"],"Content-Security-Policy":["frame-ancestors 'self' *"],"X-Content-Type-Options":["nosniff"],"Etag":["\"d8xso2hr4o0x4ar\""],"X-Request-Id":["invalid_request_id"],"Vary":["Accept-Encoding"],"Content-Type":["text/html; charset=utf-8"],"Last-Modified":["Fri, 04 Apr 2025 10:49:33 GMT"],"Accept-Ranges":["bytes"],"X-Appsmith-Request-Id":["f2b58816-eb47-4332-9b32-7c953c9523e2"]},"uuid":"f2b58816-eb47-4332-9b32-7c953c9523e2"}
READY
RESULT 790
processname:editor groupname:editor pid:1698 channel:stderr
{"level":"debug","ts":1743764050.253075,"logger":"http.handlers.rewrite","msg":"rewrote request","request":{"remote_ip":"::1","remote_port":"34952","client_ip":"::1","proto":"HTTP/1.1","method":"GET","host":"localhost","uri":"/index.html","headers":{"User-Agent":["curl/7.68.0"],"Accept":["*/*"],"X-Request-Id":["invalid_request_id"]}},"method":"GET","uri":"/index.html"}
{"level":"debug","ts":1743764050.2531302,"logger":"http.handlers.file_server","msg":"sanitized path join","site_root":"/tmp/appsmith/www","fs":"","request_path":"/index.html","result":"/tmp/appsmith/www/index.html"}
{"level":"debug","ts":1743764050.2531602,"logger":"http.handlers.file_server","msg":"opening file","filename":"/tmp/appsmith/www/index.html"}
READY
RESULT 886
processname:editor groupname:editor pid:1698 channel:stdout
{"level":"info","ts":1743764050.2538946,"logger":"http.log.access.log0","msg":"handled request","request":{"remote_ip":"::1","remote_port":"34952","client_ip":"::1","proto":"HTTP/1.1","method":"GET","host":"localhost","uri":"/","headers":{"User-Agent":["curl/7.68.0"],"Accept":["*/*"]}},"bytes_read":0,"user_id":"","duration":0.001118201,"size":5571,"status":200,"resp_headers":{"Content-Type":["text/html; charset=utf-8"],"Last-Modified":["Fri, 04 Apr 2025 10:49:33 GMT"],"Accept-Ranges":["bytes"],"X-Content-Type-Options":["nosniff"],"Vary":["Accept-Encoding"],"Etag":["\"d8xso2hr4o0x4ar\""],"Content-Length":["5571"],"Content-Security-Policy":["frame-ancestors 'self' *"],"X-Appsmith-Request-Id":["52d69512-a0ea-46b5-b1c2-10f21f9a605a"],"X-Request-Id":["invalid_request_id"]},"uuid":"52d69512-a0ea-46b5-b1c2-10f21f9a605a"}
READY
RESULT 791
processname:editor groupname:editor pid:1698 channel:stderr
{"level":"debug","ts":1743764065.5458322,"logger":"http.handlers.rewrite","msg":"rewrote request","request":{"remote_ip":"::1","remote_port":"40216","client_ip":"::1","proto":"HTTP/1.1","method":"GET","host":"localhost","uri":"/index.html","headers":{"Accept":["*/*"],"X-Request-Id":["invalid_request_id"],"User-Agent":["curl/7.68.0"]}},"method":"GET","uri":"/index.html"}
{"level":"debug","ts":1743764065.5458984,"logger":"http.handlers.file_server","msg":"sanitized path join","site_root":"/tmp/appsmith/www","fs":"","request_path":"/index.html","result":"/tmp/appsmith/www/index.html"}
{"level":"debug","ts":1743764065.5459423,"logger":"http.handlers.file_server","msg":"opening file","filename":"/tmp/appsmith/www/index.html"}
READY
RESULT 885
processname:editor groupname:editor pid:1698 channel:stdout
{"level":"info","ts":1743764065.546385,"logger":"http.log.access.log0","msg":"handled request","request":{"remote_ip":"::1","remote_port":"40216","client_ip":"::1","proto":"HTTP/1.1","method":"GET","host":"localhost","uri":"/","headers":{"User-Agent":["curl/7.68.0"],"Accept":["*/*"]}},"bytes_read":0,"user_id":"","duration":0.000879877,"size":5571,"status":200,"resp_headers":{"Content-Security-Policy":["frame-ancestors 'self' *"],"X-Appsmith-Request-Id":["89ea1941-c1e1-4c74-8c89-3cd5e5d8ef51"],"X-Request-Id":["invalid_request_id"],"Vary":["Accept-Encoding"],"Last-Modified":["Fri, 04 Apr 2025 10:49:33 GMT"],"Accept-Ranges":["bytes"],"X-Content-Type-Options":["nosniff"],"Etag":["\"d8xso2hr4o0x4ar\""],"Content-Type":["text/html; charset=utf-8"],"Content-Length":["5571"]},"uuid":"89ea1941-c1e1-4c74-8c89-3cd5e5d8ef51"}
READY
RESULT 791
processname:editor groupname:editor pid:1698 channel:stderr
{"level":"debug","ts":1743764080.8331573,"logger":"http.handlers.rewrite","msg":"rewrote request","request":{"remote_ip":"::1","remote_port":"56042","client_ip":"::1","proto":"HTTP/1.1","method":"GET","host":"localhost","uri":"/index.html","headers":{"User-Agent":["curl/7.68.0"],"Accept":["*/*"],"X-Request-Id":["invalid_request_id"]}},"method":"GET","uri":"/index.html"}
{"level":"debug","ts":1743764080.8332233,"logger":"http.handlers.file_server","msg":"sanitized path join","site_root":"/tmp/appsmith/www","fs":"","request_path":"/index.html","result":"/tmp/appsmith/www/index.html"}
{"level":"debug","ts":1743764080.8332567,"logger":"http.handlers.file_server","msg":"opening file","filename":"/tmp/appsmith/www/index.html"}
READY
RESULT 885
processname:editor groupname:editor pid:1698 channel:stdout
{"level":"info","ts":1743764080.833465,"logger":"http.log.access.log0","msg":"handled request","request":{"remote_ip":"::1","remote_port":"56042","client_ip":"::1","proto":"HTTP/1.1","method":"GET","host":"localhost","uri":"/","headers":{"User-Agent":["curl/7.68.0"],"Accept":["*/*"]}},"bytes_read":0,"user_id":"","duration":0.000585852,"size":5571,"status":200,"resp_headers":{"Last-Modified":["Fri, 04 Apr 2025 10:49:33 GMT"],"Content-Length":["5571"],"X-Content-Type-Options":["nosniff"],"X-Request-Id":["invalid_request_id"],"Vary":["Accept-Encoding"],"Etag":["\"d8xso2hr4o0x4ar\""],"Content-Type":["text/html; charset=utf-8"],"Accept-Ranges":["bytes"],"Content-Security-Policy":["frame-ancestors 'self' *"],"X-Appsmith-Request-Id":["17a2bd7e-980b-410d-bb23-96ddce884e0f"]},"uuid":"17a2bd7e-980b-410d-bb23-96ddce884e0f"}
READY
RESULT 789
processname:editor groupname:editor pid:1698 channel:stderr
{"level":"debug","ts":1743764096.1289291,"logger":"http.handlers.rewrite","msg":"rewrote request","request":{"remote_ip":"::1","remote_port":"35666","client_ip":"::1","proto":"HTTP/1.1","method":"GET","host":"localhost","uri":"/index.html","headers":{"User-Agent":["curl/7.68.0"],"Accept":["*/*"],"X-Request-Id":["invalid_request_id"]}},"method":"GET","uri":"/index.html"}
{"level":"debug","ts":1743764096.128999,"logger":"http.handlers.file_server","msg":"sanitized path join","site_root":"/tmp/appsmith/www","fs":"","request_path":"/index.html","result":"/tmp/appsmith/www/index.html"}
{"level":"debug","ts":1743764096.129027,"logger":"http.handlers.file_server","msg":"opening file","filename":"/tmp/appsmith/www/index.html"}
READY
RESULT 886
processname:editor groupname:editor pid:1698 channel:stdout
{"level":"info","ts":1743764096.1292443,"logger":"http.log.access.log0","msg":"handled request","request":{"remote_ip":"::1","remote_port":"35666","client_ip":"::1","proto":"HTTP/1.1","method":"GET","host":"localhost","uri":"/","headers":{"Accept":["*/*"],"User-Agent":["curl/7.68.0"]}},"bytes_read":0,"user_id":"","duration":0.000603452,"size":5571,"status":200,"resp_headers":{"X-Appsmith-Request-Id":["f5588c21-52e9-4890-93dd-9b252f3f8926"],"X-Request-Id":["invalid_request_id"],"Vary":["Accept-Encoding"],"Last-Modified":["Fri, 04 Apr 2025 10:49:33 GMT"],"Accept-Ranges":["bytes"],"Content-Length":["5571"],"Content-Security-Policy":["frame-ancestors 'self' *"],"Etag":["\"d8xso2hr4o0x4ar\""],"Content-Type":["text/html; charset=utf-8"],"X-Content-Type-Options":["nosniff"]},"uuid":"f5588c21-52e9-4890-93dd-9b252f3f8926"}
READY
RESULT 791
processname:editor groupname:editor pid:1698 channel:stderr
{"level":"debug","ts":1743764111.8459563,"logger":"http.handlers.rewrite","msg":"rewrote request","request":{"remote_ip":"::1","remote_port":"53784","client_ip":"::1","proto":"HTTP/1.1","method":"GET","host":"localhost","uri":"/index.html","headers":{"User-Agent":["curl/7.68.0"],"Accept":["*/*"],"X-Request-Id":["invalid_request_id"]}},"method":"GET","uri":"/index.html"}
{"level":"debug","ts":1743764111.8460336,"logger":"http.handlers.file_server","msg":"sanitized path join","site_root":"/tmp/appsmith/www","fs":"","request_path":"/index.html","result":"/tmp/appsmith/www/index.html"}
{"level":"debug","ts":1743764111.8460805,"logger":"http.handlers.file_server","msg":"opening file","filename":"/tmp/appsmith/www/index.html"}
READY
RESULT 885
processname:editor groupname:editor pid:1698 channel:stdout
{"level":"info","ts":1743764111.8463876,"logger":"http.log.access.log0","msg":"handled request","request":{"remote_ip":"::1","remote_port":"53784","client_ip":"::1","proto":"HTTP/1.1","method":"GET","host":"localhost","uri":"/","headers":{"Accept":["*/*"],"User-Agent":["curl/7.68.0"]}},"bytes_read":0,"user_id":"","duration":0.00080527,"size":5571,"status":200,"resp_headers":{"Content-Security-Policy":["frame-ancestors 'self' *"],"X-Appsmith-Request-Id":["a2d1385e-2ed2-461c-ab4f-f76a2f5e830a"],"X-Content-Type-Options":["nosniff"],"X-Request-Id":["invalid_request_id"],"Vary":["Accept-Encoding"],"Content-Type":["text/html; charset=utf-8"],"Accept-Ranges":["bytes"],"Etag":["\"d8xso2hr4o0x4ar\""],"Last-Modified":["Fri, 04 Apr 2025 10:49:33 GMT"],"Content-Length":["5571"]},"uuid":"a2d1385e-2ed2-461c-ab4f-f76a2f5e830a"}
READY
RESULT 790
processname:editor groupname:editor pid:1698 channel:stderr
{"level":"debug","ts":1743764127.257932,"logger":"http.handlers.rewrite","msg":"rewrote request","request":{"remote_ip":"::1","remote_port":"47098","client_ip":"::1","proto":"HTTP/1.1","method":"GET","host":"localhost","uri":"/index.html","headers":{"User-Agent":["curl/7.68.0"],"Accept":["*/*"],"X-Request-Id":["invalid_request_id"]}},"method":"GET","uri":"/index.html"}
{"level":"debug","ts":1743764127.2580016,"logger":"http.handlers.file_server","msg":"sanitized path join","site_root":"/tmp/appsmith/www","fs":"","request_path":"/index.html","result":"/tmp/appsmith/www/index.html"}
{"level":"debug","ts":1743764127.2580395,"logger":"http.handlers.file_server","msg":"opening file","filename":"/tmp/appsmith/www/index.html"}
READY
RESULT 886
processname:editor groupname:editor pid:1698 channel:stdout
{"level":"info","ts":1743764127.2583191,"logger":"http.log.access.log0","msg":"handled request","request":{"remote_ip":"::1","remote_port":"47098","client_ip":"::1","proto":"HTTP/1.1","method":"GET","host":"localhost","uri":"/","headers":{"Accept":["*/*"],"User-Agent":["curl/7.68.0"]}},"bytes_read":0,"user_id":"","duration":0.000784766,"size":5571,"status":200,"resp_headers":{"Content-Type":["text/html; charset=utf-8"],"Content-Length":["5571"],"X-Content-Type-Options":["nosniff"],"Etag":["\"d8xso2hr4o0x4ar\""],"X-Request-Id":["invalid_request_id"],"Vary":["Accept-Encoding"],"Last-Modified":["Fri, 04 Apr 2025 10:49:33 GMT"],"Accept-Ranges":["bytes"],"Content-Security-Policy":["frame-ancestors 'self' *"],"X-Appsmith-Request-Id":["afcc39ec-0969-44d4-9802-89c6708a20c5"]},"uuid":"afcc39ec-0969-44d4-9802-89c6708a20c5"}
READY
RESULT 790
processname:editor groupname:editor pid:1698 channel:stderr
{"level":"debug","ts":1743764142.529939,"logger":"http.handlers.rewrite","msg":"rewrote request","request":{"remote_ip":"::1","remote_port":"38402","client_ip":"::1","proto":"HTTP/1.1","method":"GET","host":"localhost","uri":"/index.html","headers":{"User-Agent":["curl/7.68.0"],"Accept":["*/*"],"X-Request-Id":["invalid_request_id"]}},"method":"GET","uri":"/index.html"}
{"level":"debug","ts":1743764142.5299997,"logger":"http.handlers.file_server","msg":"sanitized path join","site_root":"/tmp/appsmith/www","fs":"","request_path":"/index.html","result":"/tmp/appsmith/www/index.html"}
{"level":"debug","ts":1743764142.5300353,"logger":"http.handlers.file_server","msg":"opening file","filename":"/tmp/appsmith/www/index.html"}
READY
RESULT 886
processname:editor groupname:editor pid:1698 channel:stdout
{"level":"info","ts":1743764142.5303705,"logger":"http.log.access.log0","msg":"handled request","request":{"remote_ip":"::1","remote_port":"38402","client_ip":"::1","proto":"HTTP/1.1","method":"GET","host":"localhost","uri":"/","headers":{"User-Agent":["curl/7.68.0"],"Accept":["*/*"]}},"bytes_read":0,"user_id":"","duration":0.000980585,"size":5571,"status":200,"resp_headers":{"Content-Length":["5571"],"Content-Security-Policy":["frame-ancestors 'self' *"],"X-Appsmith-Request-Id":["6dfaf8c7-712d-486d-bbfe-9d625c856434"],"X-Request-Id":["invalid_request_id"],"Etag":["\"d8xso2hr4o0x4ar\""],"Content-Type":["text/html; charset=utf-8"],"Last-Modified":["Fri, 04 Apr 2025 10:49:33 GMT"],"Accept-Ranges":["bytes"],"X-Content-Type-Options":["nosniff"],"Vary":["Accept-Encoding"]},"uuid":"6dfaf8c7-712d-486d-bbfe-9d625c856434"}
READY
RESULT 789
processname:editor groupname:editor pid:1698 channel:stderr
{"level":"debug","ts":1743764157.937956,"logger":"http.handlers.rewrite","msg":"rewrote request","request":{"remote_ip":"::1","remote_port":"37616","client_ip":"::1","proto":"HTTP/1.1","method":"GET","host":"localhost","uri":"/index.html","headers":{"User-Agent":["curl/7.68.0"],"Accept":["*/*"],"X-Request-Id":["invalid_request_id"]}},"method":"GET","uri":"/index.html"}
{"level":"debug","ts":1743764157.9380245,"logger":"http.handlers.file_server","msg":"sanitized path join","site_root":"/tmp/appsmith/www","fs":"","request_path":"/index.html","result":"/tmp/appsmith/www/index.html"}
{"level":"debug","ts":1743764157.938063,"logger":"http.handlers.file_server","msg":"opening file","filename":"/tmp/appsmith/www/index.html"}
READY
RESULT 886
processname:editor groupname:editor pid:1698 channel:stdout
{"level":"info","ts":1743764157.9387293,"logger":"http.log.access.log0","msg":"handled request","request":{"remote_ip":"::1","remote_port":"37616","client_ip":"::1","proto":"HTTP/1.1","method":"GET","host":"localhost","uri":"/","headers":{"User-Agent":["curl/7.68.0"],"Accept":["*/*"]}},"bytes_read":0,"user_id":"","duration":0.001011486,"size":5571,"status":200,"resp_headers":{"Vary":["Accept-Encoding"],"Etag":["\"d8xso2hr4o0x4ar\""],"Accept-Ranges":["bytes"],"Content-Security-Policy":["frame-ancestors 'self' *"],"X-Appsmith-Request-Id":["e023cc06-2a89-485f-9451-9511a87875aa"],"X-Request-Id":["invalid_request_id"],"Content-Type":["text/html; charset=utf-8"],"Last-Modified":["Fri, 04 Apr 2025 10:49:33 GMT"],"Content-Length":["5571"],"X-Content-Type-Options":["nosniff"]},"uuid":"e023cc06-2a89-485f-9451-9511a87875aa"}
READY
RESULT 789
processname:editor groupname:editor pid:1698 channel:stderr
{"level":"debug","ts":1743764173.205332,"logger":"http.handlers.rewrite","msg":"rewrote request","request":{"remote_ip":"::1","remote_port":"51978","client_ip":"::1","proto":"HTTP/1.1","method":"GET","host":"localhost","uri":"/index.html","headers":{"X-Request-Id":["invalid_request_id"],"User-Agent":["curl/7.68.0"],"Accept":["*/*"]}},"method":"GET","uri":"/index.html"}
{"level":"debug","ts":1743764173.2054005,"logger":"http.handlers.file_server","msg":"sanitized path join","site_root":"/tmp/appsmith/www","fs":"","request_path":"/index.html","result":"/tmp/appsmith/www/index.html"}
{"level":"debug","ts":1743764173.205427,"logger":"http.handlers.file_server","msg":"opening file","filename":"/tmp/appsmith/www/index.html"}
READY
RESULT 885
processname:editor groupname:editor pid:1698 channel:stdout
{"level":"info","ts":1743764173.205637,"logger":"http.log.access.log0","msg":"handled request","request":{"remote_ip":"::1","remote_port":"51978","client_ip":"::1","proto":"HTTP/1.1","method":"GET","host":"localhost","uri":"/","headers":{"User-Agent":["curl/7.68.0"],"Accept":["*/*"]}},"bytes_read":0,"user_id":"","duration":0.000529645,"size":5571,"status":200,"resp_headers":{"Last-Modified":["Fri, 04 Apr 2025 10:49:33 GMT"],"X-Appsmith-Request-Id":["252d96d6-4f5f-402a-a5ac-966e80bf1d15"],"Vary":["Accept-Encoding"],"X-Request-Id":["invalid_request_id"],"Etag":["\"d8xso2hr4o0x4ar\""],"Content-Type":["text/html; charset=utf-8"],"Accept-Ranges":["bytes"],"Content-Length":["5571"],"X-Content-Type-Options":["nosniff"],"Content-Security-Policy":["frame-ancestors 'self' *"]},"uuid":"252d96d6-4f5f-402a-a5ac-966e80bf1d15"}
READY
RESULT 137
processname:postgres groupname:postgres pid:1702 channel:stderr
2025-04-04 10:56:15.213 UTC [1702] LOG:  received smart shutdown request
READY
RESULT 189
processname:postgres groupname:postgres pid:1702 channel:stderr
2025-04-04 10:56:15.235 UTC [1702] LOG:  background worker "logical replication launcher" (PID 1769) exited with exit code 1
READY
RESULT 119
processname:postgres groupname:postgres pid:1702 channel:stderr
2025-04-04 10:56:15.244 UTC [1764] LOG:  shutting down
READY
RESULT 134
processname:postgres groupname:postgres pid:1702 channel:stderr
2025-04-04 10:56:15.479 UTC [1702] LOG:  database system is shut down
READY
RESULT 157
processname:editor groupname:editor pid:1698 channel:stderr
{"level":"info","ts":1743764175.4849045,"msg":"quitting process immediately","signal":"SIGQUIT"}
READY
RESULT 342
processname:backend groupname:backend pid:1696 channel:stdout
[2025-04-04 10:56:15,514] [SpringApplicationShutdownHook] requestId= userEmail= traceId= spanId= - Commencing graceful shutdown. Waiting for active requests to complete
[2025-04-04 10:56:15,519] [netty-shutdown] requestId= userEmail= traceId= spanId= - Graceful shutdown complete
READY
RESULT 297
processname:backend groupname:backend pid:1696 channel:stdout
[2025-04-04 10:56:17,777] [SpringApplicationShutdownHook] requestId= userEmail= traceId= spanId= - Invocation of destroy method failed on bean with name 'container': org.springframework.data.redis.RedisSystemException: Redis exception
READY
RESULT 131
processname:redis groupname:redis pid:1688 channel:stdout
1688:signal-handler (1743764181) Received SIGTERM scheduling shutdown...
READY
RESULT 199
processname:redis groupname:redis pid:1688 channel:stdout
1688:M 04 Apr 2025 10:56:21.740 # User requested shutdown...
1688:M 04 Apr 2025 10:56:21.740 * Saving the final RDB snapshot before exiting.
READY
