2025-04-02 17:56:49,089 CRIT Supervisor is running as root.  Privileges were not dropped because no user is specified in the config file.  If you intend to run as root, you can set user=root in the config file to avoid this message.
2025-04-02 17:56:49,090 INFO Included extra file "/tmp/appsmith/supervisor-conf.d/backend.conf" during parsing
2025-04-02 17:56:49,091 INFO Included extra file "/tmp/appsmith/supervisor-conf.d/editor.conf" during parsing
2025-04-02 17:56:49,092 INFO Included extra file "/tmp/appsmith/supervisor-conf.d/mongodb.conf" during parsing
2025-04-02 17:56:49,092 INFO Included extra file "/tmp/appsmith/supervisor-conf.d/postgres.conf" during parsing
2025-04-02 17:56:49,093 INFO Included extra file "/tmp/appsmith/supervisor-conf.d/redis.conf" during parsing
2025-04-02 17:56:49,094 INFO Included extra file "/tmp/appsmith/supervisor-conf.d/rts.conf" during parsing
2025-04-02 17:56:49,126 INFO RPC interface 'supervisor' initialized
2025-04-02 17:56:49,127 INFO RPC interface 'supervisor' initialized
2025-04-02 17:56:49,128 CRIT Server 'unix_http_server' running without any HTTP authentication checking
2025-04-02 17:56:49,130 INFO supervisord started with pid 1
2025-04-02 17:56:50,046 INFO spawned: 'stdout' with pid 2096
2025-04-02 17:56:50,059 INFO spawned: 'redis' with pid 2097
2025-04-02 17:56:50,073 INFO spawned: 'mongodb' with pid 2098
2025-04-02 17:56:50,086 INFO spawned: 'rts' with pid 2099
2025-04-02 17:56:50,102 INFO spawned: 'backend' with pid 2100
2025-04-02 17:56:50,121 INFO spawned: 'editor' with pid 2103
2025-04-02 17:56:50,138 INFO spawned: 'postgres' with pid 2104
2025-04-02 17:56:50,152 INFO success: redis entered RUNNING state, process has stayed up for > than 0 seconds (startsecs)
2025-04-02 17:56:50,155 INFO success: rts entered RUNNING state, process has stayed up for > than 0 seconds (startsecs)
2025-04-02 17:56:50,160 INFO success: editor entered RUNNING state, process has stayed up for > than 0 seconds (startsecs)
2025-04-02 17:56:51,162 INFO success: stdout entered RUNNING state, process has stayed up for > than 1 seconds (startsecs)
2025-04-02 17:56:51,163 INFO success: postgres entered RUNNING state, process has stayed up for > than 1 seconds (startsecs)
2025-04-02 17:56:51,935 INFO reaped unknown pid 93
2025-04-02 17:57:00,349 INFO success: mongodb entered RUNNING state, process has stayed up for > than 10 seconds (startsecs)
2025-04-02 17:57:10,848 INFO success: backend entered RUNNING state, process has stayed up for > than 20 seconds (startsecs)
2025-04-02 17:58:02,822 INFO reaped unknown pid 121
2025-04-04 06:15:29,973 CRIT Supervisor is running as root.  Privileges were not dropped because no user is specified in the config file.  If you intend to run as root, you can set user=root in the config file to avoid this message.
2025-04-04 06:15:29,978 INFO Included extra file "/tmp/appsmith/supervisor-conf.d/backend.conf" during parsing
2025-04-04 06:15:29,979 INFO Included extra file "/tmp/appsmith/supervisor-conf.d/editor.conf" during parsing
2025-04-04 06:15:29,979 INFO Included extra file "/tmp/appsmith/supervisor-conf.d/mongodb.conf" during parsing
2025-04-04 06:15:29,980 INFO Included extra file "/tmp/appsmith/supervisor-conf.d/postgres.conf" during parsing
2025-04-04 06:15:29,981 INFO Included extra file "/tmp/appsmith/supervisor-conf.d/redis.conf" during parsing
2025-04-04 06:15:29,981 INFO Included extra file "/tmp/appsmith/supervisor-conf.d/rts.conf" during parsing
2025-04-04 06:15:30,066 INFO RPC interface 'supervisor' initialized
2025-04-04 06:15:30,380 INFO RPC interface 'supervisor' initialized
2025-04-04 06:15:30,386 CRIT Server 'unix_http_server' running without any HTTP authentication checking
2025-04-04 06:15:30,388 INFO supervisord started with pid 1
2025-04-04 06:15:30,704 INFO spawned: 'stdout' with pid 1933
2025-04-04 06:15:30,769 INFO spawned: 'redis' with pid 1934
2025-04-04 06:15:30,816 INFO spawned: 'mongodb' with pid 1935
2025-04-04 06:15:30,850 INFO spawned: 'rts' with pid 1936
2025-04-04 06:15:31,032 INFO spawned: 'backend' with pid 1939
2025-04-04 06:15:31,117 INFO spawned: 'editor' with pid 1944
2025-04-04 06:15:31,220 INFO spawned: 'postgres' with pid 1960
2025-04-04 06:15:31,346 INFO success: redis entered RUNNING state, process has stayed up for > than 0 seconds (startsecs)
2025-04-04 06:15:31,350 INFO success: rts entered RUNNING state, process has stayed up for > than 0 seconds (startsecs)
2025-04-04 06:15:31,355 INFO success: editor entered RUNNING state, process has stayed up for > than 0 seconds (startsecs)
2025-04-04 06:15:32,286 INFO success: stdout entered RUNNING state, process has stayed up for > than 1 seconds (startsecs)
2025-04-04 06:15:32,287 INFO success: postgres entered RUNNING state, process has stayed up for > than 1 seconds (startsecs)
2025-04-04 06:15:33,013 INFO reaped unknown pid 91
2025-04-04 06:15:40,957 INFO success: mongodb entered RUNNING state, process has stayed up for > than 10 seconds (startsecs)
2025-04-04 06:15:51,736 INFO success: backend entered RUNNING state, process has stayed up for > than 20 seconds (startsecs)
2025-04-04 06:18:19,905 INFO reaped unknown pid 118
2025-04-04 06:38:57,636 WARN received SIGTERM indicating exit request
2025-04-04 06:38:57,641 INFO waiting for stdout, redis, mongodb, rts, backend, editor, postgres to die
2025-04-04 06:38:58,059 INFO stopped: postgres (exit status 0)
2025-04-04 06:38:58,079 INFO stopped: editor (exit status 2)
2025-04-04 06:39:01,408 INFO waiting for stdout, redis, mongodb, rts, backend to die
2025-04-04 06:39:02,842 INFO stopped: backend (exit status 143)
2025-04-04 06:39:02,843 INFO reaped unknown pid 2045
2025-04-04 06:39:02,858 INFO stopped: rts (terminated by SIGTERM)
2025-04-04 06:39:04,658 INFO stopped: mongodb (exit status 0)
2025-04-04 06:39:04,664 INFO waiting for stdout, redis to die
2025-04-04 06:39:04,789 INFO stopped: redis (exit status 0)
2025-04-04 06:39:04,871 INFO stopped: stdout (terminated by SIGTERM)
2025-04-04 06:39:32,000 CRIT Supervisor is running as root.  Privileges were not dropped because no user is specified in the config file.  If you intend to run as root, you can set user=root in the config file to avoid this message.
2025-04-04 06:39:32,001 INFO Included extra file "/tmp/appsmith/supervisor-conf.d/backend.conf" during parsing
2025-04-04 06:39:32,002 INFO Included extra file "/tmp/appsmith/supervisor-conf.d/editor.conf" during parsing
2025-04-04 06:39:32,004 INFO Included extra file "/tmp/appsmith/supervisor-conf.d/mongodb.conf" during parsing
2025-04-04 06:39:32,005 INFO Included extra file "/tmp/appsmith/supervisor-conf.d/postgres.conf" during parsing
2025-04-04 06:39:32,006 INFO Included extra file "/tmp/appsmith/supervisor-conf.d/redis.conf" during parsing
2025-04-04 06:39:32,008 INFO Included extra file "/tmp/appsmith/supervisor-conf.d/rts.conf" during parsing
2025-04-04 06:39:32,034 INFO RPC interface 'supervisor' initialized
2025-04-04 06:39:32,037 INFO RPC interface 'supervisor' initialized
2025-04-04 06:39:32,048 CRIT Server 'unix_http_server' running without any HTTP authentication checking
2025-04-04 06:39:32,050 INFO supervisord started with pid 1
2025-04-04 06:39:33,017 INFO spawned: 'stdout' with pid 1676
2025-04-04 06:39:33,038 INFO spawned: 'redis' with pid 1677
2025-04-04 06:39:33,075 INFO spawned: 'mongodb' with pid 1678
2025-04-04 06:39:33,125 INFO spawned: 'rts' with pid 1680
2025-04-04 06:39:33,177 INFO spawned: 'backend' with pid 1694
2025-04-04 06:39:33,199 INFO spawned: 'editor' with pid 1697
2025-04-04 06:39:33,243 INFO spawned: 'postgres' with pid 1706
2025-04-04 06:39:33,280 INFO success: redis entered RUNNING state, process has stayed up for > than 0 seconds (startsecs)
2025-04-04 06:39:33,281 INFO success: rts entered RUNNING state, process has stayed up for > than 0 seconds (startsecs)
2025-04-04 06:39:33,288 INFO success: editor entered RUNNING state, process has stayed up for > than 0 seconds (startsecs)
2025-04-04 06:39:34,180 INFO success: stdout entered RUNNING state, process has stayed up for > than 1 seconds (startsecs)
2025-04-04 06:39:34,326 INFO success: postgres entered RUNNING state, process has stayed up for > than 1 seconds (startsecs)
2025-04-04 06:39:34,790 INFO reaped unknown pid 67
2025-04-04 06:39:43,276 INFO success: mongodb entered RUNNING state, process has stayed up for > than 10 seconds (startsecs)
2025-04-04 06:39:53,631 INFO success: backend entered RUNNING state, process has stayed up for > than 20 seconds (startsecs)
2025-04-04 06:40:07,397 INFO reaped unknown pid 94
2025-04-04 06:47:40,968 WARN received SIGTERM indicating exit request
2025-04-04 06:47:40,970 INFO waiting for stdout, redis, mongodb, rts, backend, editor, postgres to die
2025-04-04 06:47:41,457 INFO stopped: postgres (exit status 0)
2025-04-04 06:47:41,499 INFO stopped: editor (exit status 2)
2025-04-04 06:47:44,843 INFO waiting for stdout, redis, mongodb, rts, backend to die
2025-04-04 06:47:46,642 INFO stopped: backend (exit status 143)
2025-04-04 06:47:46,643 INFO reaped unknown pid 1798
2025-04-04 06:47:46,662 INFO stopped: rts (terminated by SIGTERM)
2025-04-04 06:47:48,241 INFO stopped: mongodb (exit status 0)
2025-04-04 06:47:48,245 INFO waiting for stdout, redis to die
2025-04-04 06:47:48,308 INFO stopped: redis (exit status 0)
2025-04-04 06:47:48,313 INFO stopped: stdout (terminated by SIGTERM)
2025-04-04 06:49:24,282 CRIT Supervisor is running as root.  Privileges were not dropped because no user is specified in the config file.  If you intend to run as root, you can set user=root in the config file to avoid this message.
2025-04-04 06:49:24,284 INFO Included extra file "/tmp/appsmith/supervisor-conf.d/backend.conf" during parsing
2025-04-04 06:49:24,286 INFO Included extra file "/tmp/appsmith/supervisor-conf.d/editor.conf" during parsing
2025-04-04 06:49:24,287 INFO Included extra file "/tmp/appsmith/supervisor-conf.d/mongodb.conf" during parsing
2025-04-04 06:49:24,288 INFO Included extra file "/tmp/appsmith/supervisor-conf.d/postgres.conf" during parsing
2025-04-04 06:49:24,289 INFO Included extra file "/tmp/appsmith/supervisor-conf.d/redis.conf" during parsing
2025-04-04 06:49:24,291 INFO Included extra file "/tmp/appsmith/supervisor-conf.d/rts.conf" during parsing
2025-04-04 06:49:24,312 INFO RPC interface 'supervisor' initialized
2025-04-04 06:49:24,314 INFO RPC interface 'supervisor' initialized
2025-04-04 06:49:24,320 CRIT Server 'unix_http_server' running without any HTTP authentication checking
2025-04-04 06:49:24,323 INFO supervisord started with pid 1
2025-04-04 06:49:25,297 INFO spawned: 'stdout' with pid 1677
2025-04-04 06:49:25,312 INFO spawned: 'redis' with pid 1678
2025-04-04 06:49:25,335 INFO spawned: 'mongodb' with pid 1679
2025-04-04 06:49:25,379 INFO spawned: 'rts' with pid 1683
2025-04-04 06:49:25,436 INFO spawned: 'backend' with pid 1687
2025-04-04 06:49:25,470 INFO spawned: 'editor' with pid 1695
2025-04-04 06:49:25,496 INFO spawned: 'postgres' with pid 1699
2025-04-04 06:49:25,528 INFO success: redis entered RUNNING state, process has stayed up for > than 0 seconds (startsecs)
2025-04-04 06:49:25,530 INFO success: rts entered RUNNING state, process has stayed up for > than 0 seconds (startsecs)
2025-04-04 06:49:25,540 INFO success: editor entered RUNNING state, process has stayed up for > than 0 seconds (startsecs)
2025-04-04 06:49:26,792 INFO success: stdout entered RUNNING state, process has stayed up for > than 1 seconds (startsecs)
2025-04-04 06:49:26,809 INFO success: postgres entered RUNNING state, process has stayed up for > than 1 seconds (startsecs)
2025-04-04 06:49:27,784 INFO reaped unknown pid 67
2025-04-04 06:49:35,885 INFO success: mongodb entered RUNNING state, process has stayed up for > than 10 seconds (startsecs)
2025-04-04 06:49:45,695 INFO success: backend entered RUNNING state, process has stayed up for > than 20 seconds (startsecs)
2025-04-04 06:50:14,734 INFO reaped unknown pid 94
2025-04-04 06:51:00,425 WARN received SIGTERM indicating exit request
2025-04-04 06:51:00,432 INFO waiting for stdout, redis, mongodb, rts, backend, editor, postgres to die
2025-04-04 06:51:01,777 INFO stopped: postgres (exit status 0)
2025-04-04 06:51:01,813 INFO stopped: editor (exit status 2)
2025-04-04 06:51:03,673 INFO waiting for stdout, redis, mongodb, rts, backend to die
2025-04-04 06:51:06,777 INFO waiting for stdout, redis, mongodb, rts, backend to die
2025-04-04 06:55:11,547 CRIT Supervisor is running as root.  Privileges were not dropped because no user is specified in the config file.  If you intend to run as root, you can set user=root in the config file to avoid this message.
2025-04-04 06:55:11,548 INFO Included extra file "/tmp/appsmith/supervisor-conf.d/backend.conf" during parsing
2025-04-04 06:55:11,549 INFO Included extra file "/tmp/appsmith/supervisor-conf.d/editor.conf" during parsing
2025-04-04 06:55:11,550 INFO Included extra file "/tmp/appsmith/supervisor-conf.d/mongodb.conf" during parsing
2025-04-04 06:55:11,551 INFO Included extra file "/tmp/appsmith/supervisor-conf.d/postgres.conf" during parsing
2025-04-04 06:55:11,553 INFO Included extra file "/tmp/appsmith/supervisor-conf.d/redis.conf" during parsing
2025-04-04 06:55:11,554 INFO Included extra file "/tmp/appsmith/supervisor-conf.d/rts.conf" during parsing
2025-04-04 06:55:11,576 INFO RPC interface 'supervisor' initialized
2025-04-04 06:55:11,578 INFO RPC interface 'supervisor' initialized
2025-04-04 06:55:11,580 CRIT Server 'unix_http_server' running without any HTTP authentication checking
2025-04-04 06:55:11,581 INFO supervisord started with pid 1
2025-04-04 06:55:12,319 INFO spawned: 'stdout' with pid 1678
2025-04-04 06:55:12,332 INFO spawned: 'redis' with pid 1679
2025-04-04 06:55:12,348 INFO spawned: 'mongodb' with pid 1680
2025-04-04 06:55:12,377 INFO spawned: 'rts' with pid 1684
2025-04-04 06:55:12,410 INFO spawned: 'backend' with pid 1687
2025-04-04 06:55:12,428 INFO spawned: 'editor' with pid 1688
2025-04-04 06:55:12,459 INFO spawned: 'postgres' with pid 1694
2025-04-04 06:55:12,494 INFO success: redis entered RUNNING state, process has stayed up for > than 0 seconds (startsecs)
2025-04-04 06:55:12,496 INFO success: rts entered RUNNING state, process has stayed up for > than 0 seconds (startsecs)
2025-04-04 06:55:12,499 INFO success: editor entered RUNNING state, process has stayed up for > than 0 seconds (startsecs)
2025-04-04 06:55:13,343 INFO success: stdout entered RUNNING state, process has stayed up for > than 1 seconds (startsecs)
2025-04-04 06:55:13,433 INFO success: postgres entered RUNNING state, process has stayed up for > than 1 seconds (startsecs)
2025-04-04 06:55:13,938 INFO reaped unknown pid 70
2025-04-04 06:55:22,881 INFO success: mongodb entered RUNNING state, process has stayed up for > than 10 seconds (startsecs)
2025-04-04 06:55:32,735 INFO success: backend entered RUNNING state, process has stayed up for > than 20 seconds (startsecs)
2025-04-04 06:55:46,849 INFO reaped unknown pid 96
2025-04-04 07:32:07,749 WARN received SIGTERM indicating exit request
2025-04-04 07:32:07,752 INFO waiting for stdout, redis, mongodb, rts, backend, editor, postgres to die
2025-04-04 07:32:08,292 INFO stopped: postgres (exit status 0)
2025-04-04 07:32:08,325 INFO stopped: editor (exit status 2)
2025-04-04 07:32:10,837 INFO waiting for stdout, redis, mongodb, rts, backend to die
2025-04-04 07:32:13,694 INFO stopped: backend (exit status 143)
2025-04-04 07:32:13,699 INFO reaped unknown pid 1797
2025-04-04 07:32:13,733 INFO stopped: rts (terminated by SIGTERM)
2025-04-04 07:32:14,739 INFO waiting for stdout, redis, mongodb to die
2025-04-04 07:32:15,171 INFO stopped: mongodb (exit status 0)
2025-04-04 07:32:15,309 INFO stopped: redis (exit status 0)
2025-04-04 07:32:15,333 INFO stopped: stdout (terminated by SIGTERM)
2025-04-04 07:48:41,816 CRIT Supervisor is running as root.  Privileges were not dropped because no user is specified in the config file.  If you intend to run as root, you can set user=root in the config file to avoid this message.
2025-04-04 07:48:41,816 INFO Included extra file "/tmp/appsmith/supervisor-conf.d/backend.conf" during parsing
2025-04-04 07:48:41,817 INFO Included extra file "/tmp/appsmith/supervisor-conf.d/editor.conf" during parsing
2025-04-04 07:48:41,818 INFO Included extra file "/tmp/appsmith/supervisor-conf.d/mongodb.conf" during parsing
2025-04-04 07:48:41,820 INFO Included extra file "/tmp/appsmith/supervisor-conf.d/postgres.conf" during parsing
2025-04-04 07:48:41,821 INFO Included extra file "/tmp/appsmith/supervisor-conf.d/redis.conf" during parsing
2025-04-04 07:48:41,822 INFO Included extra file "/tmp/appsmith/supervisor-conf.d/rts.conf" during parsing
2025-04-04 07:48:41,862 INFO RPC interface 'supervisor' initialized
2025-04-04 07:48:41,864 INFO RPC interface 'supervisor' initialized
2025-04-04 07:48:41,865 CRIT Server 'unix_http_server' running without any HTTP authentication checking
2025-04-04 07:48:41,867 INFO supervisord started with pid 1
2025-04-04 07:48:42,547 INFO spawned: 'stdout' with pid 1688
2025-04-04 07:48:42,560 INFO spawned: 'redis' with pid 1689
2025-04-04 07:48:42,592 INFO spawned: 'mongodb' with pid 1690
2025-04-04 07:48:42,618 INFO spawned: 'rts' with pid 1691
2025-04-04 07:48:42,653 INFO spawned: 'backend' with pid 1695
2025-04-04 07:48:42,706 INFO spawned: 'editor' with pid 1699
2025-04-04 07:48:42,746 INFO spawned: 'postgres' with pid 1712
2025-04-04 07:48:42,771 INFO success: redis entered RUNNING state, process has stayed up for > than 0 seconds (startsecs)
2025-04-04 07:48:42,782 INFO success: rts entered RUNNING state, process has stayed up for > than 0 seconds (startsecs)
2025-04-04 07:48:42,783 INFO success: editor entered RUNNING state, process has stayed up for > than 0 seconds (startsecs)
2025-04-04 07:48:43,602 INFO success: stdout entered RUNNING state, process has stayed up for > than 1 seconds (startsecs)
2025-04-04 07:48:43,875 INFO success: postgres entered RUNNING state, process has stayed up for > than 1 seconds (startsecs)
2025-04-04 07:48:43,900 INFO reaped unknown pid 75
2025-04-04 07:48:52,586 INFO success: mongodb entered RUNNING state, process has stayed up for > than 10 seconds (startsecs)
2025-04-04 07:49:03,107 INFO success: backend entered RUNNING state, process has stayed up for > than 20 seconds (startsecs)
2025-04-04 07:51:52,320 INFO reaped unknown pid 103
2025-04-04 07:52:06,101 WARN received SIGTERM indicating exit request
2025-04-04 07:52:06,114 INFO waiting for stdout, redis, mongodb, rts, backend, editor, postgres to die
2025-04-04 07:52:09,758 INFO waiting for stdout, redis, mongodb, rts, backend, editor, postgres to die
2025-04-04 07:52:13,469 INFO waiting for stdout, redis, mongodb, rts, backend, editor, postgres to die
2025-04-04 07:52:16,750 WARN killing 'postgres' (1712) with SIGKILL
2025-04-04 07:52:16,824 INFO stopped: postgres (terminated by SIGKILL)
2025-04-04 07:52:17,798 INFO waiting for stdout, redis, mongodb, rts, backend, editor to die
2025-04-04 07:52:18,027 INFO stopped: editor (exit status 2)
2025-04-04 08:17:23,109 CRIT Supervisor is running as root.  Privileges were not dropped because no user is specified in the config file.  If you intend to run as root, you can set user=root in the config file to avoid this message.
2025-04-04 08:17:23,109 INFO Included extra file "/tmp/appsmith/supervisor-conf.d/backend.conf" during parsing
2025-04-04 08:17:23,110 INFO Included extra file "/tmp/appsmith/supervisor-conf.d/editor.conf" during parsing
2025-04-04 08:17:23,110 INFO Included extra file "/tmp/appsmith/supervisor-conf.d/mongodb.conf" during parsing
2025-04-04 08:17:23,111 INFO Included extra file "/tmp/appsmith/supervisor-conf.d/postgres.conf" during parsing
2025-04-04 08:17:23,111 INFO Included extra file "/tmp/appsmith/supervisor-conf.d/redis.conf" during parsing
2025-04-04 08:17:23,112 INFO Included extra file "/tmp/appsmith/supervisor-conf.d/rts.conf" during parsing
2025-04-04 08:17:23,134 INFO RPC interface 'supervisor' initialized
2025-04-04 08:17:23,136 INFO RPC interface 'supervisor' initialized
2025-04-04 08:17:23,137 CRIT Server 'unix_http_server' running without any HTTP authentication checking
2025-04-04 08:17:23,139 INFO supervisord started with pid 1
2025-04-04 08:17:24,149 INFO spawned: 'stdout' with pid 1717
2025-04-04 08:17:24,165 INFO spawned: 'redis' with pid 1718
2025-04-04 08:17:24,188 INFO spawned: 'mongodb' with pid 1719
2025-04-04 08:17:24,223 INFO spawned: 'rts' with pid 1720
2025-04-04 08:17:24,253 INFO spawned: 'backend' with pid 1723
2025-04-04 08:17:24,306 INFO spawned: 'editor' with pid 1728
2025-04-04 08:17:24,387 INFO spawned: 'postgres' with pid 1742
2025-04-04 08:17:24,436 INFO success: redis entered RUNNING state, process has stayed up for > than 0 seconds (startsecs)
2025-04-04 08:17:24,453 INFO success: rts entered RUNNING state, process has stayed up for > than 0 seconds (startsecs)
2025-04-04 08:17:24,460 INFO success: editor entered RUNNING state, process has stayed up for > than 0 seconds (startsecs)
2025-04-04 08:17:25,159 INFO success: stdout entered RUNNING state, process has stayed up for > than 1 seconds (startsecs)
2025-04-04 08:17:25,169 INFO reaped unknown pid 68
2025-04-04 08:17:25,484 INFO success: postgres entered RUNNING state, process has stayed up for > than 1 seconds (startsecs)
2025-04-04 08:17:34,643 INFO success: mongodb entered RUNNING state, process has stayed up for > than 10 seconds (startsecs)
2025-04-04 08:17:44,488 INFO success: backend entered RUNNING state, process has stayed up for > than 20 seconds (startsecs)
2025-04-04 08:19:29,192 INFO reaped unknown pid 95
2025-04-04 08:41:15,370 WARN received SIGTERM indicating exit request
2025-04-04 08:41:15,402 INFO waiting for stdout, redis, mongodb, rts, backend, editor, postgres to die
2025-04-04 08:41:16,311 INFO stopped: postgres (exit status 0)
2025-04-04 08:41:16,366 INFO stopped: editor (exit status 2)
2025-04-04 08:41:18,685 INFO waiting for stdout, redis, mongodb, rts, backend to die
2025-04-04 08:41:21,652 INFO stopped: backend (exit status 143)
2025-04-04 08:41:21,658 INFO reaped unknown pid 1832
2025-04-04 08:41:21,697 INFO waiting for stdout, redis, mongodb, rts to die
2025-04-04 08:41:21,731 INFO stopped: rts (terminated by SIGTERM)
2025-04-04 08:41:24,207 INFO stopped: mongodb (exit status 0)
2025-04-04 08:41:24,379 INFO stopped: redis (exit status 0)
2025-04-04 08:41:24,408 INFO stopped: stdout (terminated by SIGTERM)
2025-04-04 08:42:35,198 CRIT Supervisor is running as root.  Privileges were not dropped because no user is specified in the config file.  If you intend to run as root, you can set user=root in the config file to avoid this message.
2025-04-04 08:42:35,198 INFO Included extra file "/tmp/appsmith/supervisor-conf.d/backend.conf" during parsing
2025-04-04 08:42:35,199 INFO Included extra file "/tmp/appsmith/supervisor-conf.d/editor.conf" during parsing
2025-04-04 08:42:35,200 INFO Included extra file "/tmp/appsmith/supervisor-conf.d/mongodb.conf" during parsing
2025-04-04 08:42:35,201 INFO Included extra file "/tmp/appsmith/supervisor-conf.d/postgres.conf" during parsing
2025-04-04 08:42:35,202 INFO Included extra file "/tmp/appsmith/supervisor-conf.d/redis.conf" during parsing
2025-04-04 08:42:35,202 INFO Included extra file "/tmp/appsmith/supervisor-conf.d/rts.conf" during parsing
2025-04-04 08:42:35,218 INFO RPC interface 'supervisor' initialized
2025-04-04 08:42:35,220 INFO RPC interface 'supervisor' initialized
2025-04-04 08:42:35,221 CRIT Server 'unix_http_server' running without any HTTP authentication checking
2025-04-04 08:42:35,223 INFO supervisord started with pid 1
2025-04-04 08:42:35,924 INFO spawned: 'stdout' with pid 1677
2025-04-04 08:42:35,936 INFO spawned: 'redis' with pid 1678
2025-04-04 08:42:35,955 INFO spawned: 'mongodb' with pid 1679
2025-04-04 08:42:35,985 INFO spawned: 'rts' with pid 1683
2025-04-04 08:42:36,019 INFO spawned: 'backend' with pid 1686
2025-04-04 08:42:36,048 INFO spawned: 'editor' with pid 1688
2025-04-04 08:42:36,072 INFO spawned: 'postgres' with pid 1692
2025-04-04 08:42:36,103 INFO success: redis entered RUNNING state, process has stayed up for > than 0 seconds (startsecs)
2025-04-04 08:42:36,117 INFO success: rts entered RUNNING state, process has stayed up for > than 0 seconds (startsecs)
2025-04-04 08:42:36,119 INFO success: editor entered RUNNING state, process has stayed up for > than 0 seconds (startsecs)
2025-04-04 08:42:37,060 INFO success: stdout entered RUNNING state, process has stayed up for > than 1 seconds (startsecs)
2025-04-04 08:42:37,063 INFO success: postgres entered RUNNING state, process has stayed up for > than 1 seconds (startsecs)
2025-04-04 08:42:37,128 INFO reaped unknown pid 68
2025-04-04 08:42:46,620 INFO success: mongodb entered RUNNING state, process has stayed up for > than 10 seconds (startsecs)
2025-04-04 08:42:56,512 INFO success: backend entered RUNNING state, process has stayed up for > than 20 seconds (startsecs)
2025-04-04 08:43:09,751 INFO reaped unknown pid 95
2025-04-04 08:44:28,214 WARN received SIGTERM indicating exit request
2025-04-04 08:44:28,222 INFO waiting for stdout, redis, mongodb, rts, backend, editor, postgres to die
2025-04-04 08:44:29,391 INFO stopped: postgres (exit status 0)
2025-04-04 08:44:29,495 INFO stopped: editor (exit status 2)
2025-04-04 08:44:31,745 INFO waiting for stdout, redis, mongodb, rts, backend to die
2025-04-04 08:44:34,950 INFO waiting for stdout, redis, mongodb, rts, backend to die
2025-04-04 08:44:37,956 INFO waiting for stdout, redis, mongodb, rts, backend to die
2025-04-04 08:51:33,569 CRIT Supervisor is running as root.  Privileges were not dropped because no user is specified in the config file.  If you intend to run as root, you can set user=root in the config file to avoid this message.
2025-04-04 08:51:33,570 INFO Included extra file "/tmp/appsmith/supervisor-conf.d/backend.conf" during parsing
2025-04-04 08:51:33,571 INFO Included extra file "/tmp/appsmith/supervisor-conf.d/editor.conf" during parsing
2025-04-04 08:51:33,572 INFO Included extra file "/tmp/appsmith/supervisor-conf.d/mongodb.conf" during parsing
2025-04-04 08:51:33,573 INFO Included extra file "/tmp/appsmith/supervisor-conf.d/postgres.conf" during parsing
2025-04-04 08:51:33,574 INFO Included extra file "/tmp/appsmith/supervisor-conf.d/redis.conf" during parsing
2025-04-04 08:51:33,575 INFO Included extra file "/tmp/appsmith/supervisor-conf.d/rts.conf" during parsing
2025-04-04 08:51:33,588 INFO RPC interface 'supervisor' initialized
2025-04-04 08:51:33,589 INFO RPC interface 'supervisor' initialized
2025-04-04 08:51:33,591 CRIT Server 'unix_http_server' running without any HTTP authentication checking
2025-04-04 08:51:33,592 INFO supervisord started with pid 1
2025-04-04 08:51:34,526 INFO spawned: 'stdout' with pid 1675
2025-04-04 08:51:34,538 INFO spawned: 'redis' with pid 1676
2025-04-04 08:51:34,558 INFO spawned: 'mongodb' with pid 1677
2025-04-04 08:51:34,592 INFO spawned: 'rts' with pid 1681
2025-04-04 08:51:34,624 INFO spawned: 'backend' with pid 1684
2025-04-04 08:51:34,645 INFO spawned: 'editor' with pid 1686
2025-04-04 08:51:34,675 INFO spawned: 'postgres' with pid 1697
2025-04-04 08:51:34,693 INFO success: redis entered RUNNING state, process has stayed up for > than 0 seconds (startsecs)
2025-04-04 08:51:34,695 INFO success: rts entered RUNNING state, process has stayed up for > than 0 seconds (startsecs)
2025-04-04 08:51:34,713 INFO success: editor entered RUNNING state, process has stayed up for > than 0 seconds (startsecs)
2025-04-04 08:51:35,520 INFO success: stdout entered RUNNING state, process has stayed up for > than 1 seconds (startsecs)
2025-04-04 08:51:35,856 INFO success: postgres entered RUNNING state, process has stayed up for > than 1 seconds (startsecs)
2025-04-04 08:51:36,037 INFO reaped unknown pid 66
2025-04-04 08:51:45,157 INFO success: mongodb entered RUNNING state, process has stayed up for > than 10 seconds (startsecs)
2025-04-04 08:51:54,888 INFO success: backend entered RUNNING state, process has stayed up for > than 20 seconds (startsecs)
2025-04-04 08:52:24,889 INFO reaped unknown pid 93
2025-04-04 08:54:47,172 WARN received SIGTERM indicating exit request
2025-04-04 08:54:47,177 INFO waiting for stdout, redis, mongodb, rts, backend, editor, postgres to die
2025-04-04 08:54:47,698 INFO stopped: postgres (exit status 0)
2025-04-04 08:54:47,728 INFO stopped: editor (exit status 2)
2025-04-04 08:54:51,079 INFO waiting for stdout, redis, mongodb, rts, backend to die
2025-04-04 08:54:52,848 INFO stopped: backend (exit status 143)
2025-04-04 08:54:52,854 INFO reaped unknown pid 1794
2025-04-04 08:54:52,875 INFO stopped: rts (terminated by SIGTERM)
2025-04-04 08:54:54,025 INFO stopped: mongodb (exit status 0)
2025-04-04 08:54:54,082 INFO waiting for stdout, redis to die
2025-04-04 08:54:54,138 INFO stopped: redis (exit status 0)
2025-04-04 08:54:54,146 INFO stopped: stdout (terminated by SIGTERM)
2025-04-04 09:02:21,046 CRIT Supervisor is running as root.  Privileges were not dropped because no user is specified in the config file.  If you intend to run as root, you can set user=root in the config file to avoid this message.
2025-04-04 09:02:21,047 INFO Included extra file "/tmp/appsmith/supervisor-conf.d/backend.conf" during parsing
2025-04-04 09:02:21,049 INFO Included extra file "/tmp/appsmith/supervisor-conf.d/editor.conf" during parsing
2025-04-04 09:02:21,050 INFO Included extra file "/tmp/appsmith/supervisor-conf.d/mongodb.conf" during parsing
2025-04-04 09:02:21,051 INFO Included extra file "/tmp/appsmith/supervisor-conf.d/postgres.conf" during parsing
2025-04-04 09:02:21,052 INFO Included extra file "/tmp/appsmith/supervisor-conf.d/redis.conf" during parsing
2025-04-04 09:02:21,053 INFO Included extra file "/tmp/appsmith/supervisor-conf.d/rts.conf" during parsing
2025-04-04 09:02:21,068 INFO RPC interface 'supervisor' initialized
2025-04-04 09:02:21,070 INFO RPC interface 'supervisor' initialized
2025-04-04 09:02:21,071 CRIT Server 'unix_http_server' running without any HTTP authentication checking
2025-04-04 09:02:21,072 INFO supervisord started with pid 1
2025-04-04 09:02:21,978 INFO spawned: 'stdout' with pid 1677
2025-04-04 09:02:21,990 INFO spawned: 'redis' with pid 1678
2025-04-04 09:02:22,017 INFO spawned: 'mongodb' with pid 1679
2025-04-04 09:02:22,054 INFO spawned: 'rts' with pid 1680
2025-04-04 09:02:22,077 INFO spawned: 'backend' with pid 1686
2025-04-04 09:02:22,110 INFO spawned: 'editor' with pid 1690
2025-04-04 09:02:22,140 INFO spawned: 'postgres' with pid 1699
2025-04-04 09:02:22,156 INFO success: redis entered RUNNING state, process has stayed up for > than 0 seconds (startsecs)
2025-04-04 09:02:22,160 INFO success: rts entered RUNNING state, process has stayed up for > than 0 seconds (startsecs)
2025-04-04 09:02:22,161 INFO success: editor entered RUNNING state, process has stayed up for > than 0 seconds (startsecs)
2025-04-04 09:02:23,238 INFO success: stdout entered RUNNING state, process has stayed up for > than 1 seconds (startsecs)
2025-04-04 09:02:23,241 INFO success: postgres entered RUNNING state, process has stayed up for > than 1 seconds (startsecs)
2025-04-04 09:02:23,936 INFO reaped unknown pid 67
2025-04-04 09:02:32,471 INFO success: mongodb entered RUNNING state, process has stayed up for > than 10 seconds (startsecs)
2025-04-04 09:02:42,606 INFO success: backend entered RUNNING state, process has stayed up for > than 20 seconds (startsecs)
2025-04-04 09:03:51,203 INFO reaped unknown pid 94
2025-04-04 09:08:02,315 WARN received SIGTERM indicating exit request
2025-04-04 09:08:02,317 INFO waiting for stdout, redis, mongodb, rts, backend, editor, postgres to die
2025-04-04 09:08:02,874 INFO stopped: postgres (exit status 0)
2025-04-04 09:08:02,885 INFO stopped: editor (exit status 2)
2025-04-04 09:08:06,198 INFO waiting for stdout, redis, mongodb, rts, backend to die
2025-04-04 09:08:07,718 INFO stopped: backend (exit status 143)
2025-04-04 09:08:07,719 INFO reaped unknown pid 1797
2025-04-04 09:08:07,736 INFO stopped: rts (terminated by SIGTERM)
2025-04-04 09:08:09,234 INFO stopped: mongodb (exit status 0)
2025-04-04 09:08:09,242 INFO waiting for stdout, redis to die
2025-04-04 09:08:09,285 INFO stopped: redis (exit status 0)
2025-04-04 09:08:09,312 INFO stopped: stdout (terminated by SIGTERM)
2025-04-04 10:33:11,134 CRIT Supervisor is running as root.  Privileges were not dropped because no user is specified in the config file.  If you intend to run as root, you can set user=root in the config file to avoid this message.
2025-04-04 10:33:11,135 INFO Included extra file "/tmp/appsmith/supervisor-conf.d/backend.conf" during parsing
2025-04-04 10:33:11,136 INFO Included extra file "/tmp/appsmith/supervisor-conf.d/editor.conf" during parsing
2025-04-04 10:33:11,137 INFO Included extra file "/tmp/appsmith/supervisor-conf.d/mongodb.conf" during parsing
2025-04-04 10:33:11,137 INFO Included extra file "/tmp/appsmith/supervisor-conf.d/postgres.conf" during parsing
2025-04-04 10:33:11,138 INFO Included extra file "/tmp/appsmith/supervisor-conf.d/redis.conf" during parsing
2025-04-04 10:33:11,138 INFO Included extra file "/tmp/appsmith/supervisor-conf.d/rts.conf" during parsing
2025-04-04 10:33:11,153 INFO RPC interface 'supervisor' initialized
2025-04-04 10:33:11,154 INFO RPC interface 'supervisor' initialized
2025-04-04 10:33:11,155 CRIT Server 'unix_http_server' running without any HTTP authentication checking
2025-04-04 10:33:11,156 INFO supervisord started with pid 1
2025-04-04 10:33:12,166 INFO spawned: 'stdout' with pid 1695
2025-04-04 10:33:12,176 INFO spawned: 'redis' with pid 1696
2025-04-04 10:33:12,190 INFO spawned: 'mongodb' with pid 1697
2025-04-04 10:33:12,204 INFO spawned: 'rts' with pid 1698
2025-04-04 10:33:12,219 INFO spawned: 'backend' with pid 1700
2025-04-04 10:33:12,244 INFO spawned: 'editor' with pid 1705
2025-04-04 10:33:12,281 INFO spawned: 'postgres' with pid 1717
2025-04-04 10:33:12,304 INFO success: redis entered RUNNING state, process has stayed up for > than 0 seconds (startsecs)
2025-04-04 10:33:12,305 INFO success: rts entered RUNNING state, process has stayed up for > than 0 seconds (startsecs)
2025-04-04 10:33:12,306 INFO success: editor entered RUNNING state, process has stayed up for > than 0 seconds (startsecs)
2025-04-04 10:33:13,245 INFO success: stdout entered RUNNING state, process has stayed up for > than 1 seconds (startsecs)
2025-04-04 10:33:13,248 INFO reaped unknown pid 75
2025-04-04 10:33:13,268 INFO success: postgres entered RUNNING state, process has stayed up for > than 1 seconds (startsecs)
2025-04-04 10:33:22,342 INFO success: mongodb entered RUNNING state, process has stayed up for > than 10 seconds (startsecs)
2025-04-04 10:33:32,806 INFO success: backend entered RUNNING state, process has stayed up for > than 20 seconds (startsecs)
2025-04-04 10:34:52,074 INFO reaped unknown pid 102
2025-04-04 10:38:34,668 WARN received SIGTERM indicating exit request
2025-04-04 10:38:34,693 INFO waiting for stdout, redis, mongodb, rts, backend, editor, postgres to die
2025-04-04 10:38:35,193 INFO stopped: postgres (exit status 0)
2025-04-04 10:38:35,208 INFO stopped: editor (exit status 2)
2025-04-04 10:38:38,470 INFO waiting for stdout, redis, mongodb, rts, backend to die
2025-04-04 10:38:39,943 INFO stopped: backend (exit status 143)
2025-04-04 10:38:39,943 INFO reaped unknown pid 1812
2025-04-04 10:38:39,948 INFO stopped: rts (terminated by SIGTERM)
2025-04-04 10:38:41,962 INFO waiting for stdout, redis, mongodb to die
2025-04-04 10:38:41,966 INFO stopped: mongodb (exit status 0)
2025-04-04 10:38:42,065 INFO stopped: redis (exit status 0)
2025-04-04 10:38:42,070 INFO stopped: stdout (terminated by SIGTERM)
2025-04-04 10:40:58,348 CRIT Supervisor is running as root.  Privileges were not dropped because no user is specified in the config file.  If you intend to run as root, you can set user=root in the config file to avoid this message.
2025-04-04 10:40:58,350 INFO Included extra file "/tmp/appsmith/supervisor-conf.d/backend.conf" during parsing
2025-04-04 10:40:58,350 INFO Included extra file "/tmp/appsmith/supervisor-conf.d/editor.conf" during parsing
2025-04-04 10:40:58,351 INFO Included extra file "/tmp/appsmith/supervisor-conf.d/mongodb.conf" during parsing
2025-04-04 10:40:58,352 INFO Included extra file "/tmp/appsmith/supervisor-conf.d/postgres.conf" during parsing
2025-04-04 10:40:58,352 INFO Included extra file "/tmp/appsmith/supervisor-conf.d/redis.conf" during parsing
2025-04-04 10:40:58,353 INFO Included extra file "/tmp/appsmith/supervisor-conf.d/rts.conf" during parsing
2025-04-04 10:40:58,406 INFO RPC interface 'supervisor' initialized
2025-04-04 10:40:58,407 INFO RPC interface 'supervisor' initialized
2025-04-04 10:40:58,408 CRIT Server 'unix_http_server' running without any HTTP authentication checking
2025-04-04 10:40:58,409 INFO supervisord started with pid 1
2025-04-04 10:40:58,917 INFO spawned: 'stdout' with pid 1689
2025-04-04 10:40:58,971 INFO spawned: 'redis' with pid 1690
2025-04-04 10:40:59,004 INFO spawned: 'mongodb' with pid 1691
2025-04-04 10:40:59,062 INFO spawned: 'rts' with pid 1695
2025-04-04 10:40:59,156 INFO spawned: 'backend' with pid 1698
2025-04-04 10:40:59,240 INFO spawned: 'editor' with pid 1702
2025-04-04 10:40:59,321 INFO spawned: 'postgres' with pid 1713
2025-04-04 10:40:59,336 INFO success: redis entered RUNNING state, process has stayed up for > than 0 seconds (startsecs)
2025-04-04 10:40:59,336 INFO success: rts entered RUNNING state, process has stayed up for > than 0 seconds (startsecs)
2025-04-04 10:40:59,357 INFO success: editor entered RUNNING state, process has stayed up for > than 0 seconds (startsecs)
2025-04-04 10:41:00,070 INFO success: stdout entered RUNNING state, process has stayed up for > than 1 seconds (startsecs)
2025-04-04 10:41:00,293 INFO success: postgres entered RUNNING state, process has stayed up for > than 1 seconds (startsecs)
2025-04-04 10:41:00,645 INFO reaped unknown pid 67
2025-04-04 10:41:08,979 INFO success: mongodb entered RUNNING state, process has stayed up for > than 10 seconds (startsecs)
2025-04-04 10:41:19,756 INFO success: backend entered RUNNING state, process has stayed up for > than 20 seconds (startsecs)
2025-04-04 10:41:47,274 INFO reaped unknown pid 94
2025-04-04 10:48:25,198 WARN received SIGTERM indicating exit request
2025-04-04 10:48:25,270 INFO waiting for stdout, redis, mongodb, rts, backend, editor, postgres to die
2025-04-04 10:48:27,160 INFO stopped: postgres (exit status 0)
2025-04-04 10:48:27,170 INFO stopped: editor (exit status 2)
2025-04-04 10:48:28,437 INFO waiting for stdout, redis, mongodb, rts, backend to die
2025-04-04 10:48:31,933 INFO stopped: backend (exit status 143)
2025-04-04 10:48:31,934 INFO reaped unknown pid 1801
2025-04-04 10:48:31,942 INFO waiting for stdout, redis, mongodb, rts to die
2025-04-04 10:48:31,959 INFO stopped: rts (terminated by SIGTERM)
2025-04-04 10:48:32,866 INFO stopped: mongodb (exit status 0)
2025-04-04 10:48:33,230 INFO stopped: redis (exit status 0)
2025-04-04 10:48:33,236 INFO stopped: stdout (terminated by SIGTERM)
2025-04-04 10:49:31,860 CRIT Supervisor is running as root.  Privileges were not dropped because no user is specified in the config file.  If you intend to run as root, you can set user=root in the config file to avoid this message.
2025-04-04 10:49:31,860 INFO Included extra file "/tmp/appsmith/supervisor-conf.d/backend.conf" during parsing
2025-04-04 10:49:31,861 INFO Included extra file "/tmp/appsmith/supervisor-conf.d/editor.conf" during parsing
2025-04-04 10:49:31,861 INFO Included extra file "/tmp/appsmith/supervisor-conf.d/mongodb.conf" during parsing
2025-04-04 10:49:31,861 INFO Included extra file "/tmp/appsmith/supervisor-conf.d/postgres.conf" during parsing
2025-04-04 10:49:31,862 INFO Included extra file "/tmp/appsmith/supervisor-conf.d/redis.conf" during parsing
2025-04-04 10:49:31,863 INFO Included extra file "/tmp/appsmith/supervisor-conf.d/rts.conf" during parsing
2025-04-04 10:49:31,873 INFO RPC interface 'supervisor' initialized
2025-04-04 10:49:31,874 INFO RPC interface 'supervisor' initialized
2025-04-04 10:49:31,875 CRIT Server 'unix_http_server' running without any HTTP authentication checking
2025-04-04 10:49:31,875 INFO supervisord started with pid 1
2025-04-04 10:49:32,885 INFO spawned: 'stdout' with pid 1687
2025-04-04 10:49:32,896 INFO spawned: 'redis' with pid 1688
2025-04-04 10:49:32,908 INFO spawned: 'mongodb' with pid 1689
2025-04-04 10:49:32,918 INFO spawned: 'rts' with pid 1690
2025-04-04 10:49:32,953 INFO spawned: 'backend' with pid 1696
2025-04-04 10:49:32,971 INFO spawned: 'editor' with pid 1698
2025-04-04 10:49:32,990 INFO spawned: 'postgres' with pid 1702
2025-04-04 10:49:32,998 INFO success: redis entered RUNNING state, process has stayed up for > than 0 seconds (startsecs)
2025-04-04 10:49:33,008 INFO success: rts entered RUNNING state, process has stayed up for > than 0 seconds (startsecs)
2025-04-04 10:49:33,009 INFO success: editor entered RUNNING state, process has stayed up for > than 0 seconds (startsecs)
2025-04-04 10:49:33,900 INFO success: stdout entered RUNNING state, process has stayed up for > than 1 seconds (startsecs)
2025-04-04 10:49:33,987 INFO success: postgres entered RUNNING state, process has stayed up for > than 1 seconds (startsecs)
2025-04-04 10:49:34,547 INFO reaped unknown pid 67
2025-04-04 10:49:43,374 INFO success: mongodb entered RUNNING state, process has stayed up for > than 10 seconds (startsecs)
2025-04-04 10:49:52,932 INFO success: backend entered RUNNING state, process has stayed up for > than 20 seconds (startsecs)
2025-04-04 10:51:14,311 INFO reaped unknown pid 94
2025-04-04 10:56:15,211 WARN received SIGTERM indicating exit request
2025-04-04 10:56:15,213 INFO waiting for stdout, redis, mongodb, rts, backend, editor, postgres to die
2025-04-04 10:56:15,482 INFO stopped: postgres (exit status 0)
2025-04-04 10:56:15,488 INFO stopped: editor (exit status 2)
2025-04-04 10:56:18,785 INFO waiting for stdout, redis, mongodb, rts, backend to die
2025-04-04 10:56:20,282 INFO stopped: backend (exit status 143)
2025-04-04 10:56:20,282 INFO reaped unknown pid 1799
2025-04-04 10:56:20,291 INFO stopped: rts (terminated by SIGTERM)
2025-04-04 10:56:21,647 INFO stopped: mongodb (exit status 0)
2025-04-04 10:56:21,819 INFO stopped: redis (exit status 0)
2025-04-04 10:56:21,838 INFO waiting for stdout to die
2025-04-04 10:56:21,849 INFO stopped: stdout (terminated by SIGTERM)
2025-04-04 10:57:22,512 CRIT Supervisor is running as root.  Privileges were not dropped because no user is specified in the config file.  If you intend to run as root, you can set user=root in the config file to avoid this message.
2025-04-04 10:57:22,514 INFO Included extra file "/tmp/appsmith/supervisor-conf.d/backend.conf" during parsing
2025-04-04 10:57:22,515 INFO Included extra file "/tmp/appsmith/supervisor-conf.d/editor.conf" during parsing
2025-04-04 10:57:22,516 INFO Included extra file "/tmp/appsmith/supervisor-conf.d/mongodb.conf" during parsing
2025-04-04 10:57:22,517 INFO Included extra file "/tmp/appsmith/supervisor-conf.d/postgres.conf" during parsing
2025-04-04 10:57:22,518 INFO Included extra file "/tmp/appsmith/supervisor-conf.d/redis.conf" during parsing
2025-04-04 10:57:22,519 INFO Included extra file "/tmp/appsmith/supervisor-conf.d/rts.conf" during parsing
2025-04-04 10:57:22,546 INFO RPC interface 'supervisor' initialized
2025-04-04 10:57:22,547 INFO RPC interface 'supervisor' initialized
2025-04-04 10:57:22,549 CRIT Server 'unix_http_server' running without any HTTP authentication checking
2025-04-04 10:57:22,550 INFO supervisord started with pid 1
2025-04-04 10:57:23,190 INFO spawned: 'stdout' with pid 1688
2025-04-04 10:57:23,212 INFO spawned: 'redis' with pid 1689
2025-04-04 10:57:23,228 INFO spawned: 'mongodb' with pid 1690
2025-04-04 10:57:23,243 INFO spawned: 'rts' with pid 1691
2025-04-04 10:57:23,256 INFO spawned: 'backend' with pid 1693
2025-04-04 10:57:23,278 INFO spawned: 'editor' with pid 1698
2025-04-04 10:57:23,304 INFO spawned: 'postgres' with pid 1702
2025-04-04 10:57:23,321 INFO success: redis entered RUNNING state, process has stayed up for > than 0 seconds (startsecs)
2025-04-04 10:57:23,322 INFO success: rts entered RUNNING state, process has stayed up for > than 0 seconds (startsecs)
2025-04-04 10:57:23,326 INFO success: editor entered RUNNING state, process has stayed up for > than 0 seconds (startsecs)
2025-04-04 10:57:24,298 INFO success: stdout entered RUNNING state, process has stayed up for > than 1 seconds (startsecs)
2025-04-04 10:57:24,307 INFO success: postgres entered RUNNING state, process has stayed up for > than 1 seconds (startsecs)
2025-04-04 10:57:24,892 INFO reaped unknown pid 69
2025-04-04 10:57:34,043 INFO success: mongodb entered RUNNING state, process has stayed up for > than 10 seconds (startsecs)
2025-04-04 10:57:43,730 INFO success: backend entered RUNNING state, process has stayed up for > than 20 seconds (startsecs)
2025-04-04 10:58:28,060 INFO reaped unknown pid 96
2025-04-04 11:02:11,261 WARN received SIGTERM indicating exit request
2025-04-04 11:02:11,263 INFO waiting for stdout, redis, mongodb, rts, backend, editor, postgres to die
2025-04-04 11:02:11,588 INFO stopped: postgres (exit status 0)
2025-04-04 11:02:11,598 INFO stopped: editor (exit status 2)
2025-04-04 11:02:14,884 INFO waiting for stdout, redis, mongodb, rts, backend to die
2025-04-04 11:02:16,335 INFO stopped: backend (exit status 143)
2025-04-04 11:02:16,336 INFO reaped unknown pid 1801
2025-04-04 11:02:16,347 INFO stopped: rts (terminated by SIGTERM)
2025-04-04 11:02:17,315 INFO stopped: mongodb (exit status 0)
2025-04-04 11:02:17,434 INFO stopped: redis (exit status 0)
2025-04-04 11:02:17,437 INFO stopped: stdout (terminated by SIGTERM)
2025-04-04 11:03:27,443 CRIT Supervisor is running as root.  Privileges were not dropped because no user is specified in the config file.  If you intend to run as root, you can set user=root in the config file to avoid this message.
2025-04-04 11:03:27,451 INFO Included extra file "/tmp/appsmith/supervisor-conf.d/backend.conf" during parsing
2025-04-04 11:03:27,453 INFO Included extra file "/tmp/appsmith/supervisor-conf.d/editor.conf" during parsing
2025-04-04 11:03:27,454 INFO Included extra file "/tmp/appsmith/supervisor-conf.d/mongodb.conf" during parsing
2025-04-04 11:03:27,454 INFO Included extra file "/tmp/appsmith/supervisor-conf.d/postgres.conf" during parsing
2025-04-04 11:03:27,455 INFO Included extra file "/tmp/appsmith/supervisor-conf.d/redis.conf" during parsing
2025-04-04 11:03:27,457 INFO Included extra file "/tmp/appsmith/supervisor-conf.d/rts.conf" during parsing
2025-04-04 11:03:27,487 INFO RPC interface 'supervisor' initialized
2025-04-04 11:03:27,488 INFO RPC interface 'supervisor' initialized
2025-04-04 11:03:27,489 CRIT Server 'unix_http_server' running without any HTTP authentication checking
2025-04-04 11:03:27,492 INFO supervisord started with pid 1
2025-04-04 11:03:28,504 INFO spawned: 'stdout' with pid 1689
2025-04-04 11:03:28,517 INFO spawned: 'redis' with pid 1690
2025-04-04 11:03:28,547 INFO spawned: 'mongodb' with pid 1691
2025-04-04 11:03:28,563 INFO spawned: 'rts' with pid 1695
2025-04-04 11:03:28,590 INFO spawned: 'backend' with pid 1698
2025-04-04 11:03:28,608 INFO spawned: 'editor' with pid 1701
2025-04-04 11:03:28,643 INFO spawned: 'postgres' with pid 1711
2025-04-04 11:03:28,648 INFO success: redis entered RUNNING state, process has stayed up for > than 0 seconds (startsecs)
2025-04-04 11:03:28,652 INFO success: rts entered RUNNING state, process has stayed up for > than 0 seconds (startsecs)
2025-04-04 11:03:28,652 INFO success: editor entered RUNNING state, process has stayed up for > than 0 seconds (startsecs)
2025-04-04 11:03:29,697 INFO success: stdout entered RUNNING state, process has stayed up for > than 1 seconds (startsecs)
2025-04-04 11:03:29,711 INFO success: postgres entered RUNNING state, process has stayed up for > than 1 seconds (startsecs)
2025-04-04 11:03:30,186 INFO reaped unknown pid 68
2025-04-04 11:03:38,837 INFO success: mongodb entered RUNNING state, process has stayed up for > than 10 seconds (startsecs)
2025-04-04 11:03:48,572 INFO success: backend entered RUNNING state, process has stayed up for > than 20 seconds (startsecs)
2025-04-04 11:03:58,038 INFO reaped unknown pid 95
2025-04-04 11:08:19,127 WARN received SIGTERM indicating exit request
2025-04-04 11:08:19,128 INFO waiting for stdout, redis, mongodb, rts, backend, editor, postgres to die
2025-04-04 11:08:19,438 INFO stopped: postgres (exit status 0)
2025-04-04 11:08:19,448 INFO stopped: editor (exit status 2)
2025-04-04 11:08:22,678 INFO waiting for stdout, redis, mongodb, rts, backend to die
2025-04-04 11:08:24,137 INFO stopped: backend (exit status 143)
2025-04-04 11:08:24,138 INFO reaped unknown pid 1800
2025-04-04 11:08:24,147 INFO stopped: rts (terminated by SIGTERM)
2025-04-04 11:08:25,249 INFO stopped: mongodb (exit status 0)
2025-04-04 11:08:25,300 INFO stopped: redis (exit status 0)
2025-04-04 11:08:25,311 INFO stopped: stdout (terminated by SIGTERM)
2025-04-04 11:09:22,764 CRIT Supervisor is running as root.  Privileges were not dropped because no user is specified in the config file.  If you intend to run as root, you can set user=root in the config file to avoid this message.
2025-04-04 11:09:22,766 INFO Included extra file "/tmp/appsmith/supervisor-conf.d/backend.conf" during parsing
2025-04-04 11:09:22,768 INFO Included extra file "/tmp/appsmith/supervisor-conf.d/editor.conf" during parsing
2025-04-04 11:09:22,769 INFO Included extra file "/tmp/appsmith/supervisor-conf.d/mongodb.conf" during parsing
2025-04-04 11:09:22,770 INFO Included extra file "/tmp/appsmith/supervisor-conf.d/postgres.conf" during parsing
2025-04-04 11:09:22,778 INFO Included extra file "/tmp/appsmith/supervisor-conf.d/redis.conf" during parsing
2025-04-04 11:09:22,779 INFO Included extra file "/tmp/appsmith/supervisor-conf.d/rts.conf" during parsing
2025-04-04 11:09:22,803 INFO RPC interface 'supervisor' initialized
2025-04-04 11:09:22,815 INFO RPC interface 'supervisor' initialized
2025-04-04 11:09:22,816 CRIT Server 'unix_http_server' running without any HTTP authentication checking
2025-04-04 11:09:22,817 INFO supervisord started with pid 1
2025-04-04 11:09:23,559 INFO spawned: 'stdout' with pid 1689
2025-04-04 11:09:23,570 INFO spawned: 'redis' with pid 1690
2025-04-04 11:09:23,582 INFO spawned: 'mongodb' with pid 1691
2025-04-04 11:09:23,604 INFO spawned: 'rts' with pid 1692
2025-04-04 11:09:23,622 INFO spawned: 'backend' with pid 1694
2025-04-04 11:09:23,651 INFO spawned: 'editor' with pid 1699
2025-04-04 11:09:23,690 INFO spawned: 'postgres' with pid 1705
2025-04-04 11:09:23,779 INFO success: redis entered RUNNING state, process has stayed up for > than 0 seconds (startsecs)
2025-04-04 11:09:23,781 INFO success: rts entered RUNNING state, process has stayed up for > than 0 seconds (startsecs)
2025-04-04 11:09:23,783 INFO success: editor entered RUNNING state, process has stayed up for > than 0 seconds (startsecs)
2025-04-04 11:09:24,732 INFO success: stdout entered RUNNING state, process has stayed up for > than 1 seconds (startsecs)
2025-04-04 11:09:24,734 INFO success: postgres entered RUNNING state, process has stayed up for > than 1 seconds (startsecs)
2025-04-04 11:09:25,223 INFO reaped unknown pid 68
2025-04-04 11:09:33,821 INFO success: mongodb entered RUNNING state, process has stayed up for > than 10 seconds (startsecs)
2025-04-04 11:09:43,816 INFO success: backend entered RUNNING state, process has stayed up for > than 20 seconds (startsecs)
2025-04-04 11:10:12,750 INFO reaped unknown pid 95
2025-04-04 11:10:45,219 WARN received SIGTERM indicating exit request
2025-04-04 11:10:45,222 INFO waiting for stdout, redis, mongodb, rts, backend, editor, postgres to die
2025-04-04 11:10:46,518 INFO stopped: postgres (exit status 0)
2025-04-04 11:10:46,654 INFO stopped: editor (exit status 2)
2025-04-04 11:10:48,223 INFO waiting for stdout, redis, mongodb, rts, backend to die
2025-04-04 11:10:52,126 INFO waiting for stdout, redis, mongodb, rts, backend to die
2025-04-04 11:12:34,132 CRIT Supervisor is running as root.  Privileges were not dropped because no user is specified in the config file.  If you intend to run as root, you can set user=root in the config file to avoid this message.
2025-04-04 11:12:34,139 INFO Included extra file "/tmp/appsmith/supervisor-conf.d/backend.conf" during parsing
2025-04-04 11:12:34,139 INFO Included extra file "/tmp/appsmith/supervisor-conf.d/editor.conf" during parsing
2025-04-04 11:12:34,140 INFO Included extra file "/tmp/appsmith/supervisor-conf.d/mongodb.conf" during parsing
2025-04-04 11:12:34,140 INFO Included extra file "/tmp/appsmith/supervisor-conf.d/postgres.conf" during parsing
2025-04-04 11:12:34,141 INFO Included extra file "/tmp/appsmith/supervisor-conf.d/redis.conf" during parsing
2025-04-04 11:12:34,142 INFO Included extra file "/tmp/appsmith/supervisor-conf.d/rts.conf" during parsing
2025-04-04 11:12:34,155 INFO RPC interface 'supervisor' initialized
2025-04-04 11:12:34,156 INFO RPC interface 'supervisor' initialized
2025-04-04 11:12:34,157 CRIT Server 'unix_http_server' running without any HTTP authentication checking
2025-04-04 11:12:34,158 INFO supervisord started with pid 1
2025-04-04 11:12:36,258 INFO spawned: 'stdout' with pid 1690
2025-04-04 11:12:36,359 INFO spawned: 'redis' with pid 1691
2025-04-04 11:12:36,405 INFO spawned: 'mongodb' with pid 1695
2025-04-04 11:12:36,477 INFO spawned: 'rts' with pid 1696
2025-04-04 11:12:36,564 INFO spawned: 'backend' with pid 1699
2025-04-04 11:12:36,627 INFO spawned: 'editor' with pid 1705
2025-04-04 11:12:36,662 INFO spawned: 'postgres' with pid 1712
2025-04-04 11:12:36,692 INFO success: stdout entered RUNNING state, process has stayed up for > than 1 seconds (startsecs)
2025-04-04 11:12:36,693 INFO success: redis entered RUNNING state, process has stayed up for > than 0 seconds (startsecs)
2025-04-04 11:12:36,694 INFO success: rts entered RUNNING state, process has stayed up for > than 0 seconds (startsecs)
2025-04-04 11:12:36,694 INFO success: editor entered RUNNING state, process has stayed up for > than 0 seconds (startsecs)
2025-04-04 11:12:37,631 INFO success: postgres entered RUNNING state, process has stayed up for > than 1 seconds (startsecs)
2025-04-04 11:12:39,174 INFO reaped unknown pid 69
2025-04-04 11:12:46,964 INFO success: mongodb entered RUNNING state, process has stayed up for > than 10 seconds (startsecs)
2025-04-04 11:12:56,494 INFO success: backend entered RUNNING state, process has stayed up for > than 20 seconds (startsecs)
2025-04-04 11:13:29,887 INFO reaped unknown pid 96
2025-04-04 11:14:03,624 WARN received SIGTERM indicating exit request
2025-04-04 11:14:03,638 INFO waiting for stdout, redis, mongodb, rts, backend, editor, postgres to die
2025-04-04 11:14:04,689 INFO stopped: postgres (exit status 0)
2025-04-04 11:14:04,724 INFO stopped: editor (exit status 2)
2025-04-04 11:14:06,761 INFO waiting for stdout, redis, mongodb, rts, backend to die
2025-04-04 11:14:10,565 INFO waiting for stdout, redis, mongodb, rts, backend to die
2025-04-04 11:14:13,581 INFO waiting for stdout, redis, mongodb, rts, backend to die
2025-04-04 11:15:43,057 CRIT Supervisor is running as root.  Privileges were not dropped because no user is specified in the config file.  If you intend to run as root, you can set user=root in the config file to avoid this message.
2025-04-04 11:15:43,058 INFO Included extra file "/tmp/appsmith/supervisor-conf.d/backend.conf" during parsing
2025-04-04 11:15:43,059 INFO Included extra file "/tmp/appsmith/supervisor-conf.d/editor.conf" during parsing
2025-04-04 11:15:43,059 INFO Included extra file "/tmp/appsmith/supervisor-conf.d/mongodb.conf" during parsing
2025-04-04 11:15:43,059 INFO Included extra file "/tmp/appsmith/supervisor-conf.d/postgres.conf" during parsing
2025-04-04 11:15:43,060 INFO Included extra file "/tmp/appsmith/supervisor-conf.d/redis.conf" during parsing
2025-04-04 11:15:43,060 INFO Included extra file "/tmp/appsmith/supervisor-conf.d/rts.conf" during parsing
2025-04-04 11:15:43,072 INFO RPC interface 'supervisor' initialized
2025-04-04 11:15:43,073 INFO RPC interface 'supervisor' initialized
2025-04-04 11:15:43,074 CRIT Server 'unix_http_server' running without any HTTP authentication checking
2025-04-04 11:15:43,075 INFO supervisord started with pid 1
2025-04-04 11:15:44,085 INFO spawned: 'stdout' with pid 1690
2025-04-04 11:15:44,098 INFO spawned: 'redis' with pid 1691
2025-04-04 11:15:44,129 INFO spawned: 'mongodb' with pid 1692
2025-04-04 11:15:44,146 INFO spawned: 'rts' with pid 1693
2025-04-04 11:15:44,163 INFO spawned: 'backend' with pid 1695
2025-04-04 11:15:44,188 INFO spawned: 'editor' with pid 1700
2025-04-04 11:15:44,224 INFO spawned: 'postgres' with pid 1709
2025-04-04 11:15:44,251 INFO success: redis entered RUNNING state, process has stayed up for > than 0 seconds (startsecs)
2025-04-04 11:15:44,272 INFO success: rts entered RUNNING state, process has stayed up for > than 0 seconds (startsecs)
2025-04-04 11:15:44,284 INFO success: editor entered RUNNING state, process has stayed up for > than 0 seconds (startsecs)
2025-04-04 11:15:45,479 INFO success: stdout entered RUNNING state, process has stayed up for > than 1 seconds (startsecs)
2025-04-04 11:15:45,488 INFO success: postgres entered RUNNING state, process has stayed up for > than 1 seconds (startsecs)
2025-04-04 11:15:45,574 INFO reaped unknown pid 68
2025-04-04 11:15:54,527 INFO success: mongodb entered RUNNING state, process has stayed up for > than 10 seconds (startsecs)
2025-04-04 11:16:04,931 INFO success: backend entered RUNNING state, process has stayed up for > than 20 seconds (startsecs)
2025-04-04 11:16:32,953 INFO reaped unknown pid 95
2025-04-04 15:00:54,216 WARN received SIGTERM indicating exit request
2025-04-04 15:00:54,262 INFO waiting for stdout, redis, mongodb, rts, backend, editor, postgres to die
2025-04-04 15:00:56,332 INFO stopped: postgres (exit status 0)
2025-04-04 15:00:56,353 INFO stopped: editor (exit status 2)
2025-04-04 15:00:57,358 INFO waiting for stdout, redis, mongodb, rts, backend to die
2025-04-04 15:01:01,107 INFO waiting for stdout, redis, mongodb, rts, backend to die
2025-04-04 15:01:02,034 INFO stopped: backend (exit status 143)
2025-04-04 15:01:02,036 INFO reaped unknown pid 1800
2025-04-04 15:01:03,049 INFO stopped: rts (terminated by SIGTERM)
2025-04-04 15:05:36,316 CRIT Supervisor is running as root.  Privileges were not dropped because no user is specified in the config file.  If you intend to run as root, you can set user=root in the config file to avoid this message.
2025-04-04 15:05:36,317 INFO Included extra file "/tmp/appsmith/supervisor-conf.d/backend.conf" during parsing
2025-04-04 15:05:36,319 INFO Included extra file "/tmp/appsmith/supervisor-conf.d/editor.conf" during parsing
2025-04-04 15:05:36,320 INFO Included extra file "/tmp/appsmith/supervisor-conf.d/mongodb.conf" during parsing
2025-04-04 15:05:36,324 INFO Included extra file "/tmp/appsmith/supervisor-conf.d/postgres.conf" during parsing
2025-04-04 15:05:36,325 INFO Included extra file "/tmp/appsmith/supervisor-conf.d/redis.conf" during parsing
2025-04-04 15:05:36,325 INFO Included extra file "/tmp/appsmith/supervisor-conf.d/rts.conf" during parsing
2025-04-04 15:05:36,340 INFO RPC interface 'supervisor' initialized
2025-04-04 15:05:36,341 INFO RPC interface 'supervisor' initialized
2025-04-04 15:05:36,341 CRIT Server 'unix_http_server' running without any HTTP authentication checking
2025-04-04 15:05:36,342 INFO supervisord started with pid 1
2025-04-04 15:05:37,365 INFO spawned: 'stdout' with pid 1691
2025-04-04 15:05:37,378 INFO spawned: 'redis' with pid 1692
2025-04-04 15:05:37,396 INFO spawned: 'mongodb' with pid 1693
2025-04-04 15:05:37,411 INFO spawned: 'rts' with pid 1694
2025-04-04 15:05:37,424 INFO spawned: 'backend' with pid 1698
2025-04-04 15:05:37,439 INFO spawned: 'editor' with pid 1700
2025-04-04 15:05:37,475 INFO spawned: 'postgres' with pid 1707
2025-04-04 15:05:37,486 INFO success: redis entered RUNNING state, process has stayed up for > than 0 seconds (startsecs)
2025-04-04 15:05:37,487 INFO success: rts entered RUNNING state, process has stayed up for > than 0 seconds (startsecs)
2025-04-04 15:05:37,487 INFO success: editor entered RUNNING state, process has stayed up for > than 0 seconds (startsecs)
2025-04-04 15:05:38,636 INFO success: stdout entered RUNNING state, process has stayed up for > than 1 seconds (startsecs)
2025-04-04 15:05:38,668 INFO success: postgres entered RUNNING state, process has stayed up for > than 1 seconds (startsecs)
2025-04-04 15:05:38,709 INFO reaped unknown pid 68
2025-04-04 15:05:47,623 INFO success: mongodb entered RUNNING state, process has stayed up for > than 10 seconds (startsecs)
2025-04-04 15:05:57,721 INFO success: backend entered RUNNING state, process has stayed up for > than 20 seconds (startsecs)
2025-04-04 15:06:23,926 INFO reaped unknown pid 95
2025-04-04 15:19:30,384 WARN received SIGTERM indicating exit request
2025-04-04 15:19:30,388 INFO waiting for stdout, redis, mongodb, rts, backend, editor, postgres to die
2025-04-04 15:19:30,631 INFO stopped: postgres (exit status 0)
2025-04-04 15:19:30,642 INFO stopped: editor (exit status 2)
2025-04-04 15:19:33,887 INFO waiting for stdout, redis, mongodb, rts, backend to die
2025-04-04 15:19:35,408 INFO stopped: backend (exit status 143)
2025-04-04 15:19:35,409 INFO reaped unknown pid 1810
2025-04-04 15:19:35,424 INFO stopped: rts (terminated by SIGTERM)
2025-04-04 15:19:36,880 INFO stopped: mongodb (exit status 0)
2025-04-04 15:19:36,887 INFO waiting for stdout, redis to die
2025-04-04 15:19:37,050 INFO stopped: redis (exit status 0)
2025-04-04 15:19:37,062 INFO stopped: stdout (terminated by SIGTERM)
2025-04-04 15:20:47,823 CRIT Supervisor is running as root.  Privileges were not dropped because no user is specified in the config file.  If you intend to run as root, you can set user=root in the config file to avoid this message.
2025-04-04 15:20:47,824 INFO Included extra file "/tmp/appsmith/supervisor-conf.d/backend.conf" during parsing
2025-04-04 15:20:47,824 INFO Included extra file "/tmp/appsmith/supervisor-conf.d/editor.conf" during parsing
2025-04-04 15:20:47,825 INFO Included extra file "/tmp/appsmith/supervisor-conf.d/mongodb.conf" during parsing
2025-04-04 15:20:47,826 INFO Included extra file "/tmp/appsmith/supervisor-conf.d/postgres.conf" during parsing
2025-04-04 15:20:47,826 INFO Included extra file "/tmp/appsmith/supervisor-conf.d/redis.conf" during parsing
2025-04-04 15:20:47,827 INFO Included extra file "/tmp/appsmith/supervisor-conf.d/rts.conf" during parsing
2025-04-04 15:20:47,844 INFO RPC interface 'supervisor' initialized
2025-04-04 15:20:47,845 INFO RPC interface 'supervisor' initialized
2025-04-04 15:20:47,847 CRIT Server 'unix_http_server' running without any HTTP authentication checking
2025-04-04 15:20:47,851 INFO supervisord started with pid 1
2025-04-04 15:20:48,286 INFO spawned: 'stdout' with pid 1687
2025-04-04 15:20:48,300 INFO spawned: 'redis' with pid 1688
2025-04-04 15:20:48,329 INFO spawned: 'mongodb' with pid 1689
2025-04-04 15:20:48,348 INFO spawned: 'rts' with pid 1693
2025-04-04 15:20:48,374 INFO spawned: 'backend' with pid 1696
2025-04-04 15:20:48,425 INFO spawned: 'editor' with pid 1705
2025-04-04 15:20:48,444 INFO spawned: 'postgres' with pid 1706
2025-04-04 15:20:48,452 INFO success: redis entered RUNNING state, process has stayed up for > than 0 seconds (startsecs)
2025-04-04 15:20:48,454 INFO success: rts entered RUNNING state, process has stayed up for > than 0 seconds (startsecs)
2025-04-04 15:20:48,454 INFO success: editor entered RUNNING state, process has stayed up for > than 0 seconds (startsecs)
2025-04-04 15:20:49,597 INFO success: stdout entered RUNNING state, process has stayed up for > than 1 seconds (startsecs)
2025-04-04 15:20:49,602 INFO success: postgres entered RUNNING state, process has stayed up for > than 1 seconds (startsecs)
2025-04-04 15:20:49,989 INFO reaped unknown pid 67
2025-04-04 15:20:58,474 INFO success: mongodb entered RUNNING state, process has stayed up for > than 10 seconds (startsecs)
2025-04-04 15:21:09,178 INFO success: backend entered RUNNING state, process has stayed up for > than 20 seconds (startsecs)
2025-04-04 15:21:35,023 INFO reaped unknown pid 94
2025-04-04 15:25:25,775 WARN received SIGTERM indicating exit request
2025-04-04 15:25:25,778 INFO waiting for stdout, redis, mongodb, rts, backend, editor, postgres to die
2025-04-04 15:25:26,222 INFO stopped: postgres (exit status 0)
2025-04-04 15:25:26,240 INFO stopped: editor (exit status 2)
2025-04-04 15:25:29,687 INFO waiting for stdout, redis, mongodb, rts, backend to die
2025-04-04 15:25:31,238 INFO stopped: backend (exit status 143)
2025-04-04 15:25:31,239 INFO reaped unknown pid 1798
2025-04-04 15:25:31,247 INFO stopped: rts (terminated by SIGTERM)
2025-04-04 15:25:32,303 INFO stopped: mongodb (exit status 0)
2025-04-04 15:25:32,525 INFO stopped: redis (exit status 0)
2025-04-04 15:25:32,533 INFO stopped: stdout (terminated by SIGTERM)
2025-04-04 15:46:09,955 CRIT Supervisor is running as root.  Privileges were not dropped because no user is specified in the config file.  If you intend to run as root, you can set user=root in the config file to avoid this message.
2025-04-04 15:46:09,956 INFO Included extra file "/tmp/appsmith/supervisor-conf.d/backend.conf" during parsing
2025-04-04 15:46:09,956 INFO Included extra file "/tmp/appsmith/supervisor-conf.d/editor.conf" during parsing
2025-04-04 15:46:09,957 INFO Included extra file "/tmp/appsmith/supervisor-conf.d/mongodb.conf" during parsing
2025-04-04 15:46:09,957 INFO Included extra file "/tmp/appsmith/supervisor-conf.d/postgres.conf" during parsing
2025-04-04 15:46:09,958 INFO Included extra file "/tmp/appsmith/supervisor-conf.d/redis.conf" during parsing
2025-04-04 15:46:09,958 INFO Included extra file "/tmp/appsmith/supervisor-conf.d/rts.conf" during parsing
2025-04-04 15:46:09,972 INFO RPC interface 'supervisor' initialized
2025-04-04 15:46:09,974 INFO RPC interface 'supervisor' initialized
2025-04-04 15:46:09,975 CRIT Server 'unix_http_server' running without any HTTP authentication checking
2025-04-04 15:46:09,976 INFO supervisord started with pid 1
2025-04-04 15:46:10,738 INFO spawned: 'stdout' with pid 1690
2025-04-04 15:46:10,750 INFO spawned: 'redis' with pid 1691
2025-04-04 15:46:10,762 INFO spawned: 'mongodb' with pid 1692
2025-04-04 15:46:10,777 INFO spawned: 'rts' with pid 1693
2025-04-04 15:46:10,801 INFO spawned: 'backend' with pid 1696
2025-04-04 15:46:10,827 INFO spawned: 'editor' with pid 1700
2025-04-04 15:46:10,848 INFO spawned: 'postgres' with pid 1706
2025-04-04 15:46:10,863 INFO success: redis entered RUNNING state, process has stayed up for > than 0 seconds (startsecs)
2025-04-04 15:46:10,867 INFO success: rts entered RUNNING state, process has stayed up for > than 0 seconds (startsecs)
2025-04-04 15:46:10,869 INFO success: editor entered RUNNING state, process has stayed up for > than 0 seconds (startsecs)
2025-04-04 15:46:11,883 INFO success: stdout entered RUNNING state, process has stayed up for > than 1 seconds (startsecs)
2025-04-04 15:46:11,883 INFO success: postgres entered RUNNING state, process has stayed up for > than 1 seconds (startsecs)
2025-04-04 15:46:11,888 INFO reaped unknown pid 69
2025-04-04 15:46:21,131 INFO success: mongodb entered RUNNING state, process has stayed up for > than 10 seconds (startsecs)
2025-04-04 15:46:31,025 INFO success: backend entered RUNNING state, process has stayed up for > than 20 seconds (startsecs)
2025-04-04 15:47:02,009 INFO reaped unknown pid 95
2025-04-04 16:00:53,281 WARN received SIGTERM indicating exit request
2025-04-04 16:00:53,304 INFO waiting for stdout, redis, mongodb, rts, backend, editor, postgres to die
2025-04-04 16:00:54,167 INFO stopped: postgres (exit status 0)
2025-04-04 16:00:54,354 INFO stopped: editor (exit status 2)
2025-04-04 16:00:56,448 INFO waiting for stdout, redis, mongodb, rts, backend to die
2025-04-04 16:00:59,111 INFO stopped: backend (exit status 143)
2025-04-04 16:00:59,112 INFO reaped unknown pid 1813
2025-04-04 16:00:59,119 INFO stopped: rts (terminated by SIGTERM)
2025-04-04 16:01:00,127 INFO waiting for stdout, redis, mongodb to die
2025-04-04 16:01:00,170 INFO stopped: mongodb (exit status 0)
2025-04-04 16:01:00,233 INFO stopped: redis (exit status 0)
2025-04-04 16:01:00,237 INFO stopped: stdout (terminated by SIGTERM)
2025-04-04 16:02:11,015 CRIT Supervisor is running as root.  Privileges were not dropped because no user is specified in the config file.  If you intend to run as root, you can set user=root in the config file to avoid this message.
2025-04-04 16:02:11,016 INFO Included extra file "/tmp/appsmith/supervisor-conf.d/backend.conf" during parsing
2025-04-04 16:02:11,016 INFO Included extra file "/tmp/appsmith/supervisor-conf.d/editor.conf" during parsing
2025-04-04 16:02:11,017 INFO Included extra file "/tmp/appsmith/supervisor-conf.d/mongodb.conf" during parsing
2025-04-04 16:02:11,017 INFO Included extra file "/tmp/appsmith/supervisor-conf.d/postgres.conf" during parsing
2025-04-04 16:02:11,018 INFO Included extra file "/tmp/appsmith/supervisor-conf.d/redis.conf" during parsing
2025-04-04 16:02:11,018 INFO Included extra file "/tmp/appsmith/supervisor-conf.d/rts.conf" during parsing
2025-04-04 16:02:11,030 INFO RPC interface 'supervisor' initialized
2025-04-04 16:02:11,031 INFO RPC interface 'supervisor' initialized
2025-04-04 16:02:11,032 CRIT Server 'unix_http_server' running without any HTTP authentication checking
2025-04-04 16:02:11,033 INFO supervisord started with pid 1
2025-04-04 16:02:11,900 INFO spawned: 'stdout' with pid 1687
2025-04-04 16:02:11,920 INFO spawned: 'redis' with pid 1688
2025-04-04 16:02:11,934 INFO spawned: 'mongodb' with pid 1689
2025-04-04 16:02:11,949 INFO spawned: 'rts' with pid 1693
2025-04-04 16:02:11,970 INFO spawned: 'backend' with pid 1696
2025-04-04 16:02:11,989 INFO spawned: 'editor' with pid 1697
2025-04-04 16:02:12,022 INFO spawned: 'postgres' with pid 1704
2025-04-04 16:02:12,040 INFO success: redis entered RUNNING state, process has stayed up for > than 0 seconds (startsecs)
2025-04-04 16:02:12,042 INFO success: rts entered RUNNING state, process has stayed up for > than 0 seconds (startsecs)
2025-04-04 16:02:12,043 INFO success: editor entered RUNNING state, process has stayed up for > than 0 seconds (startsecs)
2025-04-04 16:02:12,967 INFO success: stdout entered RUNNING state, process has stayed up for > than 1 seconds (startsecs)
2025-04-04 16:02:13,000 INFO success: postgres entered RUNNING state, process has stayed up for > than 1 seconds (startsecs)
2025-04-04 16:02:13,530 INFO reaped unknown pid 66
2025-04-04 16:02:22,222 INFO success: mongodb entered RUNNING state, process has stayed up for > than 10 seconds (startsecs)
2025-04-04 16:02:32,140 INFO success: backend entered RUNNING state, process has stayed up for > than 20 seconds (startsecs)
2025-04-04 16:03:05,772 INFO reaped unknown pid 93
2025-04-04 16:05:29,467 WARN received SIGTERM indicating exit request
2025-04-04 16:05:29,468 INFO waiting for stdout, redis, mongodb, rts, backend, editor, postgres to die
2025-04-04 16:05:30,248 INFO stopped: postgres (exit status 0)
2025-04-04 16:05:30,252 INFO stopped: editor (exit status 2)
2025-04-04 16:05:32,644 INFO waiting for stdout, redis, mongodb, rts, backend to die
2025-04-04 16:05:35,285 INFO stopped: backend (exit status 143)
2025-04-04 16:05:35,286 INFO reaped unknown pid 1798
2025-04-04 16:05:35,307 INFO stopped: rts (terminated by SIGTERM)
2025-04-04 16:05:36,313 INFO waiting for stdout, redis, mongodb to die
2025-04-04 16:05:36,895 INFO stopped: mongodb (exit status 0)
2025-04-04 16:05:36,999 INFO stopped: redis (exit status 0)
2025-04-04 16:05:37,006 INFO stopped: stdout (terminated by SIGTERM)
2025-04-04 16:09:06,879 CRIT Supervisor is running as root.  Privileges were not dropped because no user is specified in the config file.  If you intend to run as root, you can set user=root in the config file to avoid this message.
2025-04-04 16:09:06,880 INFO Included extra file "/tmp/appsmith/supervisor-conf.d/backend.conf" during parsing
2025-04-04 16:09:06,881 INFO Included extra file "/tmp/appsmith/supervisor-conf.d/editor.conf" during parsing
2025-04-04 16:09:06,882 INFO Included extra file "/tmp/appsmith/supervisor-conf.d/mongodb.conf" during parsing
2025-04-04 16:09:06,883 INFO Included extra file "/tmp/appsmith/supervisor-conf.d/postgres.conf" during parsing
2025-04-04 16:09:06,883 INFO Included extra file "/tmp/appsmith/supervisor-conf.d/redis.conf" during parsing
2025-04-04 16:09:06,883 INFO Included extra file "/tmp/appsmith/supervisor-conf.d/rts.conf" during parsing
2025-04-04 16:09:06,899 INFO RPC interface 'supervisor' initialized
2025-04-04 16:09:06,905 INFO RPC interface 'supervisor' initialized
2025-04-04 16:09:06,906 CRIT Server 'unix_http_server' running without any HTTP authentication checking
2025-04-04 16:09:06,909 INFO supervisord started with pid 1
2025-04-04 16:09:07,925 INFO spawned: 'stdout' with pid 1690
2025-04-04 16:09:07,943 INFO spawned: 'redis' with pid 1691
2025-04-04 16:09:07,963 INFO spawned: 'mongodb' with pid 1692
2025-04-04 16:09:07,979 INFO spawned: 'rts' with pid 1696
2025-04-04 16:09:07,995 INFO spawned: 'backend' with pid 1698
2025-04-04 16:09:08,009 INFO spawned: 'editor' with pid 1701
2025-04-04 16:09:08,034 INFO spawned: 'postgres' with pid 1705
2025-04-04 16:09:08,050 INFO success: redis entered RUNNING state, process has stayed up for > than 0 seconds (startsecs)
2025-04-04 16:09:08,050 INFO success: rts entered RUNNING state, process has stayed up for > than 0 seconds (startsecs)
2025-04-04 16:09:08,051 INFO success: editor entered RUNNING state, process has stayed up for > than 0 seconds (startsecs)
2025-04-04 16:09:08,995 INFO success: stdout entered RUNNING state, process has stayed up for > than 1 seconds (startsecs)
2025-04-04 16:09:09,021 INFO success: postgres entered RUNNING state, process has stayed up for > than 1 seconds (startsecs)
2025-04-04 16:09:09,407 INFO reaped unknown pid 67
2025-04-04 16:09:18,860 INFO success: mongodb entered RUNNING state, process has stayed up for > than 10 seconds (startsecs)
2025-04-04 16:09:28,844 INFO success: backend entered RUNNING state, process has stayed up for > than 20 seconds (startsecs)
2025-04-04 16:09:53,639 INFO reaped unknown pid 94
2025-04-04 16:15:20,702 WARN received SIGTERM indicating exit request
2025-04-04 16:15:20,712 INFO waiting for stdout, redis, mongodb, rts, backend, editor, postgres to die
2025-04-04 16:15:21,001 INFO stopped: postgres (exit status 0)
2025-04-04 16:15:21,046 INFO stopped: editor (exit status 2)
2025-04-04 16:15:24,406 INFO waiting for stdout, redis, mongodb, rts, backend to die
2025-04-04 16:15:25,995 INFO stopped: backend (exit status 143)
2025-04-04 16:15:25,995 INFO reaped unknown pid 1786
2025-04-04 16:15:26,007 INFO stopped: rts (terminated by SIGTERM)
2025-04-04 16:15:27,678 INFO stopped: mongodb (exit status 0)
2025-04-04 16:15:27,684 INFO waiting for stdout, redis to die
2025-04-04 16:15:27,765 INFO stopped: redis (exit status 0)
2025-04-04 16:15:27,769 INFO stopped: stdout (terminated by SIGTERM)
2025-04-04 16:16:40,221 CRIT Supervisor is running as root.  Privileges were not dropped because no user is specified in the config file.  If you intend to run as root, you can set user=root in the config file to avoid this message.
2025-04-04 16:16:40,222 INFO Included extra file "/tmp/appsmith/supervisor-conf.d/backend.conf" during parsing
2025-04-04 16:16:40,222 INFO Included extra file "/tmp/appsmith/supervisor-conf.d/editor.conf" during parsing
2025-04-04 16:16:40,223 INFO Included extra file "/tmp/appsmith/supervisor-conf.d/mongodb.conf" during parsing
2025-04-04 16:16:40,223 INFO Included extra file "/tmp/appsmith/supervisor-conf.d/postgres.conf" during parsing
2025-04-04 16:16:40,224 INFO Included extra file "/tmp/appsmith/supervisor-conf.d/redis.conf" during parsing
2025-04-04 16:16:40,224 INFO Included extra file "/tmp/appsmith/supervisor-conf.d/rts.conf" during parsing
2025-04-04 16:16:40,238 INFO RPC interface 'supervisor' initialized
2025-04-04 16:16:40,239 INFO RPC interface 'supervisor' initialized
2025-04-04 16:16:40,240 CRIT Server 'unix_http_server' running without any HTTP authentication checking
2025-04-04 16:16:40,241 INFO supervisord started with pid 1
2025-04-04 16:16:41,253 INFO spawned: 'stdout' with pid 1690
2025-04-04 16:16:41,272 INFO spawned: 'redis' with pid 1691
2025-04-04 16:16:41,337 INFO spawned: 'mongodb' with pid 1692
2025-04-04 16:16:41,392 INFO spawned: 'rts' with pid 1696
2025-04-04 16:16:41,471 INFO spawned: 'backend' with pid 1700
2025-04-04 16:16:41,515 INFO spawned: 'editor' with pid 1708
2025-04-04 16:16:41,600 INFO spawned: 'postgres' with pid 1716
2025-04-04 16:16:41,686 INFO success: redis entered RUNNING state, process has stayed up for > than 0 seconds (startsecs)
2025-04-04 16:16:41,734 INFO success: rts entered RUNNING state, process has stayed up for > than 0 seconds (startsecs)
2025-04-04 16:16:41,751 INFO success: editor entered RUNNING state, process has stayed up for > than 0 seconds (startsecs)
2025-04-04 16:16:42,636 INFO success: stdout entered RUNNING state, process has stayed up for > than 1 seconds (startsecs)
2025-04-04 16:16:42,639 INFO success: postgres entered RUNNING state, process has stayed up for > than 1 seconds (startsecs)
2025-04-04 16:16:43,619 INFO reaped unknown pid 67
2025-04-04 16:16:52,164 INFO success: mongodb entered RUNNING state, process has stayed up for > than 10 seconds (startsecs)
2025-04-04 16:17:02,212 INFO success: backend entered RUNNING state, process has stayed up for > than 20 seconds (startsecs)
2025-04-04 16:17:54,052 INFO reaped unknown pid 94
2025-04-04 16:23:42,298 WARN received SIGTERM indicating exit request
2025-04-04 16:23:42,304 INFO waiting for stdout, redis, mongodb, rts, backend, editor, postgres to die
2025-04-04 16:23:43,198 INFO stopped: postgres (exit status 0)
2025-04-04 16:23:43,215 INFO stopped: editor (exit status 2)
2025-04-04 16:23:45,357 INFO waiting for stdout, redis, mongodb, rts, backend to die
2025-04-04 16:23:48,203 INFO stopped: backend (exit status 143)
2025-04-04 16:23:48,204 INFO reaped unknown pid 1817
2025-04-04 16:23:48,216 INFO stopped: rts (terminated by SIGTERM)
2025-04-04 16:23:49,221 INFO waiting for stdout, redis, mongodb to die
2025-04-04 16:23:50,146 INFO stopped: mongodb (exit status 0)
2025-04-04 16:23:50,221 INFO stopped: redis (exit status 0)
2025-04-04 16:23:50,230 INFO stopped: stdout (terminated by SIGTERM)
2025-04-04 16:25:44,398 CRIT Supervisor is running as root.  Privileges were not dropped because no user is specified in the config file.  If you intend to run as root, you can set user=root in the config file to avoid this message.
2025-04-04 16:25:44,399 INFO Included extra file "/tmp/appsmith/supervisor-conf.d/backend.conf" during parsing
2025-04-04 16:25:44,399 INFO Included extra file "/tmp/appsmith/supervisor-conf.d/editor.conf" during parsing
2025-04-04 16:25:44,401 INFO Included extra file "/tmp/appsmith/supervisor-conf.d/mongodb.conf" during parsing
2025-04-04 16:25:44,402 INFO Included extra file "/tmp/appsmith/supervisor-conf.d/postgres.conf" during parsing
2025-04-04 16:25:44,403 INFO Included extra file "/tmp/appsmith/supervisor-conf.d/redis.conf" during parsing
2025-04-04 16:25:44,404 INFO Included extra file "/tmp/appsmith/supervisor-conf.d/rts.conf" during parsing
2025-04-04 16:25:44,422 INFO RPC interface 'supervisor' initialized
2025-04-04 16:25:44,425 INFO RPC interface 'supervisor' initialized
2025-04-04 16:25:44,427 CRIT Server 'unix_http_server' running without any HTTP authentication checking
2025-04-04 16:25:44,428 INFO supervisord started with pid 1
2025-04-04 16:25:45,444 INFO spawned: 'stdout' with pid 1685
2025-04-04 16:25:45,459 INFO spawned: 'redis' with pid 1686
2025-04-04 16:25:45,486 INFO spawned: 'mongodb' with pid 1687
2025-04-04 16:25:45,546 INFO spawned: 'rts' with pid 1688
2025-04-04 16:25:45,581 INFO spawned: 'backend' with pid 1689
2025-04-04 16:25:45,651 INFO spawned: 'editor' with pid 1697
2025-04-04 16:25:45,714 INFO spawned: 'postgres' with pid 1707
2025-04-04 16:25:45,755 INFO success: redis entered RUNNING state, process has stayed up for > than 0 seconds (startsecs)
2025-04-04 16:25:45,757 INFO success: rts entered RUNNING state, process has stayed up for > than 0 seconds (startsecs)
2025-04-04 16:25:45,780 INFO success: editor entered RUNNING state, process has stayed up for > than 0 seconds (startsecs)
2025-04-04 16:25:46,435 INFO success: stdout entered RUNNING state, process has stayed up for > than 1 seconds (startsecs)
2025-04-04 16:25:47,089 INFO success: postgres entered RUNNING state, process has stayed up for > than 1 seconds (startsecs)
2025-04-04 16:25:47,582 INFO reaped unknown pid 67
2025-04-04 16:25:55,511 INFO success: mongodb entered RUNNING state, process has stayed up for > than 10 seconds (startsecs)
2025-04-04 16:26:05,964 INFO success: backend entered RUNNING state, process has stayed up for > than 20 seconds (startsecs)
2025-04-04 16:26:19,025 INFO reaped unknown pid 94
2025-04-04 16:32:52,136 WARN received SIGTERM indicating exit request
2025-04-04 16:32:52,145 INFO waiting for stdout, redis, mongodb, rts, backend, editor, postgres to die
2025-04-04 16:32:52,781 INFO stopped: postgres (exit status 0)
2025-04-04 16:32:52,788 INFO stopped: editor (exit status 2)
2025-04-04 16:32:55,843 INFO waiting for stdout, redis, mongodb, rts, backend to die
2025-04-04 16:32:57,722 INFO stopped: backend (exit status 143)
2025-04-04 16:32:57,722 INFO reaped unknown pid 1796
2025-04-04 16:32:57,744 INFO stopped: rts (terminated by SIGTERM)
2025-04-04 16:32:59,527 INFO stopped: mongodb (exit status 0)
2025-04-04 16:32:59,530 INFO waiting for stdout, redis to die
2025-04-04 16:32:59,721 INFO stopped: redis (exit status 0)
2025-04-04 16:32:59,780 INFO stopped: stdout (terminated by SIGTERM)
2025-04-04 16:35:15,460 CRIT Supervisor is running as root.  Privileges were not dropped because no user is specified in the config file.  If you intend to run as root, you can set user=root in the config file to avoid this message.
2025-04-04 16:35:15,461 INFO Included extra file "/tmp/appsmith/supervisor-conf.d/backend.conf" during parsing
2025-04-04 16:35:15,462 INFO Included extra file "/tmp/appsmith/supervisor-conf.d/editor.conf" during parsing
2025-04-04 16:35:15,464 INFO Included extra file "/tmp/appsmith/supervisor-conf.d/mongodb.conf" during parsing
2025-04-04 16:35:15,465 INFO Included extra file "/tmp/appsmith/supervisor-conf.d/postgres.conf" during parsing
2025-04-04 16:35:15,466 INFO Included extra file "/tmp/appsmith/supervisor-conf.d/redis.conf" during parsing
2025-04-04 16:35:15,467 INFO Included extra file "/tmp/appsmith/supervisor-conf.d/rts.conf" during parsing
2025-04-04 16:35:15,502 INFO RPC interface 'supervisor' initialized
2025-04-04 16:35:15,504 INFO RPC interface 'supervisor' initialized
2025-04-04 16:35:15,507 CRIT Server 'unix_http_server' running without any HTTP authentication checking
2025-04-04 16:35:15,509 INFO supervisord started with pid 1
2025-04-04 16:35:15,951 INFO spawned: 'stdout' with pid 1687
2025-04-04 16:35:15,976 INFO spawned: 'redis' with pid 1688
2025-04-04 16:35:16,005 INFO spawned: 'mongodb' with pid 1689
2025-04-04 16:35:16,046 INFO spawned: 'rts' with pid 1690
2025-04-04 16:35:16,105 INFO spawned: 'backend' with pid 1696
2025-04-04 16:35:16,148 INFO spawned: 'editor' with pid 1700
2025-04-04 16:35:16,210 INFO spawned: 'postgres' with pid 1709
2025-04-04 16:35:16,271 INFO success: redis entered RUNNING state, process has stayed up for > than 0 seconds (startsecs)
2025-04-04 16:35:16,281 INFO success: rts entered RUNNING state, process has stayed up for > than 0 seconds (startsecs)
2025-04-04 16:35:16,292 INFO success: editor entered RUNNING state, process has stayed up for > than 0 seconds (startsecs)
2025-04-04 16:35:17,007 INFO success: stdout entered RUNNING state, process has stayed up for > than 1 seconds (startsecs)
2025-04-04 16:35:17,174 INFO success: postgres entered RUNNING state, process has stayed up for > than 1 seconds (startsecs)
2025-04-04 16:35:19,246 INFO reaped unknown pid 66
2025-04-04 16:35:26,603 INFO success: mongodb entered RUNNING state, process has stayed up for > than 10 seconds (startsecs)
2025-04-04 16:35:36,326 INFO success: backend entered RUNNING state, process has stayed up for > than 20 seconds (startsecs)
2025-04-04 16:35:56,136 INFO reaped unknown pid 93
2025-04-04 16:51:52,968 WARN received SIGTERM indicating exit request
2025-04-04 16:51:52,982 INFO waiting for stdout, redis, mongodb, rts, backend, editor, postgres to die
2025-04-04 16:51:56,343 INFO waiting for stdout, redis, mongodb, rts, backend, editor, postgres to die
2025-04-04 16:51:56,348 INFO stopped: postgres (exit status 0)
2025-04-04 16:51:56,365 INFO stopped: editor (exit status 2)
2025-04-04 16:51:59,657 INFO waiting for stdout, redis, mongodb, rts, backend to die
2025-04-04 16:52:02,256 INFO stopped: backend (exit status 143)
2025-04-04 16:52:02,257 INFO reaped unknown pid 1827
2025-04-04 16:52:02,271 INFO stopped: rts (terminated by SIGTERM)
2025-04-04 16:54:07,305 CRIT Supervisor is running as root.  Privileges were not dropped because no user is specified in the config file.  If you intend to run as root, you can set user=root in the config file to avoid this message.
2025-04-04 16:54:07,307 INFO Included extra file "/tmp/appsmith/supervisor-conf.d/backend.conf" during parsing
2025-04-04 16:54:07,310 INFO Included extra file "/tmp/appsmith/supervisor-conf.d/editor.conf" during parsing
2025-04-04 16:54:07,313 INFO Included extra file "/tmp/appsmith/supervisor-conf.d/mongodb.conf" during parsing
2025-04-04 16:54:07,314 INFO Included extra file "/tmp/appsmith/supervisor-conf.d/postgres.conf" during parsing
2025-04-04 16:54:07,315 INFO Included extra file "/tmp/appsmith/supervisor-conf.d/redis.conf" during parsing
2025-04-04 16:54:07,316 INFO Included extra file "/tmp/appsmith/supervisor-conf.d/rts.conf" during parsing
2025-04-04 16:54:07,335 INFO RPC interface 'supervisor' initialized
2025-04-04 16:54:07,336 INFO RPC interface 'supervisor' initialized
2025-04-04 16:54:07,338 CRIT Server 'unix_http_server' running without any HTTP authentication checking
2025-04-04 16:54:07,341 INFO supervisord started with pid 1
2025-04-04 16:54:08,212 INFO spawned: 'stdout' with pid 1700
2025-04-04 16:54:08,231 INFO spawned: 'redis' with pid 1701
2025-04-04 16:54:08,271 INFO spawned: 'mongodb' with pid 1702
2025-04-04 16:54:08,289 INFO spawned: 'rts' with pid 1703
2025-04-04 16:54:08,321 INFO spawned: 'backend' with pid 1705
2025-04-04 16:54:08,362 INFO spawned: 'editor' with pid 1710
2025-04-04 16:54:08,421 INFO spawned: 'postgres' with pid 1719
2025-04-04 16:54:08,443 INFO success: redis entered RUNNING state, process has stayed up for > than 0 seconds (startsecs)
2025-04-04 16:54:08,444 INFO success: rts entered RUNNING state, process has stayed up for > than 0 seconds (startsecs)
2025-04-04 16:54:08,444 INFO success: editor entered RUNNING state, process has stayed up for > than 0 seconds (startsecs)
2025-04-04 16:54:09,359 INFO success: stdout entered RUNNING state, process has stayed up for > than 1 seconds (startsecs)
2025-04-04 16:54:09,379 INFO success: postgres entered RUNNING state, process has stayed up for > than 1 seconds (startsecs)
2025-04-04 16:54:10,401 INFO reaped unknown pid 67
2025-04-04 16:54:18,318 INFO success: mongodb entered RUNNING state, process has stayed up for > than 10 seconds (startsecs)
2025-04-04 16:54:28,986 INFO success: backend entered RUNNING state, process has stayed up for > than 20 seconds (startsecs)
2025-04-04 16:54:39,502 INFO reaped unknown pid 96
2025-04-04 16:55:40,900 WARN received SIGTERM indicating exit request
2025-04-04 16:55:40,920 INFO waiting for stdout, redis, mongodb, rts, backend, editor, postgres to die
2025-04-04 16:55:42,885 INFO stopped: postgres (exit status 0)
2025-04-04 16:55:42,918 INFO stopped: editor (exit status 2)
2025-04-04 16:55:44,166 INFO waiting for stdout, redis, mongodb, rts, backend to die
2025-04-04 16:55:48,132 INFO waiting for stdout, redis, mongodb, rts, backend to die
2025-04-04 16:55:49,040 INFO stopped: backend (exit status 143)
2025-04-04 16:55:49,050 INFO stopped: rts (terminated by SIGTERM)
2025-04-04 16:55:50,456 INFO stopped: mongodb (exit status 0)
2025-04-04 16:55:50,533 INFO stopped: redis (exit status 0)
2025-04-04 16:55:50,538 INFO stopped: stdout (terminated by SIGTERM)
2025-04-05 06:55:41,703 CRIT Supervisor is running as root.  Privileges were not dropped because no user is specified in the config file.  If you intend to run as root, you can set user=root in the config file to avoid this message.
2025-04-05 06:55:41,714 INFO Included extra file "/tmp/appsmith/supervisor-conf.d/backend.conf" during parsing
2025-04-05 06:55:41,715 INFO Included extra file "/tmp/appsmith/supervisor-conf.d/editor.conf" during parsing
2025-04-05 06:55:41,716 INFO Included extra file "/tmp/appsmith/supervisor-conf.d/mongodb.conf" during parsing
2025-04-05 06:55:41,716 INFO Included extra file "/tmp/appsmith/supervisor-conf.d/postgres.conf" during parsing
2025-04-05 06:55:41,718 INFO Included extra file "/tmp/appsmith/supervisor-conf.d/redis.conf" during parsing
2025-04-05 06:55:41,720 INFO Included extra file "/tmp/appsmith/supervisor-conf.d/rts.conf" during parsing
2025-04-05 06:55:41,770 INFO RPC interface 'supervisor' initialized
2025-04-05 06:55:41,779 INFO RPC interface 'supervisor' initialized
2025-04-05 06:55:41,780 CRIT Server 'unix_http_server' running without any HTTP authentication checking
2025-04-05 06:55:41,782 INFO supervisord started with pid 1
2025-04-05 06:55:42,388 INFO spawned: 'stdout' with pid 1716
2025-04-05 06:55:42,406 INFO spawned: 'redis' with pid 1717
2025-04-05 06:55:42,423 INFO spawned: 'mongodb' with pid 1718
2025-04-05 06:55:42,446 INFO spawned: 'rts' with pid 1719
2025-04-05 06:55:42,465 INFO spawned: 'backend' with pid 1720
2025-04-05 06:55:42,505 INFO spawned: 'editor' with pid 1725
2025-04-05 06:55:42,545 INFO spawned: 'postgres' with pid 1733
2025-04-05 06:55:42,568 INFO success: redis entered RUNNING state, process has stayed up for > than 0 seconds (startsecs)
2025-04-05 06:55:42,571 INFO success: rts entered RUNNING state, process has stayed up for > than 0 seconds (startsecs)
2025-04-05 06:55:42,592 INFO success: editor entered RUNNING state, process has stayed up for > than 0 seconds (startsecs)
2025-04-05 06:55:43,485 INFO success: stdout entered RUNNING state, process has stayed up for > than 1 seconds (startsecs)
2025-04-05 06:55:43,487 INFO reaped unknown pid 75
2025-04-05 06:55:43,515 INFO success: postgres entered RUNNING state, process has stayed up for > than 1 seconds (startsecs)
2025-04-05 06:55:53,328 INFO success: mongodb entered RUNNING state, process has stayed up for > than 10 seconds (startsecs)
2025-04-05 06:56:03,362 INFO success: backend entered RUNNING state, process has stayed up for > than 20 seconds (startsecs)
2025-04-05 06:56:49,180 INFO reaped unknown pid 102
2025-04-05 07:00:54,898 WARN received SIGTERM indicating exit request
2025-04-05 07:00:54,919 INFO waiting for stdout, redis, mongodb, rts, backend, editor, postgres to die
2025-04-05 07:00:55,332 INFO stopped: postgres (exit status 0)
2025-04-05 07:00:55,341 INFO stopped: editor (exit status 2)
2025-04-05 07:00:58,646 INFO waiting for stdout, redis, mongodb, rts, backend to die
2025-04-05 07:01:00,308 INFO stopped: backend (exit status 143)
2025-04-05 07:01:00,309 INFO reaped unknown pid 1823
2025-04-05 07:01:00,327 INFO stopped: rts (terminated by SIGTERM)
2025-04-05 07:01:02,341 INFO waiting for stdout, redis, mongodb to die
2025-04-05 07:01:02,887 INFO stopped: mongodb (exit status 0)
2025-04-05 07:01:03,061 INFO stopped: redis (exit status 0)
2025-04-05 07:01:03,065 INFO stopped: stdout (terminated by SIGTERM)
2025-04-05 07:05:49,879 CRIT Supervisor is running as root.  Privileges were not dropped because no user is specified in the config file.  If you intend to run as root, you can set user=root in the config file to avoid this message.
2025-04-05 07:05:49,888 INFO Included extra file "/tmp/appsmith/supervisor-conf.d/backend.conf" during parsing
2025-04-05 07:05:49,889 INFO Included extra file "/tmp/appsmith/supervisor-conf.d/editor.conf" during parsing
2025-04-05 07:05:49,891 INFO Included extra file "/tmp/appsmith/supervisor-conf.d/mongodb.conf" during parsing
2025-04-05 07:05:49,893 INFO Included extra file "/tmp/appsmith/supervisor-conf.d/postgres.conf" during parsing
2025-04-05 07:05:49,894 INFO Included extra file "/tmp/appsmith/supervisor-conf.d/redis.conf" during parsing
2025-04-05 07:05:49,896 INFO Included extra file "/tmp/appsmith/supervisor-conf.d/rts.conf" during parsing
2025-04-05 07:05:49,969 INFO RPC interface 'supervisor' initialized
2025-04-05 07:05:49,972 INFO RPC interface 'supervisor' initialized
2025-04-05 07:05:49,974 CRIT Server 'unix_http_server' running without any HTTP authentication checking
2025-04-05 07:05:49,975 INFO supervisord started with pid 1
2025-04-05 07:05:50,715 INFO spawned: 'stdout' with pid 1688
2025-04-05 07:05:50,727 INFO spawned: 'redis' with pid 1689
2025-04-05 07:05:50,743 INFO spawned: 'mongodb' with pid 1690
2025-04-05 07:05:50,762 INFO spawned: 'rts' with pid 1691
2025-04-05 07:05:50,797 INFO spawned: 'backend' with pid 1697
2025-04-05 07:05:50,841 INFO spawned: 'editor' with pid 1706
2025-04-05 07:05:50,877 INFO spawned: 'postgres' with pid 1715
2025-04-05 07:05:50,911 INFO success: redis entered RUNNING state, process has stayed up for > than 0 seconds (startsecs)
2025-04-05 07:05:50,913 INFO success: rts entered RUNNING state, process has stayed up for > than 0 seconds (startsecs)
2025-04-05 07:05:50,920 INFO success: editor entered RUNNING state, process has stayed up for > than 0 seconds (startsecs)
2025-04-05 07:05:51,719 INFO success: stdout entered RUNNING state, process has stayed up for > than 1 seconds (startsecs)
2025-04-05 07:05:51,867 INFO success: postgres entered RUNNING state, process has stayed up for > than 1 seconds (startsecs)
2025-04-05 07:05:52,400 INFO reaped unknown pid 67
2025-04-05 07:06:01,186 INFO success: mongodb entered RUNNING state, process has stayed up for > than 10 seconds (startsecs)
2025-04-05 07:06:10,800 INFO success: backend entered RUNNING state, process has stayed up for > than 20 seconds (startsecs)
2025-04-05 07:06:27,669 INFO reaped unknown pid 94
2025-04-05 07:16:10,576 WARN received SIGTERM indicating exit request
2025-04-05 07:16:10,596 INFO waiting for stdout, redis, mongodb, rts, backend, editor, postgres to die
2025-04-05 07:16:11,332 INFO stopped: postgres (exit status 0)
2025-04-05 07:16:11,368 INFO stopped: editor (exit status 2)
2025-04-05 07:16:13,679 INFO waiting for stdout, redis, mongodb, rts, backend to die
2025-04-05 07:16:16,215 INFO stopped: backend (exit status 143)
2025-04-05 07:16:16,216 INFO reaped unknown pid 1801
2025-04-05 07:16:16,230 INFO stopped: rts (terminated by SIGTERM)
2025-04-05 07:16:17,239 INFO waiting for stdout, redis, mongodb to die
2025-04-05 07:16:17,317 INFO stopped: mongodb (exit status 0)
2025-04-05 07:16:17,440 INFO stopped: redis (exit status 0)
2025-04-05 07:16:17,448 INFO stopped: stdout (terminated by SIGTERM)
2025-04-05 07:18:00,199 CRIT Supervisor is running as root.  Privileges were not dropped because no user is specified in the config file.  If you intend to run as root, you can set user=root in the config file to avoid this message.
2025-04-05 07:18:00,199 INFO Included extra file "/tmp/appsmith/supervisor-conf.d/backend.conf" during parsing
2025-04-05 07:18:00,200 INFO Included extra file "/tmp/appsmith/supervisor-conf.d/editor.conf" during parsing
2025-04-05 07:18:00,200 INFO Included extra file "/tmp/appsmith/supervisor-conf.d/mongodb.conf" during parsing
2025-04-05 07:18:00,201 INFO Included extra file "/tmp/appsmith/supervisor-conf.d/postgres.conf" during parsing
2025-04-05 07:18:00,201 INFO Included extra file "/tmp/appsmith/supervisor-conf.d/redis.conf" during parsing
2025-04-05 07:18:00,202 INFO Included extra file "/tmp/appsmith/supervisor-conf.d/rts.conf" during parsing
2025-04-05 07:18:00,220 INFO RPC interface 'supervisor' initialized
2025-04-05 07:18:00,223 INFO RPC interface 'supervisor' initialized
2025-04-05 07:18:00,224 CRIT Server 'unix_http_server' running without any HTTP authentication checking
2025-04-05 07:18:00,226 INFO supervisord started with pid 1
2025-04-05 07:18:00,881 INFO spawned: 'stdout' with pid 1692
2025-04-05 07:18:00,892 INFO spawned: 'redis' with pid 1693
2025-04-05 07:18:00,907 INFO spawned: 'mongodb' with pid 1694
2025-04-05 07:18:00,923 INFO spawned: 'rts' with pid 1695
2025-04-05 07:18:00,960 INFO spawned: 'backend' with pid 1700
2025-04-05 07:18:01,017 INFO spawned: 'editor' with pid 1705
2025-04-05 07:18:01,060 INFO spawned: 'postgres' with pid 1714
2025-04-05 07:18:01,106 INFO success: redis entered RUNNING state, process has stayed up for > than 0 seconds (startsecs)
2025-04-05 07:18:01,109 INFO success: rts entered RUNNING state, process has stayed up for > than 0 seconds (startsecs)
2025-04-05 07:18:01,110 INFO success: editor entered RUNNING state, process has stayed up for > than 0 seconds (startsecs)
2025-04-05 07:18:02,029 INFO success: stdout entered RUNNING state, process has stayed up for > than 1 seconds (startsecs)
2025-04-05 07:18:02,126 INFO success: postgres entered RUNNING state, process has stayed up for > than 1 seconds (startsecs)
2025-04-05 07:18:02,354 INFO reaped unknown pid 68
2025-04-05 07:18:11,054 INFO success: mongodb entered RUNNING state, process has stayed up for > than 10 seconds (startsecs)
2025-04-05 07:18:21,844 INFO success: backend entered RUNNING state, process has stayed up for > than 20 seconds (startsecs)
2025-04-05 07:18:36,340 INFO reaped unknown pid 95
2025-04-05 07:31:46,948 WARN received SIGTERM indicating exit request
2025-04-05 07:31:46,956 INFO waiting for stdout, redis, mongodb, rts, backend, editor, postgres to die
2025-04-05 07:31:47,928 INFO stopped: postgres (exit status 0)
2025-04-05 07:31:47,986 INFO stopped: editor (exit status 2)
2025-04-05 07:31:50,151 INFO waiting for stdout, redis, mongodb, rts, backend to die
2025-04-05 07:31:53,093 INFO stopped: backend (exit status 143)
2025-04-05 07:31:53,094 INFO reaped unknown pid 1810
2025-04-05 07:31:53,111 INFO stopped: rts (terminated by SIGTERM)
2025-04-05 07:31:54,008 INFO stopped: mongodb (exit status 0)
2025-04-05 07:31:54,019 INFO waiting for stdout, redis to die
2025-04-05 07:31:54,175 INFO stopped: redis (exit status 0)
2025-04-05 07:31:54,185 INFO stopped: stdout (terminated by SIGTERM)
2025-04-05 07:56:09,132 CRIT Supervisor is running as root.  Privileges were not dropped because no user is specified in the config file.  If you intend to run as root, you can set user=root in the config file to avoid this message.
2025-04-05 07:56:09,133 INFO Included extra file "/tmp/appsmith/supervisor-conf.d/backend.conf" during parsing
2025-04-05 07:56:09,133 INFO Included extra file "/tmp/appsmith/supervisor-conf.d/editor.conf" during parsing
2025-04-05 07:56:09,134 INFO Included extra file "/tmp/appsmith/supervisor-conf.d/mongodb.conf" during parsing
2025-04-05 07:56:09,136 INFO Included extra file "/tmp/appsmith/supervisor-conf.d/postgres.conf" during parsing
2025-04-05 07:56:09,137 INFO Included extra file "/tmp/appsmith/supervisor-conf.d/redis.conf" during parsing
2025-04-05 07:56:09,138 INFO Included extra file "/tmp/appsmith/supervisor-conf.d/rts.conf" during parsing
2025-04-05 07:56:09,159 INFO RPC interface 'supervisor' initialized
2025-04-05 07:56:09,160 INFO RPC interface 'supervisor' initialized
2025-04-05 07:56:09,161 CRIT Server 'unix_http_server' running without any HTTP authentication checking
2025-04-05 07:56:09,163 INFO supervisord started with pid 1
2025-04-05 07:56:09,908 INFO spawned: 'stdout' with pid 1689
2025-04-05 07:56:09,924 INFO spawned: 'redis' with pid 1690
2025-04-05 07:56:09,943 INFO spawned: 'mongodb' with pid 1691
2025-04-05 07:56:09,959 INFO spawned: 'rts' with pid 1692
2025-04-05 07:56:09,971 INFO spawned: 'backend' with pid 1693
2025-04-05 07:56:10,049 INFO spawned: 'editor' with pid 1699
2025-04-05 07:56:10,097 INFO spawned: 'postgres' with pid 1714
2025-04-05 07:56:10,128 INFO success: redis entered RUNNING state, process has stayed up for > than 0 seconds (startsecs)
2025-04-05 07:56:10,130 INFO success: rts entered RUNNING state, process has stayed up for > than 0 seconds (startsecs)
2025-04-05 07:56:10,131 INFO success: editor entered RUNNING state, process has stayed up for > than 0 seconds (startsecs)
2025-04-05 07:56:11,023 INFO success: stdout entered RUNNING state, process has stayed up for > than 1 seconds (startsecs)
2025-04-05 07:56:11,024 INFO reaped unknown pid 67
2025-04-05 07:56:11,061 INFO success: postgres entered RUNNING state, process has stayed up for > than 1 seconds (startsecs)
2025-04-05 07:56:20,174 INFO success: mongodb entered RUNNING state, process has stayed up for > than 10 seconds (startsecs)
2025-04-05 07:56:30,740 INFO success: backend entered RUNNING state, process has stayed up for > than 20 seconds (startsecs)
2025-04-05 07:56:50,837 INFO reaped unknown pid 102
2025-04-05 08:08:24,514 WARN received SIGTERM indicating exit request
2025-04-05 08:08:24,524 INFO waiting for stdout, redis, mongodb, rts, backend, editor, postgres to die
2025-04-05 08:08:24,892 INFO stopped: postgres (exit status 0)
2025-04-05 08:08:24,930 INFO stopped: editor (exit status 2)
2025-04-05 08:08:28,241 INFO waiting for stdout, redis, mongodb, rts, backend to die
2025-04-05 08:08:29,820 INFO stopped: backend (exit status 143)
2025-04-05 08:08:29,822 INFO reaped unknown pid 1805
2025-04-05 08:08:29,831 INFO stopped: rts (terminated by SIGTERM)
2025-04-05 08:08:31,333 INFO stopped: mongodb (exit status 0)
2025-04-05 08:08:31,338 INFO waiting for stdout, redis to die
2025-04-05 08:08:31,465 INFO stopped: redis (exit status 0)
2025-04-05 08:08:31,478 INFO stopped: stdout (terminated by SIGTERM)
2025-04-05 08:09:17,630 CRIT Supervisor is running as root.  Privileges were not dropped because no user is specified in the config file.  If you intend to run as root, you can set user=root in the config file to avoid this message.
2025-04-05 08:09:17,632 INFO Included extra file "/tmp/appsmith/supervisor-conf.d/backend.conf" during parsing
2025-04-05 08:09:17,634 INFO Included extra file "/tmp/appsmith/supervisor-conf.d/editor.conf" during parsing
2025-04-05 08:09:17,635 INFO Included extra file "/tmp/appsmith/supervisor-conf.d/mongodb.conf" during parsing
2025-04-05 08:09:17,636 INFO Included extra file "/tmp/appsmith/supervisor-conf.d/postgres.conf" during parsing
2025-04-05 08:09:17,636 INFO Included extra file "/tmp/appsmith/supervisor-conf.d/redis.conf" during parsing
2025-04-05 08:09:17,638 INFO Included extra file "/tmp/appsmith/supervisor-conf.d/rts.conf" during parsing
2025-04-05 08:09:17,658 INFO RPC interface 'supervisor' initialized
2025-04-05 08:09:17,659 INFO RPC interface 'supervisor' initialized
2025-04-05 08:09:17,661 CRIT Server 'unix_http_server' running without any HTTP authentication checking
2025-04-05 08:09:17,662 INFO supervisord started with pid 1
2025-04-05 08:09:18,597 INFO spawned: 'stdout' with pid 1689
2025-04-05 08:09:18,608 INFO spawned: 'redis' with pid 1690
2025-04-05 08:09:18,626 INFO spawned: 'mongodb' with pid 1691
2025-04-05 08:09:18,649 INFO spawned: 'rts' with pid 1695
2025-04-05 08:09:18,687 INFO spawned: 'backend' with pid 1698
2025-04-05 08:09:18,706 INFO spawned: 'editor' with pid 1702
2025-04-05 08:09:18,727 INFO spawned: 'postgres' with pid 1704
2025-04-05 08:09:18,755 INFO success: redis entered RUNNING state, process has stayed up for > than 0 seconds (startsecs)
2025-04-05 08:09:18,759 INFO success: rts entered RUNNING state, process has stayed up for > than 0 seconds (startsecs)
2025-04-05 08:09:18,762 INFO success: editor entered RUNNING state, process has stayed up for > than 0 seconds (startsecs)
2025-04-05 08:09:19,648 INFO success: stdout entered RUNNING state, process has stayed up for > than 1 seconds (startsecs)
2025-04-05 08:09:19,720 INFO success: postgres entered RUNNING state, process has stayed up for > than 1 seconds (startsecs)
2025-04-05 08:09:20,273 INFO reaped unknown pid 68
2025-04-05 08:09:29,517 INFO success: mongodb entered RUNNING state, process has stayed up for > than 10 seconds (startsecs)
2025-04-05 08:09:39,273 INFO success: backend entered RUNNING state, process has stayed up for > than 20 seconds (startsecs)
2025-04-05 08:09:54,391 INFO reaped unknown pid 95
2025-04-05 08:30:45,934 WARN received SIGTERM indicating exit request
2025-04-05 08:30:45,937 INFO waiting for stdout, redis, mongodb, rts, backend, editor, postgres to die
2025-04-05 08:30:46,187 INFO stopped: postgres (exit status 0)
2025-04-05 08:30:46,203 INFO stopped: editor (exit status 2)
2025-04-05 08:30:49,471 INFO waiting for stdout, redis, mongodb, rts, backend to die
2025-04-05 08:59:02,182 CRIT Supervisor is running as root.  Privileges were not dropped because no user is specified in the config file.  If you intend to run as root, you can set user=root in the config file to avoid this message.
2025-04-05 08:59:02,183 INFO Included extra file "/tmp/appsmith/supervisor-conf.d/backend.conf" during parsing
2025-04-05 08:59:02,184 INFO Included extra file "/tmp/appsmith/supervisor-conf.d/editor.conf" during parsing
2025-04-05 08:59:02,187 INFO Included extra file "/tmp/appsmith/supervisor-conf.d/mongodb.conf" during parsing
2025-04-05 08:59:02,187 INFO Included extra file "/tmp/appsmith/supervisor-conf.d/postgres.conf" during parsing
2025-04-05 08:59:02,188 INFO Included extra file "/tmp/appsmith/supervisor-conf.d/redis.conf" during parsing
2025-04-05 08:59:02,190 INFO Included extra file "/tmp/appsmith/supervisor-conf.d/rts.conf" during parsing
2025-04-05 08:59:02,224 INFO RPC interface 'supervisor' initialized
2025-04-05 08:59:02,225 INFO RPC interface 'supervisor' initialized
2025-04-05 08:59:02,227 CRIT Server 'unix_http_server' running without any HTTP authentication checking
2025-04-05 08:59:02,228 INFO supervisord started with pid 1
2025-04-05 08:59:02,755 INFO spawned: 'stdout' with pid 1699
2025-04-05 08:59:02,767 INFO spawned: 'redis' with pid 1700
2025-04-05 08:59:02,785 INFO spawned: 'mongodb' with pid 1701
2025-04-05 08:59:02,799 INFO spawned: 'rts' with pid 1702
2025-04-05 08:59:02,813 INFO spawned: 'backend' with pid 1704
2025-04-05 08:59:02,841 INFO spawned: 'editor' with pid 1709
2025-04-05 08:59:02,930 INFO spawned: 'postgres' with pid 1720
2025-04-05 08:59:02,970 INFO success: redis entered RUNNING state, process has stayed up for > than 0 seconds (startsecs)
2025-04-05 08:59:02,971 INFO success: rts entered RUNNING state, process has stayed up for > than 0 seconds (startsecs)
2025-04-05 08:59:02,973 INFO success: editor entered RUNNING state, process has stayed up for > than 0 seconds (startsecs)
2025-04-05 08:59:04,081 INFO success: stdout entered RUNNING state, process has stayed up for > than 1 seconds (startsecs)
2025-04-05 08:59:04,085 INFO success: postgres entered RUNNING state, process has stayed up for > than 1 seconds (startsecs)
2025-04-05 08:59:04,093 INFO reaped unknown pid 74
2025-04-05 08:59:13,335 INFO success: mongodb entered RUNNING state, process has stayed up for > than 10 seconds (startsecs)
2025-04-05 08:59:23,371 INFO success: backend entered RUNNING state, process has stayed up for > than 20 seconds (startsecs)
2025-04-05 08:59:41,318 INFO reaped unknown pid 101
2025-04-05 09:12:00,153 CRIT Supervisor is running as root.  Privileges were not dropped because no user is specified in the config file.  If you intend to run as root, you can set user=root in the config file to avoid this message.
2025-04-05 09:12:00,154 INFO Included extra file "/tmp/appsmith/supervisor-conf.d/backend.conf" during parsing
2025-04-05 09:12:00,155 INFO Included extra file "/tmp/appsmith/supervisor-conf.d/editor.conf" during parsing
2025-04-05 09:12:00,156 INFO Included extra file "/tmp/appsmith/supervisor-conf.d/mongodb.conf" during parsing
2025-04-05 09:12:00,157 INFO Included extra file "/tmp/appsmith/supervisor-conf.d/postgres.conf" during parsing
2025-04-05 09:12:00,158 INFO Included extra file "/tmp/appsmith/supervisor-conf.d/redis.conf" during parsing
2025-04-05 09:12:00,159 INFO Included extra file "/tmp/appsmith/supervisor-conf.d/rts.conf" during parsing
2025-04-05 09:12:00,203 INFO RPC interface 'supervisor' initialized
2025-04-05 09:12:00,205 INFO RPC interface 'supervisor' initialized
2025-04-05 09:12:00,206 CRIT Server 'unix_http_server' running without any HTTP authentication checking
2025-04-05 09:12:00,208 INFO supervisord started with pid 1
2025-04-05 09:12:01,054 INFO spawned: 'stdout' with pid 1784
2025-04-05 09:12:01,081 INFO spawned: 'redis' with pid 1785
2025-04-05 09:12:01,108 INFO spawned: 'mongodb' with pid 1786
2025-04-05 09:12:01,170 INFO spawned: 'rts' with pid 1790
2025-04-05 09:12:01,199 INFO spawned: 'backend' with pid 1793
2025-04-05 09:12:01,234 INFO spawned: 'editor' with pid 1797
2025-04-05 09:12:01,334 INFO spawned: 'postgres' with pid 1815
2025-04-05 09:12:01,394 INFO success: redis entered RUNNING state, process has stayed up for > than 0 seconds (startsecs)
2025-04-05 09:12:01,398 INFO success: rts entered RUNNING state, process has stayed up for > than 0 seconds (startsecs)
2025-04-05 09:12:01,409 INFO success: editor entered RUNNING state, process has stayed up for > than 0 seconds (startsecs)
2025-04-05 09:12:02,251 INFO success: stdout entered RUNNING state, process has stayed up for > than 1 seconds (startsecs)
2025-04-05 09:12:02,257 INFO success: postgres entered RUNNING state, process has stayed up for > than 1 seconds (startsecs)
2025-04-05 09:12:04,586 INFO reaped unknown pid 68
2025-04-05 09:12:11,707 INFO success: mongodb entered RUNNING state, process has stayed up for > than 10 seconds (startsecs)
2025-04-05 09:12:21,243 INFO success: backend entered RUNNING state, process has stayed up for > than 20 seconds (startsecs)
2025-04-05 09:13:45,608 INFO reaped unknown pid 103
2025-04-05 09:26:42,091 WARN received SIGTERM indicating exit request
2025-04-05 09:26:42,095 INFO waiting for stdout, redis, mongodb, rts, backend, editor, postgres to die
2025-04-05 09:26:42,934 INFO stopped: postgres (exit status 0)
2025-04-05 09:26:42,970 INFO stopped: editor (exit status 2)
2025-04-05 09:26:45,145 INFO waiting for stdout, redis, mongodb, rts, backend to die
2025-04-05 09:26:48,234 INFO waiting for stdout, redis, mongodb, rts, backend to die
2025-04-05 09:26:48,319 INFO stopped: backend (exit status 143)
2025-04-05 09:26:48,321 INFO reaped unknown pid 1886
2025-04-05 09:26:48,350 INFO stopped: rts (terminated by SIGTERM)
2025-04-05 09:26:50,480 INFO stopped: mongodb (exit status 0)
2025-04-05 09:26:50,624 INFO stopped: redis (exit status 0)
2025-04-05 09:26:50,629 INFO stopped: stdout (terminated by SIGTERM)
2025-04-05 09:28:46,791 CRIT Supervisor is running as root.  Privileges were not dropped because no user is specified in the config file.  If you intend to run as root, you can set user=root in the config file to avoid this message.
2025-04-05 09:28:46,796 INFO Included extra file "/tmp/appsmith/supervisor-conf.d/backend.conf" during parsing
2025-04-05 09:28:46,799 INFO Included extra file "/tmp/appsmith/supervisor-conf.d/editor.conf" during parsing
2025-04-05 09:28:46,801 INFO Included extra file "/tmp/appsmith/supervisor-conf.d/mongodb.conf" during parsing
2025-04-05 09:28:46,803 INFO Included extra file "/tmp/appsmith/supervisor-conf.d/postgres.conf" during parsing
2025-04-05 09:28:46,812 INFO Included extra file "/tmp/appsmith/supervisor-conf.d/redis.conf" during parsing
2025-04-05 09:28:46,813 INFO Included extra file "/tmp/appsmith/supervisor-conf.d/rts.conf" during parsing
2025-04-05 09:28:46,863 INFO RPC interface 'supervisor' initialized
2025-04-05 09:28:46,868 INFO RPC interface 'supervisor' initialized
2025-04-05 09:28:46,869 CRIT Server 'unix_http_server' running without any HTTP authentication checking
2025-04-05 09:28:46,873 INFO supervisord started with pid 1
2025-04-05 09:28:47,887 INFO spawned: 'stdout' with pid 1703
2025-04-05 09:28:47,915 INFO spawned: 'redis' with pid 1704
2025-04-05 09:28:47,965 INFO spawned: 'mongodb' with pid 1705
2025-04-05 09:28:48,066 INFO spawned: 'rts' with pid 1709
2025-04-05 09:28:48,115 INFO spawned: 'backend' with pid 1712
2025-04-05 09:28:48,166 INFO spawned: 'editor' with pid 1716
2025-04-05 09:28:48,275 INFO spawned: 'postgres' with pid 1728
2025-04-05 09:28:48,285 INFO success: redis entered RUNNING state, process has stayed up for > than 0 seconds (startsecs)
2025-04-05 09:28:48,290 INFO success: rts entered RUNNING state, process has stayed up for > than 0 seconds (startsecs)
2025-04-05 09:28:48,312 INFO success: editor entered RUNNING state, process has stayed up for > than 0 seconds (startsecs)
2025-04-05 09:28:49,151 INFO success: stdout entered RUNNING state, process has stayed up for > than 1 seconds (startsecs)
2025-04-05 09:28:49,206 INFO success: postgres entered RUNNING state, process has stayed up for > than 1 seconds (startsecs)
2025-04-05 09:28:52,475 INFO reaped unknown pid 67
2025-04-05 09:28:58,528 INFO success: mongodb entered RUNNING state, process has stayed up for > than 10 seconds (startsecs)
2025-04-05 09:29:08,835 INFO success: backend entered RUNNING state, process has stayed up for > than 20 seconds (startsecs)
2025-04-05 09:30:08,176 INFO reaped unknown pid 94
2025-04-05 09:31:59,224 WARN received SIGTERM indicating exit request
2025-04-05 09:31:59,233 INFO waiting for stdout, redis, mongodb, rts, backend, editor, postgres to die
2025-04-05 09:32:00,497 INFO stopped: postgres (exit status 0)
2025-04-05 09:32:00,508 INFO stopped: editor (exit status 2)
2025-04-05 09:32:02,664 INFO waiting for stdout, redis, mongodb, rts, backend to die
2025-04-05 09:32:05,795 INFO stopped: backend (exit status 143)
2025-04-05 09:32:05,821 INFO reaped unknown pid 1852
2025-04-05 09:32:05,884 INFO waiting for stdout, redis, mongodb, rts to die
2025-04-05 09:32:05,997 INFO stopped: rts (terminated by SIGTERM)
2025-04-05 09:38:10,455 CRIT Supervisor is running as root.  Privileges were not dropped because no user is specified in the config file.  If you intend to run as root, you can set user=root in the config file to avoid this message.
2025-04-05 09:38:10,457 INFO Included extra file "/tmp/appsmith/supervisor-conf.d/backend.conf" during parsing
2025-04-05 09:38:10,458 INFO Included extra file "/tmp/appsmith/supervisor-conf.d/editor.conf" during parsing
2025-04-05 09:38:10,459 INFO Included extra file "/tmp/appsmith/supervisor-conf.d/mongodb.conf" during parsing
2025-04-05 09:38:10,459 INFO Included extra file "/tmp/appsmith/supervisor-conf.d/postgres.conf" during parsing
2025-04-05 09:38:10,463 INFO Included extra file "/tmp/appsmith/supervisor-conf.d/redis.conf" during parsing
2025-04-05 09:38:10,479 INFO Included extra file "/tmp/appsmith/supervisor-conf.d/rts.conf" during parsing
2025-04-05 09:38:10,516 INFO RPC interface 'supervisor' initialized
2025-04-05 09:38:10,520 INFO RPC interface 'supervisor' initialized
2025-04-05 09:38:10,522 CRIT Server 'unix_http_server' running without any HTTP authentication checking
2025-04-05 09:38:10,524 INFO supervisord started with pid 1
2025-04-05 09:38:11,305 INFO spawned: 'stdout' with pid 1747
2025-04-05 09:38:11,352 INFO spawned: 'redis' with pid 1748
2025-04-05 09:38:11,370 INFO spawned: 'mongodb' with pid 1749
2025-04-05 09:38:11,412 INFO spawned: 'rts' with pid 1750
2025-04-05 09:38:11,536 INFO spawned: 'backend' with pid 1756
2025-04-05 09:38:11,613 INFO spawned: 'editor' with pid 1760
2025-04-05 09:38:11,928 INFO spawned: 'postgres' with pid 1783
2025-04-05 09:38:12,146 INFO success: redis entered RUNNING state, process has stayed up for > than 0 seconds (startsecs)
2025-04-05 09:38:12,162 INFO success: rts entered RUNNING state, process has stayed up for > than 0 seconds (startsecs)
2025-04-05 09:38:12,178 INFO success: editor entered RUNNING state, process has stayed up for > than 0 seconds (startsecs)
2025-04-05 09:38:12,888 INFO success: stdout entered RUNNING state, process has stayed up for > than 1 seconds (startsecs)
2025-04-05 09:38:12,897 INFO success: postgres entered RUNNING state, process has stayed up for > than 1 seconds (startsecs)
2025-04-05 09:38:18,747 INFO reaped unknown pid 67
2025-04-05 09:38:21,996 INFO success: mongodb entered RUNNING state, process has stayed up for > than 10 seconds (startsecs)
2025-04-05 09:38:31,507 INFO success: backend entered RUNNING state, process has stayed up for > than 20 seconds (startsecs)
2025-04-05 09:40:41,896 INFO reaped unknown pid 94
2025-04-05 09:48:29,942 WARN received SIGTERM indicating exit request
2025-04-05 09:48:29,962 INFO waiting for stdout, redis, mongodb, rts, backend, editor, postgres to die
2025-04-05 09:48:32,226 INFO stopped: postgres (exit status 0)
2025-04-05 09:48:32,337 INFO stopped: editor (exit status 2)
2025-04-05 09:48:33,703 INFO waiting for stdout, redis, mongodb, rts, backend to die
2025-04-05 09:48:36,862 INFO waiting for stdout, redis, mongodb, rts, backend to die
2025-04-05 09:48:37,819 INFO stopped: backend (exit status 143)
2025-04-05 09:48:37,821 INFO reaped unknown pid 1887
2025-04-05 09:48:37,848 INFO stopped: rts (terminated by SIGTERM)
2025-04-05 09:48:38,803 INFO stopped: mongodb (exit status 0)
2025-04-05 09:48:38,956 INFO stopped: redis (exit status 0)
2025-04-05 09:48:38,985 INFO stopped: stdout (terminated by SIGTERM)
2025-04-05 09:49:41,822 CRIT Supervisor is running as root.  Privileges were not dropped because no user is specified in the config file.  If you intend to run as root, you can set user=root in the config file to avoid this message.
2025-04-05 09:49:41,824 INFO Included extra file "/tmp/appsmith/supervisor-conf.d/backend.conf" during parsing
2025-04-05 09:49:41,825 INFO Included extra file "/tmp/appsmith/supervisor-conf.d/editor.conf" during parsing
2025-04-05 09:49:41,826 INFO Included extra file "/tmp/appsmith/supervisor-conf.d/mongodb.conf" during parsing
2025-04-05 09:49:41,827 INFO Included extra file "/tmp/appsmith/supervisor-conf.d/postgres.conf" during parsing
2025-04-05 09:49:41,828 INFO Included extra file "/tmp/appsmith/supervisor-conf.d/redis.conf" during parsing
2025-04-05 09:49:41,830 INFO Included extra file "/tmp/appsmith/supervisor-conf.d/rts.conf" during parsing
2025-04-05 09:49:41,859 INFO RPC interface 'supervisor' initialized
2025-04-05 09:49:41,861 INFO RPC interface 'supervisor' initialized
2025-04-05 09:49:41,862 CRIT Server 'unix_http_server' running without any HTTP authentication checking
2025-04-05 09:49:41,868 INFO supervisord started with pid 1
2025-04-05 09:49:42,940 INFO spawned: 'stdout' with pid 1712
2025-04-05 09:49:43,058 INFO spawned: 'redis' with pid 1714
2025-04-05 09:49:43,192 INFO spawned: 'mongodb' with pid 1718
2025-04-05 09:49:43,218 INFO spawned: 'rts' with pid 1719
2025-04-05 09:49:43,271 INFO spawned: 'backend' with pid 1722
2025-04-05 09:49:43,330 INFO spawned: 'editor' with pid 1727
2025-04-05 09:49:43,368 INFO spawned: 'postgres' with pid 1735
2025-04-05 09:49:43,382 INFO success: redis entered RUNNING state, process has stayed up for > than 0 seconds (startsecs)
2025-04-05 09:49:43,385 INFO success: rts entered RUNNING state, process has stayed up for > than 0 seconds (startsecs)
2025-04-05 09:49:43,391 INFO success: editor entered RUNNING state, process has stayed up for > than 0 seconds (startsecs)
2025-04-05 09:49:43,872 INFO success: stdout entered RUNNING state, process has stayed up for > than 1 seconds (startsecs)
2025-04-05 09:49:44,367 INFO success: postgres entered RUNNING state, process has stayed up for > than 1 seconds (startsecs)
2025-04-05 09:49:45,578 INFO reaped unknown pid 66
2025-04-05 09:49:53,185 INFO success: mongodb entered RUNNING state, process has stayed up for > than 10 seconds (startsecs)
2025-04-05 09:50:04,198 INFO success: backend entered RUNNING state, process has stayed up for > than 20 seconds (startsecs)
2025-04-05 09:50:44,925 INFO reaped unknown pid 93
2025-04-05 09:55:09,609 WARN received SIGTERM indicating exit request
2025-04-05 09:55:09,637 INFO waiting for stdout, redis, mongodb, rts, backend, editor, postgres to die
2025-04-05 09:55:10,670 INFO stopped: postgres (exit status 0)
2025-04-05 09:55:10,683 INFO stopped: editor (exit status 2)
2025-04-05 09:55:12,873 INFO waiting for stdout, redis, mongodb, rts, backend to die
2025-04-05 09:55:15,687 INFO stopped: backend (exit status 143)
2025-04-05 09:55:15,711 INFO reaped unknown pid 1826
2025-04-05 09:55:15,738 INFO stopped: rts (terminated by SIGTERM)
2025-04-05 09:55:16,750 INFO waiting for stdout, redis, mongodb to die
