{"level":"info","ts":1743749713.8598135,"msg":"using config from file","file":"/tmp/appsmith/Caddyfile"}
{"level":"warn","ts":1743749713.8726833,"msg":"The nested 'metrics' option inside `servers` is deprecated and will be removed in the next major version. Use the global 'metrics' option instead."}
{"level":"info","ts":1743749713.9069095,"msg":"adapted config to JSON","adapter":"caddyfile"}
{"level":"info","ts":1743749714.5382142,"msg":"using config from file","file":"/tmp/appsmith/Caddyfile"}
{"level":"warn","ts":1743749714.5551016,"msg":"The nested 'metrics' option inside `servers` is deprecated and will be removed in the next major version. Use the global 'metrics' option instead."}
{"level":"info","ts":1743749714.6040242,"msg":"adapted config to JSON","adapter":"caddyfile"}
{"level":"info","ts":1743749714.6192672,"logger":"admin","msg":"admin endpoint started","address":"0.0.0.0:2019","enforce_origin":false,"origins":["//0.0.0.0:2019"]}
{"level":"warn","ts":1743749714.6192935,"logger":"admin","msg":"admin endpoint on open interface; host checking disabled","address":"0.0.0.0:2019"}
{"level":"info","ts":1743749714.6200006,"logger":"tls.cache.maintenance","msg":"started background certificate maintenance","cache":"0xc000423000"}
{"level":"warn","ts":1743749714.6527407,"logger":"http.auto_https","msg":"server is listening only on the HTTP port, so no automatic HTTPS will be applied to this server","server_name":"srv0","http_port":80}
{"level":"debug","ts":1743749714.6527915,"logger":"http.auto_https","msg":"adjusted config","tls":{"automation":{"policies":[{}]}},"http":{"servers":{"srv0":{"listen":[":80"],"routes":[{"handle":[{"handler":"vars","root":"/opt/appsmith/editor"}]},{"handle":[{"handler":"vars","log_skip":true}]},{"handle":[{"handler":"vars","log_skip":true}]},{"handle":[{"handler":"headers","response":{"set":{"X-Request-Id":["{http.request.header.X-Request-Id}"]}}}]},{"handle":[{"handler":"headers","response":{"set":{"X-Request-Id":["invalid_request_id"]}}}]},{"handle":[{"handler":"headers","response":{"set":{"Cache-Control":["public, max-age=31536000, immutable"]}}}]},{"handle":[{"handler":"headers","response":{"deferred":true,"delete":["Server"],"set":{"Content-Security-Policy":["frame-ancestors 'self' *"],"X-Appsmith-Request-Id":["{http.request.uuid}"],"X-Content-Type-Options":["nosniff"]}}},{"handler":"request_body","max_size":150000000}]},{"handle":[{"handler":"static_response","headers":{"Location":["/supervisor/"]},"status_code":302}]},{"handle":[{"handler":"rate_limit","rate_limits":{"dynamic_zone":{"key":"{http.request.header.Forwarded}+{http.request.header.X-Forwarded-For}+{http.request.remote.host}","max_events":100,"window":1000000000}}}]},{"handle":[{"handler":"headers","request":{"set":{"X-Request-Id":["invalid_request_id"]}}}]},{"handle":[{"handler":"headers","request":{"delete":["X-Appsmith-Request-Id"]}}]},{"group":"group8","handle":[{"handler":"subroute","routes":[{"handle":[{"canonical_uris":false,"handler":"file_server","hide":["/tmp/appsmith/Caddyfile"],"precompressed":{"br":{},"gzip":{}},"precompressed_order":["br","gzip"]}]}]}]},{"group":"group8","handle":[{"handler":"subroute","routes":[{"handle":[{"handler":"error","status_code":404}]}]}]},{"group":"group8","handle":[{"handler":"subroute","routes":[{"handle":[{"handler":"vars","root":"/opt/appsmith"}]},{"group":"group3","handle":[{"handler":"rewrite","uri":"/info.json"}]},{"handle":[{"canonical_uris":false,"handler":"file_server","hide":["/tmp/appsmith/Caddyfile"],"precompressed":{"br":{},"gzip":{}},"precompressed_order":["br","gzip"]}]}]}]},{"group":"group8","handle":[{"handler":"subroute","routes":[{"handle":[{"handler":"reverse_proxy","headers":{"request":{"delete":["Forwarded"],"set":{"X-Appsmith-Request-Id":["{http.request.uuid}"]}}},"upstreams":[{"dial":"127.0.0.1:8080"}]}]}]}]},{"group":"group8","handle":[{"handler":"subroute","routes":[{"handle":[{"handler":"rewrite","strip_path_prefix":"/supervisor"}]},{"handle":[{"handler":"reverse_proxy","headers":{"request":{"delete":["Forwarded"],"set":{"X-Appsmith-Request-Id":["{http.request.uuid}"]}}},"upstreams":[{"dial":"127.0.0.1:9001"}]}]}]}]},{"group":"group8","handle":[{"handler":"subroute","routes":[{"handle":[{"handler":"reverse_proxy","headers":{"request":{"delete":["Forwarded"],"set":{"X-Appsmith-Request-Id":["{http.request.uuid}"]}}},"upstreams":[{"dial":"127.0.0.1:8091"}]}]}]}]},{"group":"group8","handle":[{"handler":"subroute","routes":[{"handle":[{"handler":"vars","root":"/tmp/appsmith/www"}]},{"handle":[{"handler":"rewrite","uri":"{http.matchers.file.relative}"}],"match":[{"file":{"try_files":["/loading.html","/index.html"]}}]},{"handle":[{"canonical_uris":false,"handler":"file_server","hide":["/tmp/appsmith/Caddyfile"],"precompressed":{"br":{},"gzip":{}},"precompressed_order":["br","gzip"]}]}]}]}],"errors":{"routes":[{"handle":[{"handler":"headers","response":{"deferred":true,"delete":["Server","Cache-Control"]}},{"body":"{http.error.status_code} {http.error.status_text}","handler":"static_response","status_code":"{http.error.status_code}"}]}]},"automatic_https":{"disable":true},"trusted_proxies":{"ranges":["0.0.0.0/0"],"source":"static"},"logs":{"default_logger_name":"log0"}}},"metrics":{}}}
{"level":"debug","ts":1743749714.6549633,"logger":"http","msg":"starting server loop","address":"[::]:80","tls":false,"http3":false}
{"level":"warn","ts":1743749714.6549902,"logger":"http","msg":"HTTP/2 skipped because it requires TLS","network":"tcp","addr":":80"}
{"level":"warn","ts":1743749714.6549964,"logger":"http","msg":"HTTP/3 skipped because it requires TLS","network":"tcp","addr":":80"}
{"level":"info","ts":1743749714.6550028,"logger":"http.log","msg":"server running","name":"srv0","protocols":["h1","h2","h3"]}
{"level":"info","ts":1743749714.6550138,"msg":"serving initial configuration"}
{"level":"info","ts":1743749714.8610783,"logger":"tls","msg":"storage cleaning happened too recently; skipping for now","storage":"FileStorage:/appsmith-stacks/data/caddy","instance":"8ad3c58a-9f27-4a64-950d-6f48b7035dd5","try_again":1743836114.8610742,"try_again_in":86399.999999099}
{"level":"info","ts":1743749714.8784823,"logger":"tls","msg":"finished cleaning storage units"}
{"level":"debug","ts":1743749715.2876797,"logger":"http.handlers.rewrite","msg":"rewrote request","request":{"remote_ip":"::1","remote_port":"48992","client_ip":"::1","proto":"HTTP/1.1","method":"GET","host":"localhost","uri":"/loading.html","headers":{"User-Agent":["curl/7.68.0"],"Accept":["*/*"],"X-Request-Id":["invalid_request_id"]}},"method":"GET","uri":"/loading.html"}
{"level":"debug","ts":1743749715.28778,"logger":"http.handlers.file_server","msg":"sanitized path join","site_root":"/tmp/appsmith/www","fs":"","request_path":"/loading.html","result":"/tmp/appsmith/www/loading.html"}
{"level":"debug","ts":1743749715.2878428,"logger":"http.handlers.file_server","msg":"opening file","filename":"/tmp/appsmith/www/loading.html"}
{"level":"debug","ts":1743749721.079321,"logger":"http.handlers.rewrite","msg":"rewrote request","request":{"remote_ip":"::1","remote_port":"41390","client_ip":"::1","proto":"HTTP/1.1","method":"GET","host":"localhost","uri":"/loading.html","headers":{"X-Request-Id":["invalid_request_id"],"User-Agent":["curl/7.68.0"],"Accept":["*/*"]}},"method":"GET","uri":"/loading.html"}
{"level":"debug","ts":1743749721.0793772,"logger":"http.handlers.file_server","msg":"sanitized path join","site_root":"/tmp/appsmith/www","fs":"","request_path":"/loading.html","result":"/tmp/appsmith/www/loading.html"}
{"level":"debug","ts":1743749721.0794206,"logger":"http.handlers.file_server","msg":"opening file","filename":"/tmp/appsmith/www/loading.html"}
{"level":"debug","ts":1743749727.328324,"logger":"http.handlers.rewrite","msg":"rewrote request","request":{"remote_ip":"::1","remote_port":"41394","client_ip":"::1","proto":"HTTP/1.1","method":"GET","host":"localhost","uri":"/loading.html","headers":{"User-Agent":["curl/7.68.0"],"Accept":["*/*"],"X-Request-Id":["invalid_request_id"]}},"method":"GET","uri":"/loading.html"}
{"level":"debug","ts":1743749727.328375,"logger":"http.handlers.file_server","msg":"sanitized path join","site_root":"/tmp/appsmith/www","fs":"","request_path":"/loading.html","result":"/tmp/appsmith/www/loading.html"}
{"level":"debug","ts":1743749727.3284106,"logger":"http.handlers.file_server","msg":"opening file","filename":"/tmp/appsmith/www/loading.html"}
{"level":"debug","ts":1743749733.4046202,"logger":"http.handlers.rewrite","msg":"rewrote request","request":{"remote_ip":"::1","remote_port":"49082","client_ip":"::1","proto":"HTTP/1.1","method":"GET","host":"localhost","uri":"/loading.html","headers":{"X-Request-Id":["invalid_request_id"],"User-Agent":["curl/7.68.0"],"Accept":["*/*"]}},"method":"GET","uri":"/loading.html"}
{"level":"debug","ts":1743749733.4046714,"logger":"http.handlers.file_server","msg":"sanitized path join","site_root":"/tmp/appsmith/www","fs":"","request_path":"/loading.html","result":"/tmp/appsmith/www/loading.html"}
{"level":"debug","ts":1743749733.4047039,"logger":"http.handlers.file_server","msg":"opening file","filename":"/tmp/appsmith/www/loading.html"}
{"level":"debug","ts":1743749749.8629699,"logger":"http.handlers.rewrite","msg":"rewrote request","request":{"remote_ip":"::1","remote_port":"59952","client_ip":"::1","proto":"HTTP/1.1","method":"GET","host":"localhost","uri":"/loading.html","headers":{"User-Agent":["curl/7.68.0"],"Accept":["*/*"],"X-Request-Id":["invalid_request_id"]}},"method":"GET","uri":"/loading.html"}
{"level":"debug","ts":1743749749.8630652,"logger":"http.handlers.file_server","msg":"sanitized path join","site_root":"/tmp/appsmith/www","fs":"","request_path":"/loading.html","result":"/tmp/appsmith/www/loading.html"}
{"level":"debug","ts":1743749749.863112,"logger":"http.handlers.file_server","msg":"opening file","filename":"/tmp/appsmith/www/loading.html"}
{"level":"debug","ts":1743749766.2733212,"logger":"http.handlers.rewrite","msg":"rewrote request","request":{"remote_ip":"::1","remote_port":"38458","client_ip":"::1","proto":"HTTP/1.1","method":"GET","host":"localhost","uri":"/loading.html","headers":{"User-Agent":["curl/7.68.0"],"Accept":["*/*"],"X-Request-Id":["invalid_request_id"]}},"method":"GET","uri":"/loading.html"}
{"level":"debug","ts":1743749766.2734792,"logger":"http.handlers.file_server","msg":"sanitized path join","site_root":"/tmp/appsmith/www","fs":"","request_path":"/loading.html","result":"/tmp/appsmith/www/loading.html"}
{"level":"debug","ts":1743749766.2735326,"logger":"http.handlers.file_server","msg":"opening file","filename":"/tmp/appsmith/www/loading.html"}
{"level":"debug","ts":1743749782.7717936,"logger":"http.handlers.rewrite","msg":"rewrote request","request":{"remote_ip":"::1","remote_port":"54602","client_ip":"::1","proto":"HTTP/1.1","method":"GET","host":"localhost","uri":"/loading.html","headers":{"User-Agent":["curl/7.68.0"],"Accept":["*/*"],"X-Request-Id":["invalid_request_id"]}},"method":"GET","uri":"/loading.html"}
{"level":"debug","ts":1743749782.7718492,"logger":"http.handlers.file_server","msg":"sanitized path join","site_root":"/tmp/appsmith/www","fs":"","request_path":"/loading.html","result":"/tmp/appsmith/www/loading.html"}
{"level":"debug","ts":1743749782.7718866,"logger":"http.handlers.file_server","msg":"opening file","filename":"/tmp/appsmith/www/loading.html"}
{"level":"debug","ts":1743749798.668464,"logger":"http.handlers.rewrite","msg":"rewrote request","request":{"remote_ip":"::1","remote_port":"51286","client_ip":"::1","proto":"HTTP/1.1","method":"GET","host":"localhost","uri":"/loading.html","headers":{"User-Agent":["curl/7.68.0"],"Accept":["*/*"],"X-Request-Id":["invalid_request_id"]}},"method":"GET","uri":"/loading.html"}
{"level":"debug","ts":1743749798.6685808,"logger":"http.handlers.file_server","msg":"sanitized path join","site_root":"/tmp/appsmith/www","fs":"","request_path":"/loading.html","result":"/tmp/appsmith/www/loading.html"}
{"level":"debug","ts":1743749798.6686454,"logger":"http.handlers.file_server","msg":"opening file","filename":"/tmp/appsmith/www/loading.html"}
{"level":"debug","ts":1743749814.7266963,"logger":"http.handlers.rewrite","msg":"rewrote request","request":{"remote_ip":"::1","remote_port":"60688","client_ip":"::1","proto":"HTTP/1.1","method":"GET","host":"localhost","uri":"/index.html","headers":{"User-Agent":["curl/7.68.0"],"Accept":["*/*"],"X-Request-Id":["invalid_request_id"]}},"method":"GET","uri":"/index.html"}
{"level":"debug","ts":1743749814.7271614,"logger":"http.handlers.file_server","msg":"sanitized path join","site_root":"/tmp/appsmith/www","fs":"","request_path":"/index.html","result":"/tmp/appsmith/www/index.html"}
{"level":"debug","ts":1743749814.727456,"logger":"http.handlers.file_server","msg":"opening file","filename":"/tmp/appsmith/www/index.html"}
{"level":"debug","ts":1743749830.4674127,"logger":"http.handlers.rewrite","msg":"rewrote request","request":{"remote_ip":"::1","remote_port":"35330","client_ip":"::1","proto":"HTTP/1.1","method":"GET","host":"localhost","uri":"/index.html","headers":{"X-Request-Id":["invalid_request_id"],"User-Agent":["curl/7.68.0"],"Accept":["*/*"]}},"method":"GET","uri":"/index.html"}
{"level":"debug","ts":1743749830.4674857,"logger":"http.handlers.file_server","msg":"sanitized path join","site_root":"/tmp/appsmith/www","fs":"","request_path":"/index.html","result":"/tmp/appsmith/www/index.html"}
{"level":"debug","ts":1743749830.467531,"logger":"http.handlers.file_server","msg":"opening file","filename":"/tmp/appsmith/www/index.html"}
{"level":"debug","ts":1743749846.273104,"logger":"http.handlers.rewrite","msg":"rewrote request","request":{"remote_ip":"::1","remote_port":"52170","client_ip":"::1","proto":"HTTP/1.1","method":"GET","host":"localhost","uri":"/index.html","headers":{"X-Request-Id":["invalid_request_id"],"User-Agent":["curl/7.68.0"],"Accept":["*/*"]}},"method":"GET","uri":"/index.html"}
{"level":"debug","ts":1743749846.2731662,"logger":"http.handlers.file_server","msg":"sanitized path join","site_root":"/tmp/appsmith/www","fs":"","request_path":"/index.html","result":"/tmp/appsmith/www/index.html"}
{"level":"debug","ts":1743749846.2732081,"logger":"http.handlers.file_server","msg":"opening file","filename":"/tmp/appsmith/www/index.html"}
{"level":"debug","ts":1743749861.9247372,"logger":"http.handlers.rewrite","msg":"rewrote request","request":{"remote_ip":"::1","remote_port":"35146","client_ip":"::1","proto":"HTTP/1.1","method":"GET","host":"localhost","uri":"/index.html","headers":{"X-Request-Id":["invalid_request_id"],"User-Agent":["curl/7.68.0"],"Accept":["*/*"]}},"method":"GET","uri":"/index.html"}
{"level":"debug","ts":1743749861.924823,"logger":"http.handlers.file_server","msg":"sanitized path join","site_root":"/tmp/appsmith/www","fs":"","request_path":"/index.html","result":"/tmp/appsmith/www/index.html"}
{"level":"debug","ts":1743749861.9248655,"logger":"http.handlers.file_server","msg":"opening file","filename":"/tmp/appsmith/www/index.html"}
{"level":"debug","ts":1743749877.4475398,"logger":"http.handlers.rewrite","msg":"rewrote request","request":{"remote_ip":"::1","remote_port":"46974","client_ip":"::1","proto":"HTTP/1.1","method":"GET","host":"localhost","uri":"/index.html","headers":{"User-Agent":["curl/7.68.0"],"Accept":["*/*"],"X-Request-Id":["invalid_request_id"]}},"method":"GET","uri":"/index.html"}
{"level":"debug","ts":1743749877.4476326,"logger":"http.handlers.file_server","msg":"sanitized path join","site_root":"/tmp/appsmith/www","fs":"","request_path":"/index.html","result":"/tmp/appsmith/www/index.html"}
{"level":"debug","ts":1743749877.4476805,"logger":"http.handlers.file_server","msg":"opening file","filename":"/tmp/appsmith/www/index.html"}
{"level":"debug","ts":1743749892.8548684,"logger":"http.handlers.rewrite","msg":"rewrote request","request":{"remote_ip":"::1","remote_port":"48026","client_ip":"::1","proto":"HTTP/1.1","method":"GET","host":"localhost","uri":"/index.html","headers":{"User-Agent":["curl/7.68.0"],"Accept":["*/*"],"X-Request-Id":["invalid_request_id"]}},"method":"GET","uri":"/index.html"}
{"level":"debug","ts":1743749892.8549979,"logger":"http.handlers.file_server","msg":"sanitized path join","site_root":"/tmp/appsmith/www","fs":"","request_path":"/index.html","result":"/tmp/appsmith/www/index.html"}
{"level":"debug","ts":1743749892.85505,"logger":"http.handlers.file_server","msg":"opening file","filename":"/tmp/appsmith/www/index.html"}
{"level":"debug","ts":1743749908.2657828,"logger":"http.handlers.rewrite","msg":"rewrote request","request":{"remote_ip":"::1","remote_port":"38734","client_ip":"::1","proto":"HTTP/1.1","method":"GET","host":"localhost","uri":"/index.html","headers":{"User-Agent":["curl/7.68.0"],"Accept":["*/*"],"X-Request-Id":["invalid_request_id"]}},"method":"GET","uri":"/index.html"}
{"level":"debug","ts":1743749908.2658427,"logger":"http.handlers.file_server","msg":"sanitized path join","site_root":"/tmp/appsmith/www","fs":"","request_path":"/index.html","result":"/tmp/appsmith/www/index.html"}
{"level":"debug","ts":1743749908.2658741,"logger":"http.handlers.file_server","msg":"opening file","filename":"/tmp/appsmith/www/index.html"}
{"level":"debug","ts":1743749923.9112167,"logger":"http.handlers.rewrite","msg":"rewrote request","request":{"remote_ip":"::1","remote_port":"50592","client_ip":"::1","proto":"HTTP/1.1","method":"GET","host":"localhost","uri":"/index.html","headers":{"User-Agent":["curl/7.68.0"],"Accept":["*/*"],"X-Request-Id":["invalid_request_id"]}},"method":"GET","uri":"/index.html"}
{"level":"debug","ts":1743749923.911283,"logger":"http.handlers.file_server","msg":"sanitized path join","site_root":"/tmp/appsmith/www","fs":"","request_path":"/index.html","result":"/tmp/appsmith/www/index.html"}
{"level":"debug","ts":1743749923.9113195,"logger":"http.handlers.file_server","msg":"opening file","filename":"/tmp/appsmith/www/index.html"}
{"level":"debug","ts":1743749939.5235136,"logger":"http.handlers.rewrite","msg":"rewrote request","request":{"remote_ip":"::1","remote_port":"47816","client_ip":"::1","proto":"HTTP/1.1","method":"GET","host":"localhost","uri":"/index.html","headers":{"User-Agent":["curl/7.68.0"],"Accept":["*/*"],"X-Request-Id":["invalid_request_id"]}},"method":"GET","uri":"/index.html"}
{"level":"debug","ts":1743749939.5235868,"logger":"http.handlers.file_server","msg":"sanitized path join","site_root":"/tmp/appsmith/www","fs":"","request_path":"/index.html","result":"/tmp/appsmith/www/index.html"}
{"level":"debug","ts":1743749939.5236435,"logger":"http.handlers.file_server","msg":"opening file","filename":"/tmp/appsmith/www/index.html"}
{"level":"debug","ts":1743749954.914991,"logger":"http.handlers.rewrite","msg":"rewrote request","request":{"remote_ip":"::1","remote_port":"53988","client_ip":"::1","proto":"HTTP/1.1","method":"GET","host":"localhost","uri":"/index.html","headers":{"User-Agent":["curl/7.68.0"],"Accept":["*/*"],"X-Request-Id":["invalid_request_id"]}},"method":"GET","uri":"/index.html"}
{"level":"debug","ts":1743749954.9150584,"logger":"http.handlers.file_server","msg":"sanitized path join","site_root":"/tmp/appsmith/www","fs":"","request_path":"/index.html","result":"/tmp/appsmith/www/index.html"}
{"level":"debug","ts":1743749954.9150972,"logger":"http.handlers.file_server","msg":"opening file","filename":"/tmp/appsmith/www/index.html"}
{"level":"debug","ts":1743749970.3270774,"logger":"http.handlers.rewrite","msg":"rewrote request","request":{"remote_ip":"::1","remote_port":"40264","client_ip":"::1","proto":"HTTP/1.1","method":"GET","host":"localhost","uri":"/index.html","headers":{"User-Agent":["curl/7.68.0"],"Accept":["*/*"],"X-Request-Id":["invalid_request_id"]}},"method":"GET","uri":"/index.html"}
{"level":"debug","ts":1743749970.3271618,"logger":"http.handlers.file_server","msg":"sanitized path join","site_root":"/tmp/appsmith/www","fs":"","request_path":"/index.html","result":"/tmp/appsmith/www/index.html"}
{"level":"debug","ts":1743749970.3272028,"logger":"http.handlers.file_server","msg":"opening file","filename":"/tmp/appsmith/www/index.html"}
{"level":"debug","ts":1743749985.722168,"logger":"http.handlers.rewrite","msg":"rewrote request","request":{"remote_ip":"::1","remote_port":"40066","client_ip":"::1","proto":"HTTP/1.1","method":"GET","host":"localhost","uri":"/index.html","headers":{"User-Agent":["curl/7.68.0"],"Accept":["*/*"],"X-Request-Id":["invalid_request_id"]}},"method":"GET","uri":"/index.html"}
{"level":"debug","ts":1743749985.7222538,"logger":"http.handlers.file_server","msg":"sanitized path join","site_root":"/tmp/appsmith/www","fs":"","request_path":"/index.html","result":"/tmp/appsmith/www/index.html"}
{"level":"debug","ts":1743749985.7223642,"logger":"http.handlers.file_server","msg":"opening file","filename":"/tmp/appsmith/www/index.html"}
{"level":"debug","ts":1743750001.305921,"logger":"http.handlers.rewrite","msg":"rewrote request","request":{"remote_ip":"::1","remote_port":"33916","client_ip":"::1","proto":"HTTP/1.1","method":"GET","host":"localhost","uri":"/index.html","headers":{"User-Agent":["curl/7.68.0"],"Accept":["*/*"],"X-Request-Id":["invalid_request_id"]}},"method":"GET","uri":"/index.html"}
{"level":"debug","ts":1743750001.3060253,"logger":"http.handlers.file_server","msg":"sanitized path join","site_root":"/tmp/appsmith/www","fs":"","request_path":"/index.html","result":"/tmp/appsmith/www/index.html"}
{"level":"debug","ts":1743750001.3060644,"logger":"http.handlers.file_server","msg":"opening file","filename":"/tmp/appsmith/www/index.html"}
{"level":"debug","ts":1743750016.7513635,"logger":"http.handlers.rewrite","msg":"rewrote request","request":{"remote_ip":"::1","remote_port":"58038","client_ip":"::1","proto":"HTTP/1.1","method":"GET","host":"localhost","uri":"/index.html","headers":{"User-Agent":["curl/7.68.0"],"Accept":["*/*"],"X-Request-Id":["invalid_request_id"]}},"method":"GET","uri":"/index.html"}
{"level":"debug","ts":1743750016.7514508,"logger":"http.handlers.file_server","msg":"sanitized path join","site_root":"/tmp/appsmith/www","fs":"","request_path":"/index.html","result":"/tmp/appsmith/www/index.html"}
{"level":"debug","ts":1743750016.751505,"logger":"http.handlers.file_server","msg":"opening file","filename":"/tmp/appsmith/www/index.html"}
{"level":"debug","ts":1743750032.3675892,"logger":"http.handlers.rewrite","msg":"rewrote request","request":{"remote_ip":"::1","remote_port":"51288","client_ip":"::1","proto":"HTTP/1.1","method":"GET","host":"localhost","uri":"/index.html","headers":{"Accept":["*/*"],"X-Request-Id":["invalid_request_id"],"User-Agent":["curl/7.68.0"]}},"method":"GET","uri":"/index.html"}
{"level":"debug","ts":1743750032.3676708,"logger":"http.handlers.file_server","msg":"sanitized path join","site_root":"/tmp/appsmith/www","fs":"","request_path":"/index.html","result":"/tmp/appsmith/www/index.html"}
{"level":"debug","ts":1743750032.367712,"logger":"http.handlers.file_server","msg":"opening file","filename":"/tmp/appsmith/www/index.html"}
{"level":"debug","ts":1743750047.8409224,"logger":"http.handlers.rewrite","msg":"rewrote request","request":{"remote_ip":"::1","remote_port":"43492","client_ip":"::1","proto":"HTTP/1.1","method":"GET","host":"localhost","uri":"/index.html","headers":{"User-Agent":["curl/7.68.0"],"Accept":["*/*"],"X-Request-Id":["invalid_request_id"]}},"method":"GET","uri":"/index.html"}
{"level":"debug","ts":1743750047.8409894,"logger":"http.handlers.file_server","msg":"sanitized path join","site_root":"/tmp/appsmith/www","fs":"","request_path":"/index.html","result":"/tmp/appsmith/www/index.html"}
{"level":"debug","ts":1743750047.8410287,"logger":"http.handlers.file_server","msg":"opening file","filename":"/tmp/appsmith/www/index.html"}
{"level":"debug","ts":1743750063.337533,"logger":"http.handlers.rewrite","msg":"rewrote request","request":{"remote_ip":"::1","remote_port":"52354","client_ip":"::1","proto":"HTTP/1.1","method":"GET","host":"localhost","uri":"/index.html","headers":{"User-Agent":["curl/7.68.0"],"Accept":["*/*"],"X-Request-Id":["invalid_request_id"]}},"method":"GET","uri":"/index.html"}
{"level":"debug","ts":1743750063.3376064,"logger":"http.handlers.file_server","msg":"sanitized path join","site_root":"/tmp/appsmith/www","fs":"","request_path":"/index.html","result":"/tmp/appsmith/www/index.html"}
{"level":"debug","ts":1743750063.3376482,"logger":"http.handlers.file_server","msg":"opening file","filename":"/tmp/appsmith/www/index.html"}
{"level":"debug","ts":1743750079.2828274,"logger":"http.handlers.rewrite","msg":"rewrote request","request":{"remote_ip":"::1","remote_port":"39986","client_ip":"::1","proto":"HTTP/1.1","method":"GET","host":"localhost","uri":"/index.html","headers":{"Accept":["*/*"],"X-Request-Id":["invalid_request_id"],"User-Agent":["curl/7.68.0"]}},"method":"GET","uri":"/index.html"}
{"level":"debug","ts":1743750079.2829368,"logger":"http.handlers.file_server","msg":"sanitized path join","site_root":"/tmp/appsmith/www","fs":"","request_path":"/index.html","result":"/tmp/appsmith/www/index.html"}
{"level":"debug","ts":1743750079.2829854,"logger":"http.handlers.file_server","msg":"opening file","filename":"/tmp/appsmith/www/index.html"}
{"level":"debug","ts":1743750094.8104622,"logger":"http.handlers.rewrite","msg":"rewrote request","request":{"remote_ip":"::1","remote_port":"49116","client_ip":"::1","proto":"HTTP/1.1","method":"GET","host":"localhost","uri":"/index.html","headers":{"User-Agent":["curl/7.68.0"],"Accept":["*/*"],"X-Request-Id":["invalid_request_id"]}},"method":"GET","uri":"/index.html"}
{"level":"debug","ts":1743750094.8105278,"logger":"http.handlers.file_server","msg":"sanitized path join","site_root":"/tmp/appsmith/www","fs":"","request_path":"/index.html","result":"/tmp/appsmith/www/index.html"}
{"level":"debug","ts":1743750094.810577,"logger":"http.handlers.file_server","msg":"opening file","filename":"/tmp/appsmith/www/index.html"}
{"level":"debug","ts":1743750110.2848637,"logger":"http.handlers.rewrite","msg":"rewrote request","request":{"remote_ip":"::1","remote_port":"50194","client_ip":"::1","proto":"HTTP/1.1","method":"GET","host":"localhost","uri":"/index.html","headers":{"User-Agent":["curl/7.68.0"],"Accept":["*/*"],"X-Request-Id":["invalid_request_id"]}},"method":"GET","uri":"/index.html"}
{"level":"debug","ts":1743750110.2849336,"logger":"http.handlers.file_server","msg":"sanitized path join","site_root":"/tmp/appsmith/www","fs":"","request_path":"/index.html","result":"/tmp/appsmith/www/index.html"}
{"level":"debug","ts":1743750110.2849715,"logger":"http.handlers.file_server","msg":"opening file","filename":"/tmp/appsmith/www/index.html"}
{"level":"debug","ts":1743750126.465979,"logger":"http.handlers.rewrite","msg":"rewrote request","request":{"remote_ip":"::1","remote_port":"37910","client_ip":"::1","proto":"HTTP/1.1","method":"GET","host":"localhost","uri":"/index.html","headers":{"X-Request-Id":["invalid_request_id"],"User-Agent":["curl/7.68.0"],"Accept":["*/*"]}},"method":"GET","uri":"/index.html"}
{"level":"debug","ts":1743750126.4660654,"logger":"http.handlers.file_server","msg":"sanitized path join","site_root":"/tmp/appsmith/www","fs":"","request_path":"/index.html","result":"/tmp/appsmith/www/index.html"}
{"level":"debug","ts":1743750126.466111,"logger":"http.handlers.file_server","msg":"opening file","filename":"/tmp/appsmith/www/index.html"}
{"level":"debug","ts":1743750142.317071,"logger":"http.handlers.rewrite","msg":"rewrote request","request":{"remote_ip":"::1","remote_port":"33504","client_ip":"::1","proto":"HTTP/1.1","method":"GET","host":"localhost","uri":"/index.html","headers":{"User-Agent":["curl/7.68.0"],"Accept":["*/*"],"X-Request-Id":["invalid_request_id"]}},"method":"GET","uri":"/index.html"}
{"level":"debug","ts":1743750142.3171723,"logger":"http.handlers.file_server","msg":"sanitized path join","site_root":"/tmp/appsmith/www","fs":"","request_path":"/index.html","result":"/tmp/appsmith/www/index.html"}
{"level":"debug","ts":1743750142.3172295,"logger":"http.handlers.file_server","msg":"opening file","filename":"/tmp/appsmith/www/index.html"}
{"level":"debug","ts":1743750157.9549212,"logger":"http.handlers.rewrite","msg":"rewrote request","request":{"remote_ip":"::1","remote_port":"57882","client_ip":"::1","proto":"HTTP/1.1","method":"GET","host":"localhost","uri":"/index.html","headers":{"User-Agent":["curl/7.68.0"],"Accept":["*/*"],"X-Request-Id":["invalid_request_id"]}},"method":"GET","uri":"/index.html"}
{"level":"debug","ts":1743750157.955021,"logger":"http.handlers.file_server","msg":"sanitized path join","site_root":"/tmp/appsmith/www","fs":"","request_path":"/index.html","result":"/tmp/appsmith/www/index.html"}
{"level":"debug","ts":1743750157.9550729,"logger":"http.handlers.file_server","msg":"opening file","filename":"/tmp/appsmith/www/index.html"}
{"level":"debug","ts":1743750173.3562806,"logger":"http.handlers.rewrite","msg":"rewrote request","request":{"remote_ip":"::1","remote_port":"44114","client_ip":"::1","proto":"HTTP/1.1","method":"GET","host":"localhost","uri":"/index.html","headers":{"X-Request-Id":["invalid_request_id"],"User-Agent":["curl/7.68.0"],"Accept":["*/*"]}},"method":"GET","uri":"/index.html"}
{"level":"debug","ts":1743750173.3563395,"logger":"http.handlers.file_server","msg":"sanitized path join","site_root":"/tmp/appsmith/www","fs":"","request_path":"/index.html","result":"/tmp/appsmith/www/index.html"}
{"level":"debug","ts":1743750173.3563836,"logger":"http.handlers.file_server","msg":"opening file","filename":"/tmp/appsmith/www/index.html"}
{"level":"debug","ts":1743750189.0212467,"logger":"http.handlers.rewrite","msg":"rewrote request","request":{"remote_ip":"::1","remote_port":"41378","client_ip":"::1","proto":"HTTP/1.1","method":"GET","host":"localhost","uri":"/index.html","headers":{"User-Agent":["curl/7.68.0"],"Accept":["*/*"],"X-Request-Id":["invalid_request_id"]}},"method":"GET","uri":"/index.html"}
{"level":"debug","ts":1743750189.0213442,"logger":"http.handlers.file_server","msg":"sanitized path join","site_root":"/tmp/appsmith/www","fs":"","request_path":"/index.html","result":"/tmp/appsmith/www/index.html"}
{"level":"debug","ts":1743750189.0213993,"logger":"http.handlers.file_server","msg":"opening file","filename":"/tmp/appsmith/www/index.html"}
{"level":"debug","ts":1743750205.1229365,"logger":"http.handlers.rewrite","msg":"rewrote request","request":{"remote_ip":"::1","remote_port":"35554","client_ip":"::1","proto":"HTTP/1.1","method":"GET","host":"localhost","uri":"/index.html","headers":{"User-Agent":["curl/7.68.0"],"Accept":["*/*"],"X-Request-Id":["invalid_request_id"]}},"method":"GET","uri":"/index.html"}
{"level":"debug","ts":1743750205.1230848,"logger":"http.handlers.file_server","msg":"sanitized path join","site_root":"/tmp/appsmith/www","fs":"","request_path":"/index.html","result":"/tmp/appsmith/www/index.html"}
{"level":"debug","ts":1743750205.123132,"logger":"http.handlers.file_server","msg":"opening file","filename":"/tmp/appsmith/www/index.html"}
{"level":"debug","ts":1743750221.078123,"logger":"http.handlers.rewrite","msg":"rewrote request","request":{"remote_ip":"::1","remote_port":"43004","client_ip":"::1","proto":"HTTP/1.1","method":"GET","host":"localhost","uri":"/index.html","headers":{"User-Agent":["curl/7.68.0"],"Accept":["*/*"],"X-Request-Id":["invalid_request_id"]}},"method":"GET","uri":"/index.html"}
{"level":"debug","ts":1743750221.07818,"logger":"http.handlers.file_server","msg":"sanitized path join","site_root":"/tmp/appsmith/www","fs":"","request_path":"/index.html","result":"/tmp/appsmith/www/index.html"}
{"level":"debug","ts":1743750221.0782151,"logger":"http.handlers.file_server","msg":"opening file","filename":"/tmp/appsmith/www/index.html"}
{"level":"debug","ts":1743750237.0528734,"logger":"http.handlers.rewrite","msg":"rewrote request","request":{"remote_ip":"::1","remote_port":"44160","client_ip":"::1","proto":"HTTP/1.1","method":"GET","host":"localhost","uri":"/index.html","headers":{"User-Agent":["curl/7.68.0"],"Accept":["*/*"],"X-Request-Id":["invalid_request_id"]}},"method":"GET","uri":"/index.html"}
{"level":"debug","ts":1743750237.0529993,"logger":"http.handlers.file_server","msg":"sanitized path join","site_root":"/tmp/appsmith/www","fs":"","request_path":"/index.html","result":"/tmp/appsmith/www/index.html"}
{"level":"debug","ts":1743750237.0530767,"logger":"http.handlers.file_server","msg":"opening file","filename":"/tmp/appsmith/www/index.html"}
{"level":"debug","ts":1743750252.5332744,"logger":"http.handlers.rewrite","msg":"rewrote request","request":{"remote_ip":"::1","remote_port":"54492","client_ip":"::1","proto":"HTTP/1.1","method":"GET","host":"localhost","uri":"/index.html","headers":{"User-Agent":["curl/7.68.0"],"Accept":["*/*"],"X-Request-Id":["invalid_request_id"]}},"method":"GET","uri":"/index.html"}
{"level":"debug","ts":1743750252.5333748,"logger":"http.handlers.file_server","msg":"sanitized path join","site_root":"/tmp/appsmith/www","fs":"","request_path":"/index.html","result":"/tmp/appsmith/www/index.html"}
{"level":"debug","ts":1743750252.5334268,"logger":"http.handlers.file_server","msg":"opening file","filename":"/tmp/appsmith/www/index.html"}
{"level":"debug","ts":1743750268.8675103,"logger":"http.handlers.rewrite","msg":"rewrote request","request":{"remote_ip":"::1","remote_port":"56514","client_ip":"::1","proto":"HTTP/1.1","method":"GET","host":"localhost","uri":"/index.html","headers":{"X-Request-Id":["invalid_request_id"],"User-Agent":["curl/7.68.0"],"Accept":["*/*"]}},"method":"GET","uri":"/index.html"}
{"level":"debug","ts":1743750268.8676054,"logger":"http.handlers.file_server","msg":"sanitized path join","site_root":"/tmp/appsmith/www","fs":"","request_path":"/index.html","result":"/tmp/appsmith/www/index.html"}
{"level":"debug","ts":1743750268.8676527,"logger":"http.handlers.file_server","msg":"opening file","filename":"/tmp/appsmith/www/index.html"}
{"level":"debug","ts":1743750284.7039633,"logger":"http.handlers.rewrite","msg":"rewrote request","request":{"remote_ip":"::1","remote_port":"38138","client_ip":"::1","proto":"HTTP/1.1","method":"GET","host":"localhost","uri":"/index.html","headers":{"X-Request-Id":["invalid_request_id"],"User-Agent":["curl/7.68.0"],"Accept":["*/*"]}},"method":"GET","uri":"/index.html"}
{"level":"debug","ts":1743750284.704052,"logger":"http.handlers.file_server","msg":"sanitized path join","site_root":"/tmp/appsmith/www","fs":"","request_path":"/index.html","result":"/tmp/appsmith/www/index.html"}
{"level":"debug","ts":1743750284.7041295,"logger":"http.handlers.file_server","msg":"opening file","filename":"/tmp/appsmith/www/index.html"}
{"level":"debug","ts":1743750300.3816583,"logger":"http.handlers.rewrite","msg":"rewrote request","request":{"remote_ip":"::1","remote_port":"56320","client_ip":"::1","proto":"HTTP/1.1","method":"GET","host":"localhost","uri":"/index.html","headers":{"Accept":["*/*"],"X-Request-Id":["invalid_request_id"],"User-Agent":["curl/7.68.0"]}},"method":"GET","uri":"/index.html"}
{"level":"debug","ts":1743750300.3817616,"logger":"http.handlers.file_server","msg":"sanitized path join","site_root":"/tmp/appsmith/www","fs":"","request_path":"/index.html","result":"/tmp/appsmith/www/index.html"}
{"level":"debug","ts":1743750300.3818042,"logger":"http.handlers.file_server","msg":"opening file","filename":"/tmp/appsmith/www/index.html"}
{"level":"debug","ts":1743750315.9565077,"logger":"http.handlers.rewrite","msg":"rewrote request","request":{"remote_ip":"::1","remote_port":"43540","client_ip":"::1","proto":"HTTP/1.1","method":"GET","host":"localhost","uri":"/index.html","headers":{"User-Agent":["curl/7.68.0"],"Accept":["*/*"],"X-Request-Id":["invalid_request_id"]}},"method":"GET","uri":"/index.html"}
{"level":"debug","ts":1743750315.9565945,"logger":"http.handlers.file_server","msg":"sanitized path join","site_root":"/tmp/appsmith/www","fs":"","request_path":"/index.html","result":"/tmp/appsmith/www/index.html"}
{"level":"debug","ts":1743750315.956631,"logger":"http.handlers.file_server","msg":"opening file","filename":"/tmp/appsmith/www/index.html"}
{"level":"debug","ts":1743750332.2388299,"logger":"http.handlers.rewrite","msg":"rewrote request","request":{"remote_ip":"::1","remote_port":"33772","client_ip":"::1","proto":"HTTP/1.1","method":"GET","host":"localhost","uri":"/index.html","headers":{"User-Agent":["curl/7.68.0"],"Accept":["*/*"],"X-Request-Id":["invalid_request_id"]}},"method":"GET","uri":"/index.html"}
{"level":"debug","ts":1743750332.2389033,"logger":"http.handlers.file_server","msg":"sanitized path join","site_root":"/tmp/appsmith/www","fs":"","request_path":"/index.html","result":"/tmp/appsmith/www/index.html"}
{"level":"debug","ts":1743750332.2389557,"logger":"http.handlers.file_server","msg":"opening file","filename":"/tmp/appsmith/www/index.html"}
{"level":"debug","ts":1743750348.4226322,"logger":"http.handlers.rewrite","msg":"rewrote request","request":{"remote_ip":"::1","remote_port":"49816","client_ip":"::1","proto":"HTTP/1.1","method":"GET","host":"localhost","uri":"/index.html","headers":{"User-Agent":["curl/7.68.0"],"Accept":["*/*"],"X-Request-Id":["invalid_request_id"]}},"method":"GET","uri":"/index.html"}
{"level":"debug","ts":1743750348.422731,"logger":"http.handlers.file_server","msg":"sanitized path join","site_root":"/tmp/appsmith/www","fs":"","request_path":"/index.html","result":"/tmp/appsmith/www/index.html"}
{"level":"debug","ts":1743750348.4228272,"logger":"http.handlers.file_server","msg":"opening file","filename":"/tmp/appsmith/www/index.html"}
{"level":"debug","ts":1743750364.815436,"logger":"http.handlers.rewrite","msg":"rewrote request","request":{"remote_ip":"::1","remote_port":"45996","client_ip":"::1","proto":"HTTP/1.1","method":"GET","host":"localhost","uri":"/index.html","headers":{"Accept":["*/*"],"X-Request-Id":["invalid_request_id"],"User-Agent":["curl/7.68.0"]}},"method":"GET","uri":"/index.html"}
{"level":"debug","ts":1743750364.815531,"logger":"http.handlers.file_server","msg":"sanitized path join","site_root":"/tmp/appsmith/www","fs":"","request_path":"/index.html","result":"/tmp/appsmith/www/index.html"}
{"level":"debug","ts":1743750364.8155837,"logger":"http.handlers.file_server","msg":"opening file","filename":"/tmp/appsmith/www/index.html"}
{"level":"debug","ts":1743750380.3163643,"logger":"http.handlers.rewrite","msg":"rewrote request","request":{"remote_ip":"::1","remote_port":"39940","client_ip":"::1","proto":"HTTP/1.1","method":"GET","host":"localhost","uri":"/index.html","headers":{"User-Agent":["curl/7.68.0"],"Accept":["*/*"],"X-Request-Id":["invalid_request_id"]}},"method":"GET","uri":"/index.html"}
{"level":"debug","ts":1743750380.3164434,"logger":"http.handlers.file_server","msg":"sanitized path join","site_root":"/tmp/appsmith/www","fs":"","request_path":"/index.html","result":"/tmp/appsmith/www/index.html"}
{"level":"debug","ts":1743750380.3164847,"logger":"http.handlers.file_server","msg":"opening file","filename":"/tmp/appsmith/www/index.html"}
{"level":"debug","ts":1743750395.7574687,"logger":"http.handlers.rewrite","msg":"rewrote request","request":{"remote_ip":"::1","remote_port":"41792","client_ip":"::1","proto":"HTTP/1.1","method":"GET","host":"localhost","uri":"/index.html","headers":{"User-Agent":["curl/7.68.0"],"Accept":["*/*"],"X-Request-Id":["invalid_request_id"]}},"method":"GET","uri":"/index.html"}
{"level":"debug","ts":1743750395.757539,"logger":"http.handlers.file_server","msg":"sanitized path join","site_root":"/tmp/appsmith/www","fs":"","request_path":"/index.html","result":"/tmp/appsmith/www/index.html"}
{"level":"debug","ts":1743750395.757579,"logger":"http.handlers.file_server","msg":"opening file","filename":"/tmp/appsmith/www/index.html"}
{"level":"debug","ts":1743750411.4943824,"logger":"http.handlers.rewrite","msg":"rewrote request","request":{"remote_ip":"::1","remote_port":"46468","client_ip":"::1","proto":"HTTP/1.1","method":"GET","host":"localhost","uri":"/index.html","headers":{"User-Agent":["curl/7.68.0"],"Accept":["*/*"],"X-Request-Id":["invalid_request_id"]}},"method":"GET","uri":"/index.html"}
{"level":"debug","ts":1743750411.4945152,"logger":"http.handlers.file_server","msg":"sanitized path join","site_root":"/tmp/appsmith/www","fs":"","request_path":"/index.html","result":"/tmp/appsmith/www/index.html"}
{"level":"debug","ts":1743750411.4945672,"logger":"http.handlers.file_server","msg":"opening file","filename":"/tmp/appsmith/www/index.html"}
{"level":"debug","ts":1743750427.2296364,"logger":"http.handlers.rewrite","msg":"rewrote request","request":{"remote_ip":"::1","remote_port":"51906","client_ip":"::1","proto":"HTTP/1.1","method":"GET","host":"localhost","uri":"/index.html","headers":{"User-Agent":["curl/7.68.0"],"Accept":["*/*"],"X-Request-Id":["invalid_request_id"]}},"method":"GET","uri":"/index.html"}
{"level":"debug","ts":1743750427.2297301,"logger":"http.handlers.file_server","msg":"sanitized path join","site_root":"/tmp/appsmith/www","fs":"","request_path":"/index.html","result":"/tmp/appsmith/www/index.html"}
{"level":"debug","ts":1743750427.2297819,"logger":"http.handlers.file_server","msg":"opening file","filename":"/tmp/appsmith/www/index.html"}
{"level":"debug","ts":1743750442.8221629,"logger":"http.handlers.rewrite","msg":"rewrote request","request":{"remote_ip":"::1","remote_port":"49140","client_ip":"::1","proto":"HTTP/1.1","method":"GET","host":"localhost","uri":"/index.html","headers":{"User-Agent":["curl/7.68.0"],"Accept":["*/*"],"X-Request-Id":["invalid_request_id"]}},"method":"GET","uri":"/index.html"}
{"level":"debug","ts":1743750442.8222325,"logger":"http.handlers.file_server","msg":"sanitized path join","site_root":"/tmp/appsmith/www","fs":"","request_path":"/index.html","result":"/tmp/appsmith/www/index.html"}
{"level":"debug","ts":1743750442.8222754,"logger":"http.handlers.file_server","msg":"opening file","filename":"/tmp/appsmith/www/index.html"}
{"level":"debug","ts":1743750458.3566492,"logger":"http.handlers.rewrite","msg":"rewrote request","request":{"remote_ip":"::1","remote_port":"39926","client_ip":"::1","proto":"HTTP/1.1","method":"GET","host":"localhost","uri":"/index.html","headers":{"Accept":["*/*"],"X-Request-Id":["invalid_request_id"],"User-Agent":["curl/7.68.0"]}},"method":"GET","uri":"/index.html"}
{"level":"debug","ts":1743750458.3567095,"logger":"http.handlers.file_server","msg":"sanitized path join","site_root":"/tmp/appsmith/www","fs":"","request_path":"/index.html","result":"/tmp/appsmith/www/index.html"}
{"level":"debug","ts":1743750458.3567464,"logger":"http.handlers.file_server","msg":"opening file","filename":"/tmp/appsmith/www/index.html"}
{"level":"debug","ts":1743750474.1790473,"logger":"http.handlers.rewrite","msg":"rewrote request","request":{"remote_ip":"::1","remote_port":"44526","client_ip":"::1","proto":"HTTP/1.1","method":"GET","host":"localhost","uri":"/index.html","headers":{"X-Request-Id":["invalid_request_id"],"User-Agent":["curl/7.68.0"],"Accept":["*/*"]}},"method":"GET","uri":"/index.html"}
{"level":"debug","ts":1743750474.179147,"logger":"http.handlers.file_server","msg":"sanitized path join","site_root":"/tmp/appsmith/www","fs":"","request_path":"/index.html","result":"/tmp/appsmith/www/index.html"}
{"level":"debug","ts":1743750474.17919,"logger":"http.handlers.file_server","msg":"opening file","filename":"/tmp/appsmith/www/index.html"}
{"level":"debug","ts":1743750489.8289363,"logger":"http.handlers.rewrite","msg":"rewrote request","request":{"remote_ip":"::1","remote_port":"43132","client_ip":"::1","proto":"HTTP/1.1","method":"GET","host":"localhost","uri":"/index.html","headers":{"User-Agent":["curl/7.68.0"],"Accept":["*/*"],"X-Request-Id":["invalid_request_id"]}},"method":"GET","uri":"/index.html"}
{"level":"debug","ts":1743750489.8290174,"logger":"http.handlers.file_server","msg":"sanitized path join","site_root":"/tmp/appsmith/www","fs":"","request_path":"/index.html","result":"/tmp/appsmith/www/index.html"}
{"level":"debug","ts":1743750489.8290746,"logger":"http.handlers.file_server","msg":"opening file","filename":"/tmp/appsmith/www/index.html"}
{"level":"debug","ts":1743750506.1804655,"logger":"http.handlers.rewrite","msg":"rewrote request","request":{"remote_ip":"::1","remote_port":"55434","client_ip":"::1","proto":"HTTP/1.1","method":"GET","host":"localhost","uri":"/index.html","headers":{"User-Agent":["curl/7.68.0"],"Accept":["*/*"],"X-Request-Id":["invalid_request_id"]}},"method":"GET","uri":"/index.html"}
{"level":"debug","ts":1743750506.1805604,"logger":"http.handlers.file_server","msg":"sanitized path join","site_root":"/tmp/appsmith/www","fs":"","request_path":"/index.html","result":"/tmp/appsmith/www/index.html"}
{"level":"debug","ts":1743750506.1806052,"logger":"http.handlers.file_server","msg":"opening file","filename":"/tmp/appsmith/www/index.html"}
{"level":"debug","ts":1743750522.482886,"logger":"http.handlers.rewrite","msg":"rewrote request","request":{"remote_ip":"::1","remote_port":"54638","client_ip":"::1","proto":"HTTP/1.1","method":"GET","host":"localhost","uri":"/index.html","headers":{"User-Agent":["curl/7.68.0"],"Accept":["*/*"],"X-Request-Id":["invalid_request_id"]}},"method":"GET","uri":"/index.html"}
{"level":"debug","ts":1743750522.4829843,"logger":"http.handlers.file_server","msg":"sanitized path join","site_root":"/tmp/appsmith/www","fs":"","request_path":"/index.html","result":"/tmp/appsmith/www/index.html"}
{"level":"debug","ts":1743750522.4830298,"logger":"http.handlers.file_server","msg":"opening file","filename":"/tmp/appsmith/www/index.html"}
{"level":"debug","ts":1743750538.8139913,"logger":"http.handlers.rewrite","msg":"rewrote request","request":{"remote_ip":"::1","remote_port":"51760","client_ip":"::1","proto":"HTTP/1.1","method":"GET","host":"localhost","uri":"/index.html","headers":{"User-Agent":["curl/7.68.0"],"Accept":["*/*"],"X-Request-Id":["invalid_request_id"]}},"method":"GET","uri":"/index.html"}
{"level":"debug","ts":1743750538.8140848,"logger":"http.handlers.file_server","msg":"sanitized path join","site_root":"/tmp/appsmith/www","fs":"","request_path":"/index.html","result":"/tmp/appsmith/www/index.html"}
{"level":"debug","ts":1743750538.8141317,"logger":"http.handlers.file_server","msg":"opening file","filename":"/tmp/appsmith/www/index.html"}
{"level":"debug","ts":1743750554.9764981,"logger":"http.handlers.rewrite","msg":"rewrote request","request":{"remote_ip":"::1","remote_port":"41100","client_ip":"::1","proto":"HTTP/1.1","method":"GET","host":"localhost","uri":"/index.html","headers":{"User-Agent":["curl/7.68.0"],"Accept":["*/*"],"X-Request-Id":["invalid_request_id"]}},"method":"GET","uri":"/index.html"}
{"level":"debug","ts":1743750554.9765692,"logger":"http.handlers.file_server","msg":"sanitized path join","site_root":"/tmp/appsmith/www","fs":"","request_path":"/index.html","result":"/tmp/appsmith/www/index.html"}
{"level":"debug","ts":1743750554.9766204,"logger":"http.handlers.file_server","msg":"opening file","filename":"/tmp/appsmith/www/index.html"}
{"level":"debug","ts":1743750570.9031856,"logger":"http.handlers.rewrite","msg":"rewrote request","request":{"remote_ip":"::1","remote_port":"53674","client_ip":"::1","proto":"HTTP/1.1","method":"GET","host":"localhost","uri":"/index.html","headers":{"User-Agent":["curl/7.68.0"],"Accept":["*/*"],"X-Request-Id":["invalid_request_id"]}},"method":"GET","uri":"/index.html"}
{"level":"debug","ts":1743750570.9032829,"logger":"http.handlers.file_server","msg":"sanitized path join","site_root":"/tmp/appsmith/www","fs":"","request_path":"/index.html","result":"/tmp/appsmith/www/index.html"}
{"level":"debug","ts":1743750570.9033313,"logger":"http.handlers.file_server","msg":"opening file","filename":"/tmp/appsmith/www/index.html"}
{"level":"debug","ts":1743750586.6471763,"logger":"http.handlers.rewrite","msg":"rewrote request","request":{"remote_ip":"::1","remote_port":"36366","client_ip":"::1","proto":"HTTP/1.1","method":"GET","host":"localhost","uri":"/index.html","headers":{"X-Request-Id":["invalid_request_id"],"User-Agent":["curl/7.68.0"],"Accept":["*/*"]}},"method":"GET","uri":"/index.html"}
{"level":"debug","ts":1743750586.6474235,"logger":"http.handlers.file_server","msg":"sanitized path join","site_root":"/tmp/appsmith/www","fs":"","request_path":"/index.html","result":"/tmp/appsmith/www/index.html"}
{"level":"debug","ts":1743750586.647682,"logger":"http.handlers.file_server","msg":"opening file","filename":"/tmp/appsmith/www/index.html"}
{"level":"debug","ts":1743750602.378675,"logger":"http.handlers.rewrite","msg":"rewrote request","request":{"remote_ip":"::1","remote_port":"44346","client_ip":"::1","proto":"HTTP/1.1","method":"GET","host":"localhost","uri":"/index.html","headers":{"User-Agent":["curl/7.68.0"],"Accept":["*/*"],"X-Request-Id":["invalid_request_id"]}},"method":"GET","uri":"/index.html"}
{"level":"debug","ts":1743750602.3787506,"logger":"http.handlers.file_server","msg":"sanitized path join","site_root":"/tmp/appsmith/www","fs":"","request_path":"/index.html","result":"/tmp/appsmith/www/index.html"}
{"level":"debug","ts":1743750602.378799,"logger":"http.handlers.file_server","msg":"opening file","filename":"/tmp/appsmith/www/index.html"}
{"level":"debug","ts":1743750617.9708784,"logger":"http.handlers.rewrite","msg":"rewrote request","request":{"remote_ip":"::1","remote_port":"51260","client_ip":"::1","proto":"HTTP/1.1","method":"GET","host":"localhost","uri":"/index.html","headers":{"User-Agent":["curl/7.68.0"],"Accept":["*/*"],"X-Request-Id":["invalid_request_id"]}},"method":"GET","uri":"/index.html"}
{"level":"debug","ts":1743750617.970984,"logger":"http.handlers.file_server","msg":"sanitized path join","site_root":"/tmp/appsmith/www","fs":"","request_path":"/index.html","result":"/tmp/appsmith/www/index.html"}
{"level":"debug","ts":1743750617.9710407,"logger":"http.handlers.file_server","msg":"opening file","filename":"/tmp/appsmith/www/index.html"}
{"level":"debug","ts":1743750633.549399,"logger":"http.handlers.rewrite","msg":"rewrote request","request":{"remote_ip":"::1","remote_port":"48058","client_ip":"::1","proto":"HTTP/1.1","method":"GET","host":"localhost","uri":"/index.html","headers":{"User-Agent":["curl/7.68.0"],"Accept":["*/*"],"X-Request-Id":["invalid_request_id"]}},"method":"GET","uri":"/index.html"}
{"level":"debug","ts":1743750633.549494,"logger":"http.handlers.file_server","msg":"sanitized path join","site_root":"/tmp/appsmith/www","fs":"","request_path":"/index.html","result":"/tmp/appsmith/www/index.html"}
{"level":"debug","ts":1743750633.5495396,"logger":"http.handlers.file_server","msg":"opening file","filename":"/tmp/appsmith/www/index.html"}
{"level":"debug","ts":1743750649.0678835,"logger":"http.handlers.rewrite","msg":"rewrote request","request":{"remote_ip":"::1","remote_port":"45858","client_ip":"::1","proto":"HTTP/1.1","method":"GET","host":"localhost","uri":"/index.html","headers":{"Accept":["*/*"],"X-Request-Id":["invalid_request_id"],"User-Agent":["curl/7.68.0"]}},"method":"GET","uri":"/index.html"}
{"level":"debug","ts":1743750649.067969,"logger":"http.handlers.file_server","msg":"sanitized path join","site_root":"/tmp/appsmith/www","fs":"","request_path":"/index.html","result":"/tmp/appsmith/www/index.html"}
{"level":"debug","ts":1743750649.0680094,"logger":"http.handlers.file_server","msg":"opening file","filename":"/tmp/appsmith/www/index.html"}
{"level":"debug","ts":1743750664.9384208,"logger":"http.handlers.rewrite","msg":"rewrote request","request":{"remote_ip":"::1","remote_port":"36408","client_ip":"::1","proto":"HTTP/1.1","method":"GET","host":"localhost","uri":"/index.html","headers":{"User-Agent":["curl/7.68.0"],"Accept":["*/*"],"X-Request-Id":["invalid_request_id"]}},"method":"GET","uri":"/index.html"}
{"level":"debug","ts":1743750664.9385617,"logger":"http.handlers.file_server","msg":"sanitized path join","site_root":"/tmp/appsmith/www","fs":"","request_path":"/index.html","result":"/tmp/appsmith/www/index.html"}
{"level":"debug","ts":1743750664.9386256,"logger":"http.handlers.file_server","msg":"opening file","filename":"/tmp/appsmith/www/index.html"}
{"level":"debug","ts":1743750680.569931,"logger":"http.handlers.rewrite","msg":"rewrote request","request":{"remote_ip":"::1","remote_port":"55362","client_ip":"::1","proto":"HTTP/1.1","method":"GET","host":"localhost","uri":"/index.html","headers":{"User-Agent":["curl/7.68.0"],"Accept":["*/*"],"X-Request-Id":["invalid_request_id"]}},"method":"GET","uri":"/index.html"}
{"level":"debug","ts":1743750680.5700264,"logger":"http.handlers.file_server","msg":"sanitized path join","site_root":"/tmp/appsmith/www","fs":"","request_path":"/index.html","result":"/tmp/appsmith/www/index.html"}
{"level":"debug","ts":1743750680.5700765,"logger":"http.handlers.file_server","msg":"opening file","filename":"/tmp/appsmith/www/index.html"}
{"level":"debug","ts":1743750700.1845422,"logger":"http.handlers.rewrite","msg":"rewrote request","request":{"remote_ip":"::1","remote_port":"34028","client_ip":"::1","proto":"HTTP/1.1","method":"GET","host":"localhost","uri":"/index.html","headers":{"User-Agent":["curl/7.68.0"],"Accept":["*/*"],"X-Request-Id":["invalid_request_id"]}},"method":"GET","uri":"/index.html"}
{"level":"debug","ts":1743750700.1846526,"logger":"http.handlers.file_server","msg":"sanitized path join","site_root":"/tmp/appsmith/www","fs":"","request_path":"/index.html","result":"/tmp/appsmith/www/index.html"}
{"level":"debug","ts":1743750700.184711,"logger":"http.handlers.file_server","msg":"opening file","filename":"/tmp/appsmith/www/index.html"}
{"level":"debug","ts":1743750719.8745532,"logger":"http.handlers.rewrite","msg":"rewrote request","request":{"remote_ip":"::1","remote_port":"49742","client_ip":"::1","proto":"HTTP/1.1","method":"GET","host":"localhost","uri":"/index.html","headers":{"User-Agent":["curl/7.68.0"],"Accept":["*/*"],"X-Request-Id":["invalid_request_id"]}},"method":"GET","uri":"/index.html"}
{"level":"debug","ts":1743750719.9035265,"logger":"http.handlers.file_server","msg":"sanitized path join","site_root":"/tmp/appsmith/www","fs":"","request_path":"/index.html","result":"/tmp/appsmith/www/index.html"}
{"level":"debug","ts":1743750719.9036088,"logger":"http.handlers.file_server","msg":"opening file","filename":"/tmp/appsmith/www/index.html"}
{"level":"debug","ts":1743750735.8874857,"logger":"http.handlers.rewrite","msg":"rewrote request","request":{"remote_ip":"::1","remote_port":"47172","client_ip":"::1","proto":"HTTP/1.1","method":"GET","host":"localhost","uri":"/index.html","headers":{"User-Agent":["curl/7.68.0"],"Accept":["*/*"],"X-Request-Id":["invalid_request_id"]}},"method":"GET","uri":"/index.html"}
{"level":"debug","ts":1743750735.8875883,"logger":"http.handlers.file_server","msg":"sanitized path join","site_root":"/tmp/appsmith/www","fs":"","request_path":"/index.html","result":"/tmp/appsmith/www/index.html"}
{"level":"debug","ts":1743750735.8876345,"logger":"http.handlers.file_server","msg":"opening file","filename":"/tmp/appsmith/www/index.html"}
{"level":"debug","ts":1743750752.1526375,"logger":"http.handlers.rewrite","msg":"rewrote request","request":{"remote_ip":"::1","remote_port":"42372","client_ip":"::1","proto":"HTTP/1.1","method":"GET","host":"localhost","uri":"/index.html","headers":{"User-Agent":["curl/7.68.0"],"Accept":["*/*"],"X-Request-Id":["invalid_request_id"]}},"method":"GET","uri":"/index.html"}
{"level":"debug","ts":1743750752.1527436,"logger":"http.handlers.file_server","msg":"sanitized path join","site_root":"/tmp/appsmith/www","fs":"","request_path":"/index.html","result":"/tmp/appsmith/www/index.html"}
{"level":"debug","ts":1743750752.1527944,"logger":"http.handlers.file_server","msg":"opening file","filename":"/tmp/appsmith/www/index.html"}
{"level":"debug","ts":1743750768.0970175,"logger":"http.handlers.rewrite","msg":"rewrote request","request":{"remote_ip":"::1","remote_port":"33056","client_ip":"::1","proto":"HTTP/1.1","method":"GET","host":"localhost","uri":"/index.html","headers":{"User-Agent":["curl/7.68.0"],"Accept":["*/*"],"X-Request-Id":["invalid_request_id"]}},"method":"GET","uri":"/index.html"}
{"level":"debug","ts":1743750768.0971012,"logger":"http.handlers.file_server","msg":"sanitized path join","site_root":"/tmp/appsmith/www","fs":"","request_path":"/index.html","result":"/tmp/appsmith/www/index.html"}
{"level":"debug","ts":1743750768.0971582,"logger":"http.handlers.file_server","msg":"opening file","filename":"/tmp/appsmith/www/index.html"}
{"level":"debug","ts":1743750784.1277003,"logger":"http.handlers.rewrite","msg":"rewrote request","request":{"remote_ip":"::1","remote_port":"60060","client_ip":"::1","proto":"HTTP/1.1","method":"GET","host":"localhost","uri":"/index.html","headers":{"User-Agent":["curl/7.68.0"],"Accept":["*/*"],"X-Request-Id":["invalid_request_id"]}},"method":"GET","uri":"/index.html"}
{"level":"debug","ts":1743750784.1277952,"logger":"http.handlers.file_server","msg":"sanitized path join","site_root":"/tmp/appsmith/www","fs":"","request_path":"/index.html","result":"/tmp/appsmith/www/index.html"}
{"level":"debug","ts":1743750784.1278436,"logger":"http.handlers.file_server","msg":"opening file","filename":"/tmp/appsmith/www/index.html"}
{"level":"debug","ts":1743750800.3389082,"logger":"http.handlers.rewrite","msg":"rewrote request","request":{"remote_ip":"::1","remote_port":"47960","client_ip":"::1","proto":"HTTP/1.1","method":"GET","host":"localhost","uri":"/index.html","headers":{"User-Agent":["curl/7.68.0"],"Accept":["*/*"],"X-Request-Id":["invalid_request_id"]}},"method":"GET","uri":"/index.html"}
{"level":"debug","ts":1743750800.3390164,"logger":"http.handlers.file_server","msg":"sanitized path join","site_root":"/tmp/appsmith/www","fs":"","request_path":"/index.html","result":"/tmp/appsmith/www/index.html"}
{"level":"debug","ts":1743750800.339065,"logger":"http.handlers.file_server","msg":"opening file","filename":"/tmp/appsmith/www/index.html"}
{"level":"debug","ts":1743750816.6124315,"logger":"http.handlers.rewrite","msg":"rewrote request","request":{"remote_ip":"::1","remote_port":"58082","client_ip":"::1","proto":"HTTP/1.1","method":"GET","host":"localhost","uri":"/index.html","headers":{"User-Agent":["curl/7.68.0"],"Accept":["*/*"],"X-Request-Id":["invalid_request_id"]}},"method":"GET","uri":"/index.html"}
{"level":"debug","ts":1743750816.6125202,"logger":"http.handlers.file_server","msg":"sanitized path join","site_root":"/tmp/appsmith/www","fs":"","request_path":"/index.html","result":"/tmp/appsmith/www/index.html"}
{"level":"debug","ts":1743750816.6125634,"logger":"http.handlers.file_server","msg":"opening file","filename":"/tmp/appsmith/www/index.html"}
{"level":"debug","ts":1743750832.2426896,"logger":"http.handlers.rewrite","msg":"rewrote request","request":{"remote_ip":"::1","remote_port":"60596","client_ip":"::1","proto":"HTTP/1.1","method":"GET","host":"localhost","uri":"/index.html","headers":{"User-Agent":["curl/7.68.0"],"Accept":["*/*"],"X-Request-Id":["invalid_request_id"]}},"method":"GET","uri":"/index.html"}
{"level":"debug","ts":1743750832.2427783,"logger":"http.handlers.file_server","msg":"sanitized path join","site_root":"/tmp/appsmith/www","fs":"","request_path":"/index.html","result":"/tmp/appsmith/www/index.html"}
{"level":"debug","ts":1743750832.2428262,"logger":"http.handlers.file_server","msg":"opening file","filename":"/tmp/appsmith/www/index.html"}
{"level":"debug","ts":1743750848.4700782,"logger":"http.handlers.rewrite","msg":"rewrote request","request":{"remote_ip":"::1","remote_port":"56788","client_ip":"::1","proto":"HTTP/1.1","method":"GET","host":"localhost","uri":"/index.html","headers":{"User-Agent":["curl/7.68.0"],"Accept":["*/*"],"X-Request-Id":["invalid_request_id"]}},"method":"GET","uri":"/index.html"}
{"level":"debug","ts":1743750848.4701781,"logger":"http.handlers.file_server","msg":"sanitized path join","site_root":"/tmp/appsmith/www","fs":"","request_path":"/index.html","result":"/tmp/appsmith/www/index.html"}
{"level":"debug","ts":1743750848.4702334,"logger":"http.handlers.file_server","msg":"opening file","filename":"/tmp/appsmith/www/index.html"}
{"level":"debug","ts":1743750864.2935145,"logger":"http.handlers.rewrite","msg":"rewrote request","request":{"remote_ip":"::1","remote_port":"50608","client_ip":"::1","proto":"HTTP/1.1","method":"GET","host":"localhost","uri":"/index.html","headers":{"User-Agent":["curl/7.68.0"],"Accept":["*/*"],"X-Request-Id":["invalid_request_id"]}},"method":"GET","uri":"/index.html"}
{"level":"debug","ts":1743750864.2936,"logger":"http.handlers.file_server","msg":"sanitized path join","site_root":"/tmp/appsmith/www","fs":"","request_path":"/index.html","result":"/tmp/appsmith/www/index.html"}
{"level":"debug","ts":1743750864.293651,"logger":"http.handlers.file_server","msg":"opening file","filename":"/tmp/appsmith/www/index.html"}
{"level":"debug","ts":1743750880.5519135,"logger":"http.handlers.rewrite","msg":"rewrote request","request":{"remote_ip":"::1","remote_port":"47116","client_ip":"::1","proto":"HTTP/1.1","method":"GET","host":"localhost","uri":"/index.html","headers":{"User-Agent":["curl/7.68.0"],"Accept":["*/*"],"X-Request-Id":["invalid_request_id"]}},"method":"GET","uri":"/index.html"}
{"level":"debug","ts":1743750880.5520144,"logger":"http.handlers.file_server","msg":"sanitized path join","site_root":"/tmp/appsmith/www","fs":"","request_path":"/index.html","result":"/tmp/appsmith/www/index.html"}
{"level":"debug","ts":1743750880.5520704,"logger":"http.handlers.file_server","msg":"opening file","filename":"/tmp/appsmith/www/index.html"}
{"level":"debug","ts":1743750896.72068,"logger":"http.handlers.rewrite","msg":"rewrote request","request":{"remote_ip":"::1","remote_port":"57540","client_ip":"::1","proto":"HTTP/1.1","method":"GET","host":"localhost","uri":"/index.html","headers":{"User-Agent":["curl/7.68.0"],"Accept":["*/*"],"X-Request-Id":["invalid_request_id"]}},"method":"GET","uri":"/index.html"}
{"level":"debug","ts":1743750896.720786,"logger":"http.handlers.file_server","msg":"sanitized path join","site_root":"/tmp/appsmith/www","fs":"","request_path":"/index.html","result":"/tmp/appsmith/www/index.html"}
{"level":"debug","ts":1743750896.7208295,"logger":"http.handlers.file_server","msg":"opening file","filename":"/tmp/appsmith/www/index.html"}
{"level":"debug","ts":1743750913.013106,"logger":"http.handlers.rewrite","msg":"rewrote request","request":{"remote_ip":"::1","remote_port":"46222","client_ip":"::1","proto":"HTTP/1.1","method":"GET","host":"localhost","uri":"/index.html","headers":{"User-Agent":["curl/7.68.0"],"Accept":["*/*"],"X-Request-Id":["invalid_request_id"]}},"method":"GET","uri":"/index.html"}
{"level":"debug","ts":1743750913.0131848,"logger":"http.handlers.file_server","msg":"sanitized path join","site_root":"/tmp/appsmith/www","fs":"","request_path":"/index.html","result":"/tmp/appsmith/www/index.html"}
{"level":"debug","ts":1743750913.0132358,"logger":"http.handlers.file_server","msg":"opening file","filename":"/tmp/appsmith/www/index.html"}
{"level":"debug","ts":1743750928.8021657,"logger":"http.handlers.rewrite","msg":"rewrote request","request":{"remote_ip":"::1","remote_port":"37182","client_ip":"::1","proto":"HTTP/1.1","method":"GET","host":"localhost","uri":"/index.html","headers":{"X-Request-Id":["invalid_request_id"],"User-Agent":["curl/7.68.0"],"Accept":["*/*"]}},"method":"GET","uri":"/index.html"}
{"level":"debug","ts":1743750928.8023112,"logger":"http.handlers.file_server","msg":"sanitized path join","site_root":"/tmp/appsmith/www","fs":"","request_path":"/index.html","result":"/tmp/appsmith/www/index.html"}
{"level":"debug","ts":1743750928.8023627,"logger":"http.handlers.file_server","msg":"opening file","filename":"/tmp/appsmith/www/index.html"}
{"level":"debug","ts":1743750944.6236782,"logger":"http.handlers.rewrite","msg":"rewrote request","request":{"remote_ip":"::1","remote_port":"51436","client_ip":"::1","proto":"HTTP/1.1","method":"GET","host":"localhost","uri":"/index.html","headers":{"Accept":["*/*"],"X-Request-Id":["invalid_request_id"],"User-Agent":["curl/7.68.0"]}},"method":"GET","uri":"/index.html"}
{"level":"debug","ts":1743750944.6237404,"logger":"http.handlers.file_server","msg":"sanitized path join","site_root":"/tmp/appsmith/www","fs":"","request_path":"/index.html","result":"/tmp/appsmith/www/index.html"}
{"level":"debug","ts":1743750944.6237888,"logger":"http.handlers.file_server","msg":"opening file","filename":"/tmp/appsmith/www/index.html"}
{"level":"debug","ts":1743750960.6703513,"logger":"http.handlers.rewrite","msg":"rewrote request","request":{"remote_ip":"::1","remote_port":"41794","client_ip":"::1","proto":"HTTP/1.1","method":"GET","host":"localhost","uri":"/index.html","headers":{"User-Agent":["curl/7.68.0"],"Accept":["*/*"],"X-Request-Id":["invalid_request_id"]}},"method":"GET","uri":"/index.html"}
{"level":"debug","ts":1743750960.670438,"logger":"http.handlers.file_server","msg":"sanitized path join","site_root":"/tmp/appsmith/www","fs":"","request_path":"/index.html","result":"/tmp/appsmith/www/index.html"}
{"level":"debug","ts":1743750960.670484,"logger":"http.handlers.file_server","msg":"opening file","filename":"/tmp/appsmith/www/index.html"}
{"level":"debug","ts":1743750976.7279005,"logger":"http.handlers.rewrite","msg":"rewrote request","request":{"remote_ip":"::1","remote_port":"58250","client_ip":"::1","proto":"HTTP/1.1","method":"GET","host":"localhost","uri":"/index.html","headers":{"Accept":["*/*"],"X-Request-Id":["invalid_request_id"],"User-Agent":["curl/7.68.0"]}},"method":"GET","uri":"/index.html"}
{"level":"debug","ts":1743750976.72799,"logger":"http.handlers.file_server","msg":"sanitized path join","site_root":"/tmp/appsmith/www","fs":"","request_path":"/index.html","result":"/tmp/appsmith/www/index.html"}
{"level":"debug","ts":1743750976.7280314,"logger":"http.handlers.file_server","msg":"opening file","filename":"/tmp/appsmith/www/index.html"}
{"level":"debug","ts":1743750992.2532153,"logger":"http.handlers.rewrite","msg":"rewrote request","request":{"remote_ip":"::1","remote_port":"51198","client_ip":"::1","proto":"HTTP/1.1","method":"GET","host":"localhost","uri":"/index.html","headers":{"User-Agent":["curl/7.68.0"],"Accept":["*/*"],"X-Request-Id":["invalid_request_id"]}},"method":"GET","uri":"/index.html"}
{"level":"debug","ts":1743750992.2533078,"logger":"http.handlers.file_server","msg":"sanitized path join","site_root":"/tmp/appsmith/www","fs":"","request_path":"/index.html","result":"/tmp/appsmith/www/index.html"}
{"level":"debug","ts":1743750992.2533617,"logger":"http.handlers.file_server","msg":"opening file","filename":"/tmp/appsmith/www/index.html"}
{"level":"debug","ts":1743751007.8765554,"logger":"http.handlers.rewrite","msg":"rewrote request","request":{"remote_ip":"::1","remote_port":"49350","client_ip":"::1","proto":"HTTP/1.1","method":"GET","host":"localhost","uri":"/index.html","headers":{"Accept":["*/*"],"X-Request-Id":["invalid_request_id"],"User-Agent":["curl/7.68.0"]}},"method":"GET","uri":"/index.html"}
{"level":"debug","ts":1743751007.876614,"logger":"http.handlers.file_server","msg":"sanitized path join","site_root":"/tmp/appsmith/www","fs":"","request_path":"/index.html","result":"/tmp/appsmith/www/index.html"}
{"level":"debug","ts":1743751007.8766696,"logger":"http.handlers.file_server","msg":"opening file","filename":"/tmp/appsmith/www/index.html"}
{"level":"debug","ts":1743751023.585742,"logger":"http.handlers.rewrite","msg":"rewrote request","request":{"remote_ip":"::1","remote_port":"46802","client_ip":"::1","proto":"HTTP/1.1","method":"GET","host":"localhost","uri":"/index.html","headers":{"Accept":["*/*"],"X-Request-Id":["invalid_request_id"],"User-Agent":["curl/7.68.0"]}},"method":"GET","uri":"/index.html"}
{"level":"debug","ts":1743751023.5858243,"logger":"http.handlers.file_server","msg":"sanitized path join","site_root":"/tmp/appsmith/www","fs":"","request_path":"/index.html","result":"/tmp/appsmith/www/index.html"}
{"level":"debug","ts":1743751023.5858717,"logger":"http.handlers.file_server","msg":"opening file","filename":"/tmp/appsmith/www/index.html"}
{"level":"debug","ts":1743751039.3076694,"logger":"http.handlers.rewrite","msg":"rewrote request","request":{"remote_ip":"::1","remote_port":"36324","client_ip":"::1","proto":"HTTP/1.1","method":"GET","host":"localhost","uri":"/index.html","headers":{"User-Agent":["curl/7.68.0"],"Accept":["*/*"],"X-Request-Id":["invalid_request_id"]}},"method":"GET","uri":"/index.html"}
{"level":"debug","ts":1743751039.3077588,"logger":"http.handlers.file_server","msg":"sanitized path join","site_root":"/tmp/appsmith/www","fs":"","request_path":"/index.html","result":"/tmp/appsmith/www/index.html"}
{"level":"debug","ts":1743751039.3078146,"logger":"http.handlers.file_server","msg":"opening file","filename":"/tmp/appsmith/www/index.html"}
{"level":"debug","ts":1743751054.837665,"logger":"http.handlers.rewrite","msg":"rewrote request","request":{"remote_ip":"::1","remote_port":"35860","client_ip":"::1","proto":"HTTP/1.1","method":"GET","host":"localhost","uri":"/index.html","headers":{"X-Request-Id":["invalid_request_id"],"User-Agent":["curl/7.68.0"],"Accept":["*/*"]}},"method":"GET","uri":"/index.html"}
{"level":"debug","ts":1743751054.8377519,"logger":"http.handlers.file_server","msg":"sanitized path join","site_root":"/tmp/appsmith/www","fs":"","request_path":"/index.html","result":"/tmp/appsmith/www/index.html"}
{"level":"debug","ts":1743751054.8378012,"logger":"http.handlers.file_server","msg":"opening file","filename":"/tmp/appsmith/www/index.html"}
{"level":"debug","ts":1743751070.4027786,"logger":"http.handlers.rewrite","msg":"rewrote request","request":{"remote_ip":"::1","remote_port":"35104","client_ip":"::1","proto":"HTTP/1.1","method":"GET","host":"localhost","uri":"/index.html","headers":{"User-Agent":["curl/7.68.0"],"Accept":["*/*"],"X-Request-Id":["invalid_request_id"]}},"method":"GET","uri":"/index.html"}
{"level":"debug","ts":1743751070.4028587,"logger":"http.handlers.file_server","msg":"sanitized path join","site_root":"/tmp/appsmith/www","fs":"","request_path":"/index.html","result":"/tmp/appsmith/www/index.html"}
{"level":"debug","ts":1743751070.4029021,"logger":"http.handlers.file_server","msg":"opening file","filename":"/tmp/appsmith/www/index.html"}
{"level":"debug","ts":1743751085.9150548,"logger":"http.handlers.rewrite","msg":"rewrote request","request":{"remote_ip":"::1","remote_port":"46304","client_ip":"::1","proto":"HTTP/1.1","method":"GET","host":"localhost","uri":"/index.html","headers":{"User-Agent":["curl/7.68.0"],"Accept":["*/*"],"X-Request-Id":["invalid_request_id"]}},"method":"GET","uri":"/index.html"}
{"level":"debug","ts":1743751085.9151359,"logger":"http.handlers.file_server","msg":"sanitized path join","site_root":"/tmp/appsmith/www","fs":"","request_path":"/index.html","result":"/tmp/appsmith/www/index.html"}
{"level":"debug","ts":1743751085.9151857,"logger":"http.handlers.file_server","msg":"opening file","filename":"/tmp/appsmith/www/index.html"}
{"level":"debug","ts":1743751101.6571925,"logger":"http.handlers.rewrite","msg":"rewrote request","request":{"remote_ip":"::1","remote_port":"41882","client_ip":"::1","proto":"HTTP/1.1","method":"GET","host":"localhost","uri":"/index.html","headers":{"User-Agent":["curl/7.68.0"],"Accept":["*/*"],"X-Request-Id":["invalid_request_id"]}},"method":"GET","uri":"/index.html"}
{"level":"debug","ts":1743751101.6572914,"logger":"http.handlers.file_server","msg":"sanitized path join","site_root":"/tmp/appsmith/www","fs":"","request_path":"/index.html","result":"/tmp/appsmith/www/index.html"}
{"level":"debug","ts":1743751101.657345,"logger":"http.handlers.file_server","msg":"opening file","filename":"/tmp/appsmith/www/index.html"}
{"level":"debug","ts":1743751117.4370222,"logger":"http.handlers.rewrite","msg":"rewrote request","request":{"remote_ip":"::1","remote_port":"59420","client_ip":"::1","proto":"HTTP/1.1","method":"GET","host":"localhost","uri":"/index.html","headers":{"User-Agent":["curl/7.68.0"],"Accept":["*/*"],"X-Request-Id":["invalid_request_id"]}},"method":"GET","uri":"/index.html"}
{"level":"debug","ts":1743751117.4371173,"logger":"http.handlers.file_server","msg":"sanitized path join","site_root":"/tmp/appsmith/www","fs":"","request_path":"/index.html","result":"/tmp/appsmith/www/index.html"}
{"level":"debug","ts":1743751117.437158,"logger":"http.handlers.file_server","msg":"opening file","filename":"/tmp/appsmith/www/index.html"}
{"level":"debug","ts":1743751133.1383238,"logger":"http.handlers.rewrite","msg":"rewrote request","request":{"remote_ip":"::1","remote_port":"57362","client_ip":"::1","proto":"HTTP/1.1","method":"GET","host":"localhost","uri":"/index.html","headers":{"User-Agent":["curl/7.68.0"],"Accept":["*/*"],"X-Request-Id":["invalid_request_id"]}},"method":"GET","uri":"/index.html"}
{"level":"debug","ts":1743751133.1383874,"logger":"http.handlers.file_server","msg":"sanitized path join","site_root":"/tmp/appsmith/www","fs":"","request_path":"/index.html","result":"/tmp/appsmith/www/index.html"}
{"level":"debug","ts":1743751133.1384397,"logger":"http.handlers.file_server","msg":"opening file","filename":"/tmp/appsmith/www/index.html"}
{"level":"debug","ts":1743751148.8741074,"logger":"http.handlers.rewrite","msg":"rewrote request","request":{"remote_ip":"::1","remote_port":"43930","client_ip":"::1","proto":"HTTP/1.1","method":"GET","host":"localhost","uri":"/index.html","headers":{"User-Agent":["curl/7.68.0"],"Accept":["*/*"],"X-Request-Id":["invalid_request_id"]}},"method":"GET","uri":"/index.html"}
{"level":"debug","ts":1743751148.8741777,"logger":"http.handlers.file_server","msg":"sanitized path join","site_root":"/tmp/appsmith/www","fs":"","request_path":"/index.html","result":"/tmp/appsmith/www/index.html"}
{"level":"debug","ts":1743751148.8742251,"logger":"http.handlers.file_server","msg":"opening file","filename":"/tmp/appsmith/www/index.html"}
{"level":"debug","ts":1743751164.424716,"logger":"http.handlers.rewrite","msg":"rewrote request","request":{"remote_ip":"::1","remote_port":"47098","client_ip":"::1","proto":"HTTP/1.1","method":"GET","host":"localhost","uri":"/index.html","headers":{"User-Agent":["curl/7.68.0"],"Accept":["*/*"],"X-Request-Id":["invalid_request_id"]}},"method":"GET","uri":"/index.html"}
{"level":"debug","ts":1743751164.4247992,"logger":"http.handlers.file_server","msg":"sanitized path join","site_root":"/tmp/appsmith/www","fs":"","request_path":"/index.html","result":"/tmp/appsmith/www/index.html"}
{"level":"debug","ts":1743751164.4248366,"logger":"http.handlers.file_server","msg":"opening file","filename":"/tmp/appsmith/www/index.html"}
{"level":"debug","ts":1743751180.6002376,"logger":"http.handlers.rewrite","msg":"rewrote request","request":{"remote_ip":"::1","remote_port":"57754","client_ip":"::1","proto":"HTTP/1.1","method":"GET","host":"localhost","uri":"/index.html","headers":{"Accept":["*/*"],"X-Request-Id":["invalid_request_id"],"User-Agent":["curl/7.68.0"]}},"method":"GET","uri":"/index.html"}
{"level":"debug","ts":1743751180.6003244,"logger":"http.handlers.file_server","msg":"sanitized path join","site_root":"/tmp/appsmith/www","fs":"","request_path":"/index.html","result":"/tmp/appsmith/www/index.html"}
{"level":"debug","ts":1743751180.6003685,"logger":"http.handlers.file_server","msg":"opening file","filename":"/tmp/appsmith/www/index.html"}
{"level":"debug","ts":1743751196.2946126,"logger":"http.handlers.rewrite","msg":"rewrote request","request":{"remote_ip":"::1","remote_port":"47792","client_ip":"::1","proto":"HTTP/1.1","method":"GET","host":"localhost","uri":"/index.html","headers":{"User-Agent":["curl/7.68.0"],"Accept":["*/*"],"X-Request-Id":["invalid_request_id"]}},"method":"GET","uri":"/index.html"}
{"level":"debug","ts":1743751196.2947001,"logger":"http.handlers.file_server","msg":"sanitized path join","site_root":"/tmp/appsmith/www","fs":"","request_path":"/index.html","result":"/tmp/appsmith/www/index.html"}
{"level":"debug","ts":1743751196.2947547,"logger":"http.handlers.file_server","msg":"opening file","filename":"/tmp/appsmith/www/index.html"}
{"level":"debug","ts":1743751212.0538049,"logger":"http.handlers.rewrite","msg":"rewrote request","request":{"remote_ip":"::1","remote_port":"58380","client_ip":"::1","proto":"HTTP/1.1","method":"GET","host":"localhost","uri":"/index.html","headers":{"User-Agent":["curl/7.68.0"],"Accept":["*/*"],"X-Request-Id":["invalid_request_id"]}},"method":"GET","uri":"/index.html"}
{"level":"debug","ts":1743751212.0538974,"logger":"http.handlers.file_server","msg":"sanitized path join","site_root":"/tmp/appsmith/www","fs":"","request_path":"/index.html","result":"/tmp/appsmith/www/index.html"}
{"level":"debug","ts":1743751212.053948,"logger":"http.handlers.file_server","msg":"opening file","filename":"/tmp/appsmith/www/index.html"}
{"level":"debug","ts":1743751227.7477577,"logger":"http.handlers.rewrite","msg":"rewrote request","request":{"remote_ip":"::1","remote_port":"57106","client_ip":"::1","proto":"HTTP/1.1","method":"GET","host":"localhost","uri":"/index.html","headers":{"User-Agent":["curl/7.68.0"],"Accept":["*/*"],"X-Request-Id":["invalid_request_id"]}},"method":"GET","uri":"/index.html"}
{"level":"debug","ts":1743751227.747851,"logger":"http.handlers.file_server","msg":"sanitized path join","site_root":"/tmp/appsmith/www","fs":"","request_path":"/index.html","result":"/tmp/appsmith/www/index.html"}
{"level":"debug","ts":1743751227.7479038,"logger":"http.handlers.file_server","msg":"opening file","filename":"/tmp/appsmith/www/index.html"}
{"level":"debug","ts":1743751243.7342298,"logger":"http.handlers.rewrite","msg":"rewrote request","request":{"remote_ip":"::1","remote_port":"35176","client_ip":"::1","proto":"HTTP/1.1","method":"GET","host":"localhost","uri":"/index.html","headers":{"User-Agent":["curl/7.68.0"],"Accept":["*/*"],"X-Request-Id":["invalid_request_id"]}},"method":"GET","uri":"/index.html"}
{"level":"debug","ts":1743751243.7342913,"logger":"http.handlers.file_server","msg":"sanitized path join","site_root":"/tmp/appsmith/www","fs":"","request_path":"/index.html","result":"/tmp/appsmith/www/index.html"}
{"level":"debug","ts":1743751243.7347748,"logger":"http.handlers.file_server","msg":"opening file","filename":"/tmp/appsmith/www/index.html"}
{"level":"debug","ts":1743751259.780806,"logger":"http.handlers.rewrite","msg":"rewrote request","request":{"remote_ip":"::1","remote_port":"48378","client_ip":"::1","proto":"HTTP/1.1","method":"GET","host":"localhost","uri":"/index.html","headers":{"Accept":["*/*"],"X-Request-Id":["invalid_request_id"],"User-Agent":["curl/7.68.0"]}},"method":"GET","uri":"/index.html"}
{"level":"debug","ts":1743751259.7808855,"logger":"http.handlers.file_server","msg":"sanitized path join","site_root":"/tmp/appsmith/www","fs":"","request_path":"/index.html","result":"/tmp/appsmith/www/index.html"}
{"level":"debug","ts":1743751259.780924,"logger":"http.handlers.file_server","msg":"opening file","filename":"/tmp/appsmith/www/index.html"}
{"level":"debug","ts":1743751276.0850914,"logger":"http.handlers.rewrite","msg":"rewrote request","request":{"remote_ip":"::1","remote_port":"59068","client_ip":"::1","proto":"HTTP/1.1","method":"GET","host":"localhost","uri":"/index.html","headers":{"User-Agent":["curl/7.68.0"],"Accept":["*/*"],"X-Request-Id":["invalid_request_id"]}},"method":"GET","uri":"/index.html"}
{"level":"debug","ts":1743751276.085141,"logger":"http.handlers.file_server","msg":"sanitized path join","site_root":"/tmp/appsmith/www","fs":"","request_path":"/index.html","result":"/tmp/appsmith/www/index.html"}
{"level":"debug","ts":1743751276.0851796,"logger":"http.handlers.file_server","msg":"opening file","filename":"/tmp/appsmith/www/index.html"}
{"level":"debug","ts":1743751291.9677503,"logger":"http.handlers.rewrite","msg":"rewrote request","request":{"remote_ip":"::1","remote_port":"43072","client_ip":"::1","proto":"HTTP/1.1","method":"GET","host":"localhost","uri":"/index.html","headers":{"Accept":["*/*"],"X-Request-Id":["invalid_request_id"],"User-Agent":["curl/7.68.0"]}},"method":"GET","uri":"/index.html"}
{"level":"debug","ts":1743751291.9678297,"logger":"http.handlers.file_server","msg":"sanitized path join","site_root":"/tmp/appsmith/www","fs":"","request_path":"/index.html","result":"/tmp/appsmith/www/index.html"}
{"level":"debug","ts":1743751291.9678807,"logger":"http.handlers.file_server","msg":"opening file","filename":"/tmp/appsmith/www/index.html"}
{"level":"debug","ts":1743751307.517459,"logger":"http.handlers.rewrite","msg":"rewrote request","request":{"remote_ip":"::1","remote_port":"48638","client_ip":"::1","proto":"HTTP/1.1","method":"GET","host":"localhost","uri":"/index.html","headers":{"User-Agent":["curl/7.68.0"],"Accept":["*/*"],"X-Request-Id":["invalid_request_id"]}},"method":"GET","uri":"/index.html"}
{"level":"debug","ts":1743751307.5175195,"logger":"http.handlers.file_server","msg":"sanitized path join","site_root":"/tmp/appsmith/www","fs":"","request_path":"/index.html","result":"/tmp/appsmith/www/index.html"}
{"level":"debug","ts":1743751307.5175974,"logger":"http.handlers.file_server","msg":"opening file","filename":"/tmp/appsmith/www/index.html"}
{"level":"debug","ts":1743751322.9926982,"logger":"http.handlers.rewrite","msg":"rewrote request","request":{"remote_ip":"::1","remote_port":"37904","client_ip":"::1","proto":"HTTP/1.1","method":"GET","host":"localhost","uri":"/index.html","headers":{"User-Agent":["curl/7.68.0"],"Accept":["*/*"],"X-Request-Id":["invalid_request_id"]}},"method":"GET","uri":"/index.html"}
{"level":"debug","ts":1743751322.9927785,"logger":"http.handlers.file_server","msg":"sanitized path join","site_root":"/tmp/appsmith/www","fs":"","request_path":"/index.html","result":"/tmp/appsmith/www/index.html"}
{"level":"debug","ts":1743751322.9928195,"logger":"http.handlers.file_server","msg":"opening file","filename":"/tmp/appsmith/www/index.html"}
{"level":"debug","ts":1743751338.5838103,"logger":"http.handlers.rewrite","msg":"rewrote request","request":{"remote_ip":"::1","remote_port":"47932","client_ip":"::1","proto":"HTTP/1.1","method":"GET","host":"localhost","uri":"/index.html","headers":{"User-Agent":["curl/7.68.0"],"Accept":["*/*"],"X-Request-Id":["invalid_request_id"]}},"method":"GET","uri":"/index.html"}
{"level":"debug","ts":1743751338.5839117,"logger":"http.handlers.file_server","msg":"sanitized path join","site_root":"/tmp/appsmith/www","fs":"","request_path":"/index.html","result":"/tmp/appsmith/www/index.html"}
{"level":"debug","ts":1743751338.5839717,"logger":"http.handlers.file_server","msg":"opening file","filename":"/tmp/appsmith/www/index.html"}
{"level":"debug","ts":1743751354.1515448,"logger":"http.handlers.rewrite","msg":"rewrote request","request":{"remote_ip":"::1","remote_port":"36450","client_ip":"::1","proto":"HTTP/1.1","method":"GET","host":"localhost","uri":"/index.html","headers":{"User-Agent":["curl/7.68.0"],"Accept":["*/*"],"X-Request-Id":["invalid_request_id"]}},"method":"GET","uri":"/index.html"}
{"level":"debug","ts":1743751354.1516356,"logger":"http.handlers.file_server","msg":"sanitized path join","site_root":"/tmp/appsmith/www","fs":"","request_path":"/index.html","result":"/tmp/appsmith/www/index.html"}
{"level":"debug","ts":1743751354.1516888,"logger":"http.handlers.file_server","msg":"opening file","filename":"/tmp/appsmith/www/index.html"}
{"level":"debug","ts":1743751369.6347272,"logger":"http.handlers.rewrite","msg":"rewrote request","request":{"remote_ip":"::1","remote_port":"60868","client_ip":"::1","proto":"HTTP/1.1","method":"GET","host":"localhost","uri":"/index.html","headers":{"Accept":["*/*"],"X-Request-Id":["invalid_request_id"],"User-Agent":["curl/7.68.0"]}},"method":"GET","uri":"/index.html"}
{"level":"debug","ts":1743751369.6348035,"logger":"http.handlers.file_server","msg":"sanitized path join","site_root":"/tmp/appsmith/www","fs":"","request_path":"/index.html","result":"/tmp/appsmith/www/index.html"}
{"level":"debug","ts":1743751369.634846,"logger":"http.handlers.file_server","msg":"opening file","filename":"/tmp/appsmith/www/index.html"}
{"level":"debug","ts":1743751385.2026567,"logger":"http.handlers.rewrite","msg":"rewrote request","request":{"remote_ip":"::1","remote_port":"58750","client_ip":"::1","proto":"HTTP/1.1","method":"GET","host":"localhost","uri":"/index.html","headers":{"User-Agent":["curl/7.68.0"],"Accept":["*/*"],"X-Request-Id":["invalid_request_id"]}},"method":"GET","uri":"/index.html"}
{"level":"debug","ts":1743751385.20275,"logger":"http.handlers.file_server","msg":"sanitized path join","site_root":"/tmp/appsmith/www","fs":"","request_path":"/index.html","result":"/tmp/appsmith/www/index.html"}
{"level":"debug","ts":1743751385.2027924,"logger":"http.handlers.file_server","msg":"opening file","filename":"/tmp/appsmith/www/index.html"}
{"level":"debug","ts":1743751401.1678967,"logger":"http.handlers.rewrite","msg":"rewrote request","request":{"remote_ip":"::1","remote_port":"37826","client_ip":"::1","proto":"HTTP/1.1","method":"GET","host":"localhost","uri":"/index.html","headers":{"X-Request-Id":["invalid_request_id"],"User-Agent":["curl/7.68.0"],"Accept":["*/*"]}},"method":"GET","uri":"/index.html"}
{"level":"debug","ts":1743751401.1679542,"logger":"http.handlers.file_server","msg":"sanitized path join","site_root":"/tmp/appsmith/www","fs":"","request_path":"/index.html","result":"/tmp/appsmith/www/index.html"}
{"level":"debug","ts":1743751401.1680284,"logger":"http.handlers.file_server","msg":"opening file","filename":"/tmp/appsmith/www/index.html"}
{"level":"debug","ts":1743751416.8548663,"logger":"http.handlers.rewrite","msg":"rewrote request","request":{"remote_ip":"::1","remote_port":"39498","client_ip":"::1","proto":"HTTP/1.1","method":"GET","host":"localhost","uri":"/index.html","headers":{"User-Agent":["curl/7.68.0"],"Accept":["*/*"],"X-Request-Id":["invalid_request_id"]}},"method":"GET","uri":"/index.html"}
{"level":"debug","ts":1743751416.8549495,"logger":"http.handlers.file_server","msg":"sanitized path join","site_root":"/tmp/appsmith/www","fs":"","request_path":"/index.html","result":"/tmp/appsmith/www/index.html"}
{"level":"debug","ts":1743751416.8549967,"logger":"http.handlers.file_server","msg":"opening file","filename":"/tmp/appsmith/www/index.html"}
{"level":"debug","ts":1743751432.4285426,"logger":"http.handlers.rewrite","msg":"rewrote request","request":{"remote_ip":"::1","remote_port":"57092","client_ip":"::1","proto":"HTTP/1.1","method":"GET","host":"localhost","uri":"/index.html","headers":{"User-Agent":["curl/7.68.0"],"Accept":["*/*"],"X-Request-Id":["invalid_request_id"]}},"method":"GET","uri":"/index.html"}
{"level":"debug","ts":1743751432.428617,"logger":"http.handlers.file_server","msg":"sanitized path join","site_root":"/tmp/appsmith/www","fs":"","request_path":"/index.html","result":"/tmp/appsmith/www/index.html"}
{"level":"debug","ts":1743751432.428663,"logger":"http.handlers.file_server","msg":"opening file","filename":"/tmp/appsmith/www/index.html"}
{"level":"debug","ts":1743751448.1110237,"logger":"http.handlers.rewrite","msg":"rewrote request","request":{"remote_ip":"::1","remote_port":"45758","client_ip":"::1","proto":"HTTP/1.1","method":"GET","host":"localhost","uri":"/index.html","headers":{"User-Agent":["curl/7.68.0"],"Accept":["*/*"],"X-Request-Id":["invalid_request_id"]}},"method":"GET","uri":"/index.html"}
{"level":"debug","ts":1743751448.1111007,"logger":"http.handlers.file_server","msg":"sanitized path join","site_root":"/tmp/appsmith/www","fs":"","request_path":"/index.html","result":"/tmp/appsmith/www/index.html"}
{"level":"debug","ts":1743751448.1111488,"logger":"http.handlers.file_server","msg":"opening file","filename":"/tmp/appsmith/www/index.html"}
{"level":"debug","ts":1743751463.9128506,"logger":"http.handlers.rewrite","msg":"rewrote request","request":{"remote_ip":"::1","remote_port":"49146","client_ip":"::1","proto":"HTTP/1.1","method":"GET","host":"localhost","uri":"/index.html","headers":{"User-Agent":["curl/7.68.0"],"Accept":["*/*"],"X-Request-Id":["invalid_request_id"]}},"method":"GET","uri":"/index.html"}
{"level":"debug","ts":1743751463.9129505,"logger":"http.handlers.file_server","msg":"sanitized path join","site_root":"/tmp/appsmith/www","fs":"","request_path":"/index.html","result":"/tmp/appsmith/www/index.html"}
{"level":"debug","ts":1743751463.913036,"logger":"http.handlers.file_server","msg":"opening file","filename":"/tmp/appsmith/www/index.html"}
{"level":"debug","ts":1743751479.484391,"logger":"http.handlers.rewrite","msg":"rewrote request","request":{"remote_ip":"::1","remote_port":"59334","client_ip":"::1","proto":"HTTP/1.1","method":"GET","host":"localhost","uri":"/index.html","headers":{"User-Agent":["curl/7.68.0"],"Accept":["*/*"],"X-Request-Id":["invalid_request_id"]}},"method":"GET","uri":"/index.html"}
{"level":"debug","ts":1743751479.4844637,"logger":"http.handlers.file_server","msg":"sanitized path join","site_root":"/tmp/appsmith/www","fs":"","request_path":"/index.html","result":"/tmp/appsmith/www/index.html"}
{"level":"debug","ts":1743751479.4845042,"logger":"http.handlers.file_server","msg":"opening file","filename":"/tmp/appsmith/www/index.html"}
{"level":"debug","ts":1743751495.6366577,"logger":"http.handlers.rewrite","msg":"rewrote request","request":{"remote_ip":"::1","remote_port":"38744","client_ip":"::1","proto":"HTTP/1.1","method":"GET","host":"localhost","uri":"/index.html","headers":{"User-Agent":["curl/7.68.0"],"Accept":["*/*"],"X-Request-Id":["invalid_request_id"]}},"method":"GET","uri":"/index.html"}
{"level":"debug","ts":1743751495.6367552,"logger":"http.handlers.file_server","msg":"sanitized path join","site_root":"/tmp/appsmith/www","fs":"","request_path":"/index.html","result":"/tmp/appsmith/www/index.html"}
{"level":"debug","ts":1743751495.6368034,"logger":"http.handlers.file_server","msg":"opening file","filename":"/tmp/appsmith/www/index.html"}
{"level":"debug","ts":1743751511.6153016,"logger":"http.handlers.rewrite","msg":"rewrote request","request":{"remote_ip":"::1","remote_port":"51206","client_ip":"::1","proto":"HTTP/1.1","method":"GET","host":"localhost","uri":"/index.html","headers":{"User-Agent":["curl/7.68.0"],"Accept":["*/*"],"X-Request-Id":["invalid_request_id"]}},"method":"GET","uri":"/index.html"}
{"level":"debug","ts":1743751511.6153395,"logger":"http.handlers.file_server","msg":"sanitized path join","site_root":"/tmp/appsmith/www","fs":"","request_path":"/index.html","result":"/tmp/appsmith/www/index.html"}
{"level":"debug","ts":1743751511.6153703,"logger":"http.handlers.file_server","msg":"opening file","filename":"/tmp/appsmith/www/index.html"}
{"level":"debug","ts":1743751527.23908,"logger":"http.handlers.rewrite","msg":"rewrote request","request":{"remote_ip":"::1","remote_port":"48360","client_ip":"::1","proto":"HTTP/1.1","method":"GET","host":"localhost","uri":"/index.html","headers":{"User-Agent":["curl/7.68.0"],"Accept":["*/*"],"X-Request-Id":["invalid_request_id"]}},"method":"GET","uri":"/index.html"}
{"level":"debug","ts":1743751527.2391758,"logger":"http.handlers.file_server","msg":"sanitized path join","site_root":"/tmp/appsmith/www","fs":"","request_path":"/index.html","result":"/tmp/appsmith/www/index.html"}
{"level":"debug","ts":1743751527.2392666,"logger":"http.handlers.file_server","msg":"opening file","filename":"/tmp/appsmith/www/index.html"}
{"level":"debug","ts":1743751542.8921583,"logger":"http.handlers.rewrite","msg":"rewrote request","request":{"remote_ip":"::1","remote_port":"40906","client_ip":"::1","proto":"HTTP/1.1","method":"GET","host":"localhost","uri":"/index.html","headers":{"User-Agent":["curl/7.68.0"],"Accept":["*/*"],"X-Request-Id":["invalid_request_id"]}},"method":"GET","uri":"/index.html"}
{"level":"debug","ts":1743751542.8922145,"logger":"http.handlers.file_server","msg":"sanitized path join","site_root":"/tmp/appsmith/www","fs":"","request_path":"/index.html","result":"/tmp/appsmith/www/index.html"}
{"level":"debug","ts":1743751542.8922658,"logger":"http.handlers.file_server","msg":"opening file","filename":"/tmp/appsmith/www/index.html"}
{"level":"debug","ts":1743751558.8842134,"logger":"http.handlers.rewrite","msg":"rewrote request","request":{"remote_ip":"::1","remote_port":"52604","client_ip":"::1","proto":"HTTP/1.1","method":"GET","host":"localhost","uri":"/index.html","headers":{"Accept":["*/*"],"X-Request-Id":["invalid_request_id"],"User-Agent":["curl/7.68.0"]}},"method":"GET","uri":"/index.html"}
{"level":"debug","ts":1743751558.884298,"logger":"http.handlers.file_server","msg":"sanitized path join","site_root":"/tmp/appsmith/www","fs":"","request_path":"/index.html","result":"/tmp/appsmith/www/index.html"}
{"level":"debug","ts":1743751558.8843496,"logger":"http.handlers.file_server","msg":"opening file","filename":"/tmp/appsmith/www/index.html"}
{"level":"debug","ts":1743751574.4791398,"logger":"http.handlers.rewrite","msg":"rewrote request","request":{"remote_ip":"::1","remote_port":"57120","client_ip":"::1","proto":"HTTP/1.1","method":"GET","host":"localhost","uri":"/index.html","headers":{"User-Agent":["curl/7.68.0"],"Accept":["*/*"],"X-Request-Id":["invalid_request_id"]}},"method":"GET","uri":"/index.html"}
{"level":"debug","ts":1743751574.4792206,"logger":"http.handlers.file_server","msg":"sanitized path join","site_root":"/tmp/appsmith/www","fs":"","request_path":"/index.html","result":"/tmp/appsmith/www/index.html"}
{"level":"debug","ts":1743751574.4792683,"logger":"http.handlers.file_server","msg":"opening file","filename":"/tmp/appsmith/www/index.html"}
{"level":"debug","ts":1743751590.055557,"logger":"http.handlers.rewrite","msg":"rewrote request","request":{"remote_ip":"::1","remote_port":"41236","client_ip":"::1","proto":"HTTP/1.1","method":"GET","host":"localhost","uri":"/index.html","headers":{"User-Agent":["curl/7.68.0"],"Accept":["*/*"],"X-Request-Id":["invalid_request_id"]}},"method":"GET","uri":"/index.html"}
{"level":"debug","ts":1743751590.0556455,"logger":"http.handlers.file_server","msg":"sanitized path join","site_root":"/tmp/appsmith/www","fs":"","request_path":"/index.html","result":"/tmp/appsmith/www/index.html"}
{"level":"debug","ts":1743751590.0556853,"logger":"http.handlers.file_server","msg":"opening file","filename":"/tmp/appsmith/www/index.html"}
{"level":"debug","ts":1743751605.7422836,"logger":"http.handlers.rewrite","msg":"rewrote request","request":{"remote_ip":"::1","remote_port":"56462","client_ip":"::1","proto":"HTTP/1.1","method":"GET","host":"localhost","uri":"/index.html","headers":{"User-Agent":["curl/7.68.0"],"Accept":["*/*"],"X-Request-Id":["invalid_request_id"]}},"method":"GET","uri":"/index.html"}
{"level":"debug","ts":1743751605.7423704,"logger":"http.handlers.file_server","msg":"sanitized path join","site_root":"/tmp/appsmith/www","fs":"","request_path":"/index.html","result":"/tmp/appsmith/www/index.html"}
{"level":"debug","ts":1743751605.7424188,"logger":"http.handlers.file_server","msg":"opening file","filename":"/tmp/appsmith/www/index.html"}
{"level":"debug","ts":1743751621.733215,"logger":"http.handlers.rewrite","msg":"rewrote request","request":{"remote_ip":"::1","remote_port":"36656","client_ip":"::1","proto":"HTTP/1.1","method":"GET","host":"localhost","uri":"/index.html","headers":{"User-Agent":["curl/7.68.0"],"Accept":["*/*"],"X-Request-Id":["invalid_request_id"]}},"method":"GET","uri":"/index.html"}
{"level":"debug","ts":1743751621.7333083,"logger":"http.handlers.file_server","msg":"sanitized path join","site_root":"/tmp/appsmith/www","fs":"","request_path":"/index.html","result":"/tmp/appsmith/www/index.html"}
{"level":"debug","ts":1743751621.7333522,"logger":"http.handlers.file_server","msg":"opening file","filename":"/tmp/appsmith/www/index.html"}
{"level":"debug","ts":1743751637.3033278,"logger":"http.handlers.rewrite","msg":"rewrote request","request":{"remote_ip":"::1","remote_port":"49076","client_ip":"::1","proto":"HTTP/1.1","method":"GET","host":"localhost","uri":"/index.html","headers":{"Accept":["*/*"],"X-Request-Id":["invalid_request_id"],"User-Agent":["curl/7.68.0"]}},"method":"GET","uri":"/index.html"}
{"level":"debug","ts":1743751637.3033607,"logger":"http.handlers.file_server","msg":"sanitized path join","site_root":"/tmp/appsmith/www","fs":"","request_path":"/index.html","result":"/tmp/appsmith/www/index.html"}
{"level":"debug","ts":1743751637.303394,"logger":"http.handlers.file_server","msg":"opening file","filename":"/tmp/appsmith/www/index.html"}
{"level":"debug","ts":1743751653.888759,"logger":"http.handlers.rewrite","msg":"rewrote request","request":{"remote_ip":"::1","remote_port":"50198","client_ip":"::1","proto":"HTTP/1.1","method":"GET","host":"localhost","uri":"/index.html","headers":{"User-Agent":["curl/7.68.0"],"Accept":["*/*"],"X-Request-Id":["invalid_request_id"]}},"method":"GET","uri":"/index.html"}
{"level":"debug","ts":1743751653.8888645,"logger":"http.handlers.file_server","msg":"sanitized path join","site_root":"/tmp/appsmith/www","fs":"","request_path":"/index.html","result":"/tmp/appsmith/www/index.html"}
{"level":"debug","ts":1743751653.8889048,"logger":"http.handlers.file_server","msg":"opening file","filename":"/tmp/appsmith/www/index.html"}
{"level":"debug","ts":1743751669.5860305,"logger":"http.handlers.rewrite","msg":"rewrote request","request":{"remote_ip":"::1","remote_port":"37574","client_ip":"::1","proto":"HTTP/1.1","method":"GET","host":"localhost","uri":"/index.html","headers":{"User-Agent":["curl/7.68.0"],"Accept":["*/*"],"X-Request-Id":["invalid_request_id"]}},"method":"GET","uri":"/index.html"}
{"level":"debug","ts":1743751669.586155,"logger":"http.handlers.file_server","msg":"sanitized path join","site_root":"/tmp/appsmith/www","fs":"","request_path":"/index.html","result":"/tmp/appsmith/www/index.html"}
{"level":"debug","ts":1743751669.5862033,"logger":"http.handlers.file_server","msg":"opening file","filename":"/tmp/appsmith/www/index.html"}
{"level":"debug","ts":1743751685.40559,"logger":"http.handlers.rewrite","msg":"rewrote request","request":{"remote_ip":"::1","remote_port":"58262","client_ip":"::1","proto":"HTTP/1.1","method":"GET","host":"localhost","uri":"/index.html","headers":{"User-Agent":["curl/7.68.0"],"Accept":["*/*"],"X-Request-Id":["invalid_request_id"]}},"method":"GET","uri":"/index.html"}
{"level":"debug","ts":1743751685.4056776,"logger":"http.handlers.file_server","msg":"sanitized path join","site_root":"/tmp/appsmith/www","fs":"","request_path":"/index.html","result":"/tmp/appsmith/www/index.html"}
{"level":"debug","ts":1743751685.4057295,"logger":"http.handlers.file_server","msg":"opening file","filename":"/tmp/appsmith/www/index.html"}
{"level":"debug","ts":1743751701.1348114,"logger":"http.handlers.rewrite","msg":"rewrote request","request":{"remote_ip":"::1","remote_port":"41840","client_ip":"::1","proto":"HTTP/1.1","method":"GET","host":"localhost","uri":"/index.html","headers":{"User-Agent":["curl/7.68.0"],"Accept":["*/*"],"X-Request-Id":["invalid_request_id"]}},"method":"GET","uri":"/index.html"}
{"level":"debug","ts":1743751701.134906,"logger":"http.handlers.file_server","msg":"sanitized path join","site_root":"/tmp/appsmith/www","fs":"","request_path":"/index.html","result":"/tmp/appsmith/www/index.html"}
{"level":"debug","ts":1743751701.1350827,"logger":"http.handlers.file_server","msg":"opening file","filename":"/tmp/appsmith/www/index.html"}
{"level":"debug","ts":1743751716.7623405,"logger":"http.handlers.rewrite","msg":"rewrote request","request":{"remote_ip":"::1","remote_port":"35266","client_ip":"::1","proto":"HTTP/1.1","method":"GET","host":"localhost","uri":"/index.html","headers":{"User-Agent":["curl/7.68.0"],"Accept":["*/*"],"X-Request-Id":["invalid_request_id"]}},"method":"GET","uri":"/index.html"}
{"level":"debug","ts":1743751716.7624278,"logger":"http.handlers.file_server","msg":"sanitized path join","site_root":"/tmp/appsmith/www","fs":"","request_path":"/index.html","result":"/tmp/appsmith/www/index.html"}
{"level":"debug","ts":1743751716.7624726,"logger":"http.handlers.file_server","msg":"opening file","filename":"/tmp/appsmith/www/index.html"}
{"level":"debug","ts":1743751732.3785875,"logger":"http.handlers.rewrite","msg":"rewrote request","request":{"remote_ip":"::1","remote_port":"55238","client_ip":"::1","proto":"HTTP/1.1","method":"GET","host":"localhost","uri":"/index.html","headers":{"User-Agent":["curl/7.68.0"],"Accept":["*/*"],"X-Request-Id":["invalid_request_id"]}},"method":"GET","uri":"/index.html"}
{"level":"debug","ts":1743751732.3786328,"logger":"http.handlers.file_server","msg":"sanitized path join","site_root":"/tmp/appsmith/www","fs":"","request_path":"/index.html","result":"/tmp/appsmith/www/index.html"}
{"level":"debug","ts":1743751732.3786821,"logger":"http.handlers.file_server","msg":"opening file","filename":"/tmp/appsmith/www/index.html"}
{"level":"debug","ts":1743751748.210401,"logger":"http.handlers.rewrite","msg":"rewrote request","request":{"remote_ip":"::1","remote_port":"51650","client_ip":"::1","proto":"HTTP/1.1","method":"GET","host":"localhost","uri":"/index.html","headers":{"User-Agent":["curl/7.68.0"],"Accept":["*/*"],"X-Request-Id":["invalid_request_id"]}},"method":"GET","uri":"/index.html"}
{"level":"debug","ts":1743751748.2104874,"logger":"http.handlers.file_server","msg":"sanitized path join","site_root":"/tmp/appsmith/www","fs":"","request_path":"/index.html","result":"/tmp/appsmith/www/index.html"}
{"level":"debug","ts":1743751748.2105417,"logger":"http.handlers.file_server","msg":"opening file","filename":"/tmp/appsmith/www/index.html"}
{"level":"debug","ts":1743751764.6701758,"logger":"http.handlers.rewrite","msg":"rewrote request","request":{"remote_ip":"::1","remote_port":"51408","client_ip":"::1","proto":"HTTP/1.1","method":"GET","host":"localhost","uri":"/index.html","headers":{"X-Request-Id":["invalid_request_id"],"User-Agent":["curl/7.68.0"],"Accept":["*/*"]}},"method":"GET","uri":"/index.html"}
{"level":"debug","ts":1743751764.6702497,"logger":"http.handlers.file_server","msg":"sanitized path join","site_root":"/tmp/appsmith/www","fs":"","request_path":"/index.html","result":"/tmp/appsmith/www/index.html"}
{"level":"debug","ts":1743751764.6702888,"logger":"http.handlers.file_server","msg":"opening file","filename":"/tmp/appsmith/www/index.html"}
{"level":"debug","ts":1743751780.782833,"logger":"http.handlers.rewrite","msg":"rewrote request","request":{"remote_ip":"::1","remote_port":"39250","client_ip":"::1","proto":"HTTP/1.1","method":"GET","host":"localhost","uri":"/index.html","headers":{"User-Agent":["curl/7.68.0"],"Accept":["*/*"],"X-Request-Id":["invalid_request_id"]}},"method":"GET","uri":"/index.html"}
{"level":"debug","ts":1743751780.782985,"logger":"http.handlers.file_server","msg":"sanitized path join","site_root":"/tmp/appsmith/www","fs":"","request_path":"/index.html","result":"/tmp/appsmith/www/index.html"}
{"level":"debug","ts":1743751780.7830384,"logger":"http.handlers.file_server","msg":"opening file","filename":"/tmp/appsmith/www/index.html"}
{"level":"debug","ts":1743751796.5503902,"logger":"http.handlers.rewrite","msg":"rewrote request","request":{"remote_ip":"::1","remote_port":"33254","client_ip":"::1","proto":"HTTP/1.1","method":"GET","host":"localhost","uri":"/index.html","headers":{"User-Agent":["curl/7.68.0"],"Accept":["*/*"],"X-Request-Id":["invalid_request_id"]}},"method":"GET","uri":"/index.html"}
{"level":"debug","ts":1743751796.550481,"logger":"http.handlers.file_server","msg":"sanitized path join","site_root":"/tmp/appsmith/www","fs":"","request_path":"/index.html","result":"/tmp/appsmith/www/index.html"}
{"level":"debug","ts":1743751796.550539,"logger":"http.handlers.file_server","msg":"opening file","filename":"/tmp/appsmith/www/index.html"}
{"level":"debug","ts":1743751812.8336427,"logger":"http.handlers.rewrite","msg":"rewrote request","request":{"remote_ip":"::1","remote_port":"52114","client_ip":"::1","proto":"HTTP/1.1","method":"GET","host":"localhost","uri":"/index.html","headers":{"User-Agent":["curl/7.68.0"],"Accept":["*/*"],"X-Request-Id":["invalid_request_id"]}},"method":"GET","uri":"/index.html"}
{"level":"debug","ts":1743751812.833744,"logger":"http.handlers.file_server","msg":"sanitized path join","site_root":"/tmp/appsmith/www","fs":"","request_path":"/index.html","result":"/tmp/appsmith/www/index.html"}
{"level":"debug","ts":1743751812.8338094,"logger":"http.handlers.file_server","msg":"opening file","filename":"/tmp/appsmith/www/index.html"}
{"level":"debug","ts":1743751829.02485,"logger":"http.handlers.rewrite","msg":"rewrote request","request":{"remote_ip":"::1","remote_port":"46694","client_ip":"::1","proto":"HTTP/1.1","method":"GET","host":"localhost","uri":"/index.html","headers":{"User-Agent":["curl/7.68.0"],"Accept":["*/*"],"X-Request-Id":["invalid_request_id"]}},"method":"GET","uri":"/index.html"}
{"level":"debug","ts":1743751829.0249636,"logger":"http.handlers.file_server","msg":"sanitized path join","site_root":"/tmp/appsmith/www","fs":"","request_path":"/index.html","result":"/tmp/appsmith/www/index.html"}
{"level":"debug","ts":1743751829.0250125,"logger":"http.handlers.file_server","msg":"opening file","filename":"/tmp/appsmith/www/index.html"}
{"level":"debug","ts":1743751844.8435085,"logger":"http.handlers.rewrite","msg":"rewrote request","request":{"remote_ip":"::1","remote_port":"33548","client_ip":"::1","proto":"HTTP/1.1","method":"GET","host":"localhost","uri":"/index.html","headers":{"User-Agent":["curl/7.68.0"],"Accept":["*/*"],"X-Request-Id":["invalid_request_id"]}},"method":"GET","uri":"/index.html"}
{"level":"debug","ts":1743751844.843574,"logger":"http.handlers.file_server","msg":"sanitized path join","site_root":"/tmp/appsmith/www","fs":"","request_path":"/index.html","result":"/tmp/appsmith/www/index.html"}
{"level":"debug","ts":1743751844.8436263,"logger":"http.handlers.file_server","msg":"opening file","filename":"/tmp/appsmith/www/index.html"}
{"level":"debug","ts":1743751860.7842095,"logger":"http.handlers.rewrite","msg":"rewrote request","request":{"remote_ip":"::1","remote_port":"60196","client_ip":"::1","proto":"HTTP/1.1","method":"GET","host":"localhost","uri":"/index.html","headers":{"User-Agent":["curl/7.68.0"],"Accept":["*/*"],"X-Request-Id":["invalid_request_id"]}},"method":"GET","uri":"/index.html"}
{"level":"debug","ts":1743751860.7843077,"logger":"http.handlers.file_server","msg":"sanitized path join","site_root":"/tmp/appsmith/www","fs":"","request_path":"/index.html","result":"/tmp/appsmith/www/index.html"}
{"level":"debug","ts":1743751860.7843573,"logger":"http.handlers.file_server","msg":"opening file","filename":"/tmp/appsmith/www/index.html"}
{"level":"debug","ts":1743751876.6330926,"logger":"http.handlers.rewrite","msg":"rewrote request","request":{"remote_ip":"::1","remote_port":"47900","client_ip":"::1","proto":"HTTP/1.1","method":"GET","host":"localhost","uri":"/index.html","headers":{"User-Agent":["curl/7.68.0"],"Accept":["*/*"],"X-Request-Id":["invalid_request_id"]}},"method":"GET","uri":"/index.html"}
{"level":"debug","ts":1743751876.6331894,"logger":"http.handlers.file_server","msg":"sanitized path join","site_root":"/tmp/appsmith/www","fs":"","request_path":"/index.html","result":"/tmp/appsmith/www/index.html"}
{"level":"debug","ts":1743751876.633233,"logger":"http.handlers.file_server","msg":"opening file","filename":"/tmp/appsmith/www/index.html"}
{"level":"debug","ts":1743751892.769819,"logger":"http.handlers.rewrite","msg":"rewrote request","request":{"remote_ip":"::1","remote_port":"50738","client_ip":"::1","proto":"HTTP/1.1","method":"GET","host":"localhost","uri":"/index.html","headers":{"User-Agent":["curl/7.68.0"],"Accept":["*/*"],"X-Request-Id":["invalid_request_id"]}},"method":"GET","uri":"/index.html"}
{"level":"debug","ts":1743751892.7699485,"logger":"http.handlers.file_server","msg":"sanitized path join","site_root":"/tmp/appsmith/www","fs":"","request_path":"/index.html","result":"/tmp/appsmith/www/index.html"}
{"level":"debug","ts":1743751892.770002,"logger":"http.handlers.file_server","msg":"opening file","filename":"/tmp/appsmith/www/index.html"}
{"level":"debug","ts":1743751908.6280165,"logger":"http.handlers.rewrite","msg":"rewrote request","request":{"remote_ip":"::1","remote_port":"46870","client_ip":"::1","proto":"HTTP/1.1","method":"GET","host":"localhost","uri":"/index.html","headers":{"User-Agent":["curl/7.68.0"],"Accept":["*/*"],"X-Request-Id":["invalid_request_id"]}},"method":"GET","uri":"/index.html"}
{"level":"debug","ts":1743751908.6280696,"logger":"http.handlers.file_server","msg":"sanitized path join","site_root":"/tmp/appsmith/www","fs":"","request_path":"/index.html","result":"/tmp/appsmith/www/index.html"}
{"level":"debug","ts":1743751908.6281042,"logger":"http.handlers.file_server","msg":"opening file","filename":"/tmp/appsmith/www/index.html"}
{"level":"debug","ts":1743751924.7397406,"logger":"http.handlers.rewrite","msg":"rewrote request","request":{"remote_ip":"::1","remote_port":"49520","client_ip":"::1","proto":"HTTP/1.1","method":"GET","host":"localhost","uri":"/index.html","headers":{"User-Agent":["curl/7.68.0"],"Accept":["*/*"],"X-Request-Id":["invalid_request_id"]}},"method":"GET","uri":"/index.html"}
{"level":"debug","ts":1743751924.7398002,"logger":"http.handlers.file_server","msg":"sanitized path join","site_root":"/tmp/appsmith/www","fs":"","request_path":"/index.html","result":"/tmp/appsmith/www/index.html"}
{"level":"debug","ts":1743751924.7398582,"logger":"http.handlers.file_server","msg":"opening file","filename":"/tmp/appsmith/www/index.html"}
{"level":"info","ts":1743751928.296902,"msg":"quitting process immediately","signal":"SIGQUIT"}
